regi_url;regi_utvonal;tipus;nev;shoprenter_id;cikkszam;uj_slug;javasolt_uj_utvonal;opcionalis_tisztitott_slug;opcionalis_tisztitott_utvonal;lapos_linkkel_valtozatlan;megjegyzes
https://elektromos-roller.net/kukirin-g2-premium-foliaszett-carbon-tribal-pink;/kukirin-g2-premium-foliaszett-carbon-tribal-pink;termek;Kukirin G2 prémium fóliaszett – Carbon Tribal Pink;2734;WHSHMTRC01;kukirin-g2-premium-foliaszett-carbon-tribal-pink;/termek/kukirin-g2-premium-foliaszett-carbon-tribal-pink/;;;true;
https://elektromos-roller.net/kukirin-g2-premium-foliaszett-piros;/kukirin-g2-premium-foliaszett-piros;termek;Kukirin G2 prémium fóliaszett - Racing;2747;WHSHMTRC02;kukirin-g2-premium-foliaszett-piros;/termek/kukirin-g2-premium-foliaszett-piros/;;;true;
https://elektromos-roller.net/kukirin-g2-premium-foliaszett-marble-pink;/kukirin-g2-premium-foliaszett-marble-pink;termek;Kukirin G2 prémium fóliaszett – Marble Pink;2750;WHSHMTRC03;kukirin-g2-premium-foliaszett-marble-pink;/termek/kukirin-g2-premium-foliaszett-marble-pink/;;;true;
https://elektromos-roller.net/kukirin-g2-premium-foliaszett-silver-holograpich;/kukirin-g2-premium-foliaszett-silver-holograpich;termek;Kukirin G2 prémium fóliaszett – Silver Holograpich;2753;WHSHMTRC04;kukirin-g2-premium-foliaszett-silver-holograpich;/termek/kukirin-g2-premium-foliaszett-silver-holograpich/;;;true;
https://elektromos-roller.net/kukirin-g2-premium-foliaszett-blue-flames;/kukirin-g2-premium-foliaszett-blue-flames;termek;Kukirin G2 prémium fóliaszett – Blue Flames;2755;WHSHMTRC05;kukirin-g2-premium-foliaszett-blue-flames;/termek/kukirin-g2-premium-foliaszett-blue-flames/;;;true;
https://elektromos-roller.net/kukirin-g4-premium-foliaszett-marmol-red;/kukirin-g4-premium-foliaszett-marmol-red;termek;Kukirin G4 prémium fóliaszett – Marmol Red;2758;WHSHMTRC06;kukirin-g4-premium-foliaszett-marmol-red;/termek/kukirin-g4-premium-foliaszett-marmol-red/;;;true;
https://elektromos-roller.net/kukirin-g4-premium-foliaszett-carbon-tribal-pink;/kukirin-g4-premium-foliaszett-carbon-tribal-pink;termek;Kukirin G4 prémium fóliaszett – Carbon Tribal Pink;2760;WHSHMTRC08;kukirin-g4-premium-foliaszett-carbon-tribal-pink;/termek/kukirin-g4-premium-foliaszett-carbon-tribal-pink/;;;true;
https://elektromos-roller.net/kukirin-g4-premium-foliaszett-tribal-flour;/kukirin-g4-premium-foliaszett-tribal-flour;termek;Kukirin G4 prémium fóliaszett – Tribal Flour;2763;WHSHMTRC06-másolata-2;kukirin-g4-premium-foliaszett-tribal-flour;/termek/kukirin-g4-premium-foliaszett-tribal-flour/;;;true;
https://elektromos-roller.net/kukirin-g2-master-premium-foliaszett-carbon-tribal-pink;/kukirin-g2-master-premium-foliaszett-carbon-tribal-pink;termek;Kukirin G2 Master prémium fóliaszett – Carbon Tribal  Pink;2766;WHSHFLG2MSTRCTP;kukirin-g2-master-premium-foliaszett-carbon-tribal-pink;/termek/kukirin-g2-master-premium-foliaszett-carbon-tribal-pink/;;;true;
https://elektromos-roller.net/kukirin-g2-master-premium-foliaszett-marmol-pink;/kukirin-g2-master-premium-foliaszett-marmol-pink;termek;Kukirin G2 Master prémium fóliaszett – Marmol Pink;2767;WHSHFLG2MSTRMP;kukirin-g2-master-premium-foliaszett-marmol-pink;/termek/kukirin-g2-master-premium-foliaszett-marmol-pink/;;;true;
https://elektromos-roller.net/kukirin-g2-master-premium-foliaszett-carbon-tribal-green;/kukirin-g2-master-premium-foliaszett-carbon-tribal-green;termek;Kukirin G2 Master prémium fóliaszett – Carbon Tribal  Green;2769;WHSHFLG2MSTRCTG;kukirin-g2-master-premium-foliaszett-carbon-tribal-green;/termek/kukirin-g2-master-premium-foliaszett-carbon-tribal-green/;;;true;
https://elektromos-roller.net/kukirin-g2-pro-g2-max-premium-foliaszett-mcqueen-red;/kukirin-g2-pro-g2-max-premium-foliaszett-mcqueen-red;termek;Kukirin G2 PRO / KUKIRIN G2 MAX prémium fóliaszett - MCQUEEN RED;2770;WHSHFLG2PRMX;kukirin-g2-pro-g2-max-premium-foliaszett-mcqueen-red;/termek/kukirin-g2-pro-g2-max-premium-foliaszett-mcqueen-red/;;;true;
https://elektromos-roller.net/kukirin-g2-master-premium-foliaszett-carbon-tribal-fluor-2771;/kukirin-g2-master-premium-foliaszett-carbon-tribal-fluor-2771;termek;Kukirin G2 Master prémium fóliaszett – Competition Racing;2771;WHSHFLG2MSTRCTR;kukirin-g2-master-premium-foliaszett-carbon-tribal-fluor-2771;/termek/kukirin-g2-master-premium-foliaszett-carbon-tribal-fluor-2771/;kukirin-g2-master-premium-foliaszett-carbon-tribal-fluor;/termek/kukirin-g2-master-premium-foliaszett-carbon-tribal-fluor/;true;opcionálisan tisztítható: az -2771 utótag a Shoprenter azonosítója
https://elektromos-roller.net/kukirin-g2-master-premium-foliaszett-carbon-tribal-fluor-2774;/kukirin-g2-master-premium-foliaszett-carbon-tribal-fluor-2774;termek;Kukirin G2 Master prémium fóliaszett – Carbon Tribal  Fluor;2774;WHSHFLG2MSTRCTF-másolata-2;kukirin-g2-master-premium-foliaszett-carbon-tribal-fluor-2774;/termek/kukirin-g2-master-premium-foliaszett-carbon-tribal-fluor-2774/;kukirin-g2-master-premium-foliaszett-carbon-tribal-fluor;/termek/kukirin-g2-master-premium-foliaszett-carbon-tribal-fluor/;true;opcionálisan tisztítható: az -2774 utótag a Shoprenter azonosítója
https://elektromos-roller.net/kukirin-g2-master-premium-foliaszett-carbon-tribal-blue-2776;/kukirin-g2-master-premium-foliaszett-carbon-tribal-blue-2776;termek;Kukirin G2 Master prémium fóliaszett – Carbon Tribal  Blue;2776;WHSHFLG2MSTRCTB-másolata-1;kukirin-g2-master-premium-foliaszett-carbon-tribal-blue-2776;/termek/kukirin-g2-master-premium-foliaszett-carbon-tribal-blue-2776/;kukirin-g2-master-premium-foliaszett-carbon-tribal-blue;/termek/kukirin-g2-master-premium-foliaszett-carbon-tribal-blue/;true;opcionálisan tisztítható: az -2776 utótag a Shoprenter azonosítója
https://elektromos-roller.net/kukirin-g2-pro-kukirin-g2-max-premium-foliaszett-mcqueen-red-2777;/kukirin-g2-pro-kukirin-g2-max-premium-foliaszett-mcqueen-red-2777;termek;Kukirin G2 PRO / KUKIRIN G2 MAX prémium fóliaszett - RBF kit;2777;WHSHFLG2PRMXRBF;kukirin-g2-pro-kukirin-g2-max-premium-foliaszett-mcqueen-red-2777;/termek/kukirin-g2-pro-kukirin-g2-max-premium-foliaszett-mcqueen-red-2777/;kukirin-g2-pro-kukirin-g2-max-premium-foliaszett-mcqueen-red;/termek/kukirin-g2-pro-kukirin-g2-max-premium-foliaszett-mcqueen-red/;true;opcionálisan tisztítható: az -2777 utótag a Shoprenter azonosítója
https://elektromos-roller.net/kukirin-g2-feher-egyszinu-foliaszett;/kukirin-g2-feher-egyszinu-foliaszett;termek;Kukirin G2 egyszínű fóliaszett - Fehér;2779;WHSHFL1G2FHR;kukirin-g2-feher-egyszinu-foliaszett;/termek/kukirin-g2-feher-egyszinu-foliaszett/;;;true;
https://elektromos-roller.net/kukirin-g2-egyszinu-foliaszett-ciankek;/kukirin-g2-egyszinu-foliaszett-ciankek;termek;Kukirin G2 egyszínű fóliaszett -Ciánkék;2781;WHSHFL1G2CN;kukirin-g2-egyszinu-foliaszett-ciankek;/termek/kukirin-g2-egyszinu-foliaszett-ciankek/;;;true;
https://elektromos-roller.net/kukirin-g2-egyszinu-foliaszett-metalkek;/kukirin-g2-egyszinu-foliaszett-metalkek;termek;Kukirin G2 egyszínű fóliaszett -Metálkék;2782;WHSHFL1G2MTLKK;kukirin-g2-egyszinu-foliaszett-metalkek;/termek/kukirin-g2-egyszinu-foliaszett-metalkek/;;;true;
https://elektromos-roller.net/kukirin-g2-egyszinu-foliaszett-lila;/kukirin-g2-egyszinu-foliaszett-lila;termek;Kukirin G2 egyszínű fóliaszett - Lila;2783;WHSHFL1G2LL;kukirin-g2-egyszinu-foliaszett-lila;/termek/kukirin-g2-egyszinu-foliaszett-lila/;;;true;
https://elektromos-roller.net/kukirin-g2-egyszinu-foliaszett-zold;/kukirin-g2-egyszinu-foliaszett-zold;termek;Kukirin G2 egyszínű fóliaszett - Zöld;2784;WHSHFL1G2ZLD;kukirin-g2-egyszinu-foliaszett-zold;/termek/kukirin-g2-egyszinu-foliaszett-zold/;;;true;
https://elektromos-roller.net/kukirin-g2-master-egyszinu-foliaszett-feher;/kukirin-g2-master-egyszinu-foliaszett-feher;termek;Kukirin G2 Master egyszínű fóliaszett - Fehér;2785;WHSHFL1G2MFHR;kukirin-g2-master-egyszinu-foliaszett-feher;/termek/kukirin-g2-master-egyszinu-foliaszett-feher/;;;true;
https://elektromos-roller.net/kukirin-g2-master-egyszinu-foliaszett-ciankek;/kukirin-g2-master-egyszinu-foliaszett-ciankek;termek;Kukirin G2 Master egyszínű fóliaszett - Ciánkék;2790;WHSHFL1G2MCNKK;kukirin-g2-master-egyszinu-foliaszett-ciankek;/termek/kukirin-g2-master-egyszinu-foliaszett-ciankek/;;;true;
https://elektromos-roller.net/kukirin-g2-master-egyszinu-foliaszett-metalkek;/kukirin-g2-master-egyszinu-foliaszett-metalkek;termek;Kukirin G2 Master egyszínű fóliaszett - Metálkék;2793;WHSHFL1G2MMTLKK;kukirin-g2-master-egyszinu-foliaszett-metalkek;/termek/kukirin-g2-master-egyszinu-foliaszett-metalkek/;;;true;
https://elektromos-roller.net/kukirin-g2-master-egyszinu-foliaszett-lila;/kukirin-g2-master-egyszinu-foliaszett-lila;termek;Kukirin G2 Master egyszínű fóliaszett - Lila;2795;WHSHFL1G2MLL;kukirin-g2-master-egyszinu-foliaszett-lila;/termek/kukirin-g2-master-egyszinu-foliaszett-lila/;;;true;
https://elektromos-roller.net/kukirin-g2-master-egyszinu-foliaszett-zold;/kukirin-g2-master-egyszinu-foliaszett-zold;termek;Kukirin G2 Master egyszínű fóliaszett - Zöld;2797;WHSHFL1G2MZLD;kukirin-g2-master-egyszinu-foliaszett-zold;/termek/kukirin-g2-master-egyszinu-foliaszett-zold/;;;true;
https://elektromos-roller.net/vizallosag-1;/vizallosag-1;termek;Vízállóság növelése szolgáltatás - kisebb elektromos rollerek - 250W - 400W;2004;WHSH2024VZLLSG1;vizallosag-1;/termek/vizallosag-1/;;;true;
https://elektromos-roller.net/vizallosag-novelese-szolgaltatas-kozepes-elektromos-rollerek-500w;/vizallosag-novelese-szolgaltatas-kozepes-elektromos-rollerek-500w;termek;Vízállóság növelése szolgáltatás - közepes elektromos rollerek - 410W feletti - 1 motoros rollerek;2012;WHSH2024VZLLSG2;vizallosag-novelese-szolgaltatas-kozepes-elektromos-rollerek-500w;/termek/vizallosag-novelese-szolgaltatas-kozepes-elektromos-rollerek-500w/;;;true;
https://elektromos-roller.net/kedvezmenyes-csomag-elektromos-roller-kiegeszitok-biztonsagos-kozlekedes;/kedvezmenyes-csomag-elektromos-roller-kiegeszitok-biztonsagos-kozlekedes;termek;"Kedvezményes csomag - elektromos roller kiegészítők / ""BIZTONSÁGOS KÖZLEKEDÉS CSOMAG""";2020;WHSH2024unnepibiztonsagicsomag;kedvezmenyes-csomag-elektromos-roller-kiegeszitok-biztonsagos-kozlekedes;/termek/kedvezmenyes-csomag-elektromos-roller-kiegeszitok-biztonsagos-kozlekedes/;;;true;
https://elektromos-roller.net/kedvezmenyes-csomag-elektromos-roller-kiegeszitok-csomag;/kedvezmenyes-csomag-elektromos-roller-kiegeszitok-csomag;termek;"Kedvezményes csomag - elektromos roller kiegészítők / ""PASI CSOMAG"" - L-es LED-es sisakkal";2021;WHSH2024unnepicsomagpasiL;kedvezmenyes-csomag-elektromos-roller-kiegeszitok-csomag;/termek/kedvezmenyes-csomag-elektromos-roller-kiegeszitok-csomag/;;;true;
https://elektromos-roller.net/kedvezmenyes-csomag-elektromos-roller-kiegeszitok-pasi-csomag-s-es-sisakkal-2024;/kedvezmenyes-csomag-elektromos-roller-kiegeszitok-pasi-csomag-s-es-sisakkal-2024;termek;"Kedvezményes csomag - elektromos roller kiegészítők / ""PASI CSOMAG"" - S-es sisakkal";2024;WHSH2024unnepibiztonsagicsomagpasiL-S;kedvezmenyes-csomag-elektromos-roller-kiegeszitok-pasi-csomag-s-es-sisakkal-2024;/termek/kedvezmenyes-csomag-elektromos-roller-kiegeszitok-pasi-csomag-s-es-sisakkal-2024/;kedvezmenyes-csomag-elektromos-roller-kiegeszitok-pasi-csomag-s-es-sisakkal;/termek/kedvezmenyes-csomag-elektromos-roller-kiegeszitok-pasi-csomag-s-es-sisakkal/;true;opcionálisan tisztítható: az -2024 utótag a Shoprenter azonosítója
https://elektromos-roller.net/kedvezmenyes-csomag-elektromos-roller-kiegeszitok-csajos-csomag-s-es-sisakkal;/kedvezmenyes-csomag-elektromos-roller-kiegeszitok-csajos-csomag-s-es-sisakkal;termek;"Kedvezményes csomag - elektromos roller kiegészítők / ""CSAJOS"" - S-es sisakkal";2026;WHSH2024unnepibiztonsagicsomagcsajos-S-;kedvezmenyes-csomag-elektromos-roller-kiegeszitok-csajos-csomag-s-es-sisakkal;/termek/kedvezmenyes-csomag-elektromos-roller-kiegeszitok-csajos-csomag-s-es-sisakkal/;;;true;
https://elektromos-roller.net/kedvezmenyes-csomag-elektromos-roller-kiegeszitok-kek-csomag-m-sisak;/kedvezmenyes-csomag-elektromos-roller-kiegeszitok-kek-csomag-m-sisak;termek;"Kedvezményes csomag - elektromos roller kiegészítők / ""KÉK CSOMAG"" - M-es sisakkal";2029;WHSH2024unnepibiztonsagicsomagpasiL-másolata-1;kedvezmenyes-csomag-elektromos-roller-kiegeszitok-kek-csomag-m-sisak;/termek/kedvezmenyes-csomag-elektromos-roller-kiegeszitok-kek-csomag-m-sisak/;;;true;
https://elektromos-roller.net/whoosh-elektromos-roller-ajandekutalvany-5000-ft;/whoosh-elektromos-roller-ajandekutalvany-5000-ft;termek;Whoosh Elektromos Roller Ajándékutalvány - 5.000 Ft;2036;WHSH2024UTALVANY5000;whoosh-elektromos-roller-ajandekutalvany-5000-ft;/termek/whoosh-elektromos-roller-ajandekutalvany-5000-ft/;;;true;
https://elektromos-roller.net/vizallosag-novelese-szolgaltatas-nagy-elektromos-rollerekhez;/vizallosag-novelese-szolgaltatas-nagy-elektromos-rollerekhez;termek;Vízállóság növelése szolgáltatás - nagy és dupla motoros elektromos rollerekhez;2039;WHSH2024VZLLSG3;vizallosag-novelese-szolgaltatas-nagy-elektromos-rollerekhez;/termek/vizallosag-novelese-szolgaltatas-nagy-elektromos-rollerekhez/;;;true;
https://elektromos-roller.net/whoosh-elektromos-roller-ajandekutalvany-10000-ft;/whoosh-elektromos-roller-ajandekutalvany-10000-ft;termek;Whoosh Elektromos Roller Ajándékutalvány - 10.000 Ft;2044;WHSH2024UTALVANY10000;whoosh-elektromos-roller-ajandekutalvany-10000-ft;/termek/whoosh-elektromos-roller-ajandekutalvany-10000-ft/;;;true;
https://elektromos-roller.net/whoosh-elektromos-roller-ajandekutalvany-20000-ft;/whoosh-elektromos-roller-ajandekutalvany-20000-ft;termek;Whoosh Elektromos Roller Ajándékutalvány - 20.000 Ft;2046;WHSH2024UTALVANY20000;whoosh-elektromos-roller-ajandekutalvany-20000-ft;/termek/whoosh-elektromos-roller-ajandekutalvany-20000-ft/;;;true;
https://elektromos-roller.net/whoosh-elektromos-roller-ajandekutalvany-50000-ft;/whoosh-elektromos-roller-ajandekutalvany-50000-ft;termek;Whoosh Elektromos Roller Ajándékutalvány - 50.000 Ft;2048;WHSH2024UTALVANY50000;whoosh-elektromos-roller-ajandekutalvany-50000-ft;/termek/whoosh-elektromos-roller-ajandekutalvany-50000-ft/;;;true;
https://elektromos-roller.net/obarter-x1-elektromos-roller-1000w-21ah;/obarter-x1-elektromos-roller-1000w-21ah;termek;Obarter X1 - Elektromos roller - 48V - 1000W - 21Ah;763;WHSH2021BRTRX1LKTRMSRLLER1000W21AH;obarter-x1-elektromos-roller-1000w-21ah;/termek/obarter-x1-elektromos-roller-1000w-21ah/;;;true;
https://elektromos-roller.net/uj-kugoo-g2-pro-48v-600w-15ah-s-elektromos-roller;/uj-kugoo-g2-pro-48v-600w-15ah-s-elektromos-roller;termek;Kukirin G2 Pro - 48V - 600W - 15Ah-s elektromos roller;1111;WHSHKKRNG2PR;uj-kugoo-g2-pro-48v-600w-15ah-s-elektromos-roller;/termek/uj-kugoo-g2-pro-48v-600w-15ah-s-elektromos-roller/;;;true;
https://elektromos-roller.net/whoosh-sprint-plus-36v-500w-15-6ah-s-elektromos-roller;/whoosh-sprint-plus-36v-500w-15-6ah-s-elektromos-roller;termek;Whoosh Sprint Plus - 36V - 500W - 15.6 Ah-s elektromos roller;1225;WHSH2022SPRNTPLS500;whoosh-sprint-plus-36v-500w-15-6ah-s-elektromos-roller;/termek/whoosh-sprint-plus-36v-500w-15-6ah-s-elektromos-roller/;;;true;
https://elektromos-roller.net/whoosh-sprint-plus-48v-500w-15_6-ah-s-elektromos-roller;/whoosh-sprint-plus-48v-500w-15_6-ah-s-elektromos-roller;termek;Whoosh Sprint Plus ECO - 48V - 500W - 15.6 Ah-s elektromos roller;1313;WHSH2022SPRNTPLCS500;whoosh-sprint-plus-48v-500w-15_6-ah-s-elektromos-roller;/termek/whoosh-sprint-plus-48v-500w-15_6-ah-s-elektromos-roller/;;;true;
https://elektromos-roller.net/kugoo-kukirin-g2-max-elektromos-roller-48v-1000w-20ah;/kugoo-kukirin-g2-max-elektromos-roller-48v-1000w-20ah;termek;KuKirin G2 Max - elektromos roller - 48V - 1000W - 20Ah;1374;WHSH2022KGKG2MX;kugoo-kukirin-g2-max-elektromos-roller-48v-1000w-20ah;/termek/kugoo-kukirin-g2-max-elektromos-roller-48v-1000w-20ah/;;;true;
https://elektromos-roller.net/kukirin-m5-pro-elektromos-roller-48v-1200w-20ah;/kukirin-m5-pro-elektromos-roller-48v-1200w-20ah;termek;KuKirin M5 Pro elektromos roller - 48V - 1200W - 20Ah;1428;WHSH2022KKRNM5P48V20AH;kukirin-m5-pro-elektromos-roller-48v-1200w-20ah;/termek/kukirin-m5-pro-elektromos-roller-48v-1200w-20ah/;;;true;
https://elektromos-roller.net/hero-s8-fekete-48v-800w-16ah-eso-es-porallo-elektromos-roller-szeles-felfujhato-gumikkal-1440;/hero-s8-fekete-48v-800w-16ah-eso-es-porallo-elektromos-roller-szeles-felfujhato-gumikkal-1440;termek;Hero S8 Fekete - 48V - 800W - 16Ah - felfújható gumikkal;1440;WHSH2023HRS816FJHT;hero-s8-fekete-48v-800w-16ah-eso-es-porallo-elektromos-roller-szeles-felfujhato-gumikkal-1440;/termek/hero-s8-fekete-48v-800w-16ah-eso-es-porallo-elektromos-roller-szeles-felfujhato-gumikkal-1440/;hero-s8-fekete-48v-800w-16ah-eso-es-porallo-elektromos-roller-szeles-felfujhato-gumikkal;/termek/hero-s8-fekete-48v-800w-16ah-eso-es-porallo-elektromos-roller-szeles-felfujhato-gumikkal/;true;opcionálisan tisztítható: az -1440 utótag a Shoprenter azonosítója
https://elektromos-roller.net/hasznalt-m1-max-eco-flying-elektromos-roller-36v-350w-75ah;/hasznalt-m1-max-eco-flying-elektromos-roller-36v-350w-75ah;termek;"Használt M1 Max Eco Flying elektromos roller  - 36V - 350W - 7,5Ah";1774;EcoFlying;hasznalt-m1-max-eco-flying-elektromos-roller-36v-350w-75ah;/termek/hasznalt-m1-max-eco-flying-elektromos-roller-36v-350w-75ah/;;;true;
https://elektromos-roller.net/nami-electric-blast-elektromos-roller-60v-1kwx2-29ah;/nami-electric-blast-elektromos-roller-60v-1kwx2-29ah;termek;Nami Blast - Elektromos roller - 60V - 1000W x2 - 29Ah;1828;WHSHNAMIBLST;nami-electric-blast-elektromos-roller-60v-1kwx2-29ah;/termek/nami-electric-blast-elektromos-roller-60v-1kwx2-29ah/;;;true;
https://elektromos-roller.net/nami-electric-burn-e-elektromos-roller-72v-1kwx2-29ah;/nami-electric-burn-e-elektromos-roller-72v-1kwx2-29ah;termek;NAMI Burn-e - Elektromos roller - 72V - 1000W x2 - 30Ah;1831;WHSHNAMIBRNE;nami-electric-burn-e-elektromos-roller-72v-1kwx2-29ah;/termek/nami-electric-burn-e-elektromos-roller-72v-1kwx2-29ah/;;;true;
https://elektromos-roller.net/nami-klima-one-elektromos-roller-60v-2000w-25ah;/nami-klima-one-elektromos-roller-60v-2000w-25ah;termek;Nami Klima One - Elektromos roller - 60V - 1000W - 25Ah;1834;WHSHNAMIKLMONE;nami-klima-one-elektromos-roller-60v-2000w-25ah;/termek/nami-klima-one-elektromos-roller-60v-2000w-25ah/;;;true;
https://elektromos-roller.net/nami-electric-stellar-elektromos-roller-52v-1000w-16ah;/nami-electric-stellar-elektromos-roller-52v-1000w-16ah;termek;NAMI Stellar- Elektromos roller - 52V - 1000W- 16Ah;1836;WHSHNAMISTLLR;nami-electric-stellar-elektromos-roller-52v-1000w-16ah;/termek/nami-electric-stellar-elektromos-roller-52v-1000w-16ah/;;;true;
https://elektromos-roller.net/quickwheel-d5-elektromos-roller-5000w-35ah;/quickwheel-d5-elektromos-roller-5000w-35ah;termek;D5 - Elektromos roller - 48V - 5000W - 35Ah;1862;QuickwheelD52024ROLLER48V5000W35Ah;quickwheel-d5-elektromos-roller-5000w-35ah;/termek/quickwheel-d5-elektromos-roller-5000w-35ah/;;;true;
https://elektromos-roller.net/viper-elektromos-roller-72v-10000wh-40ah;/viper-elektromos-roller-72v-10000wh-40ah;termek;Viper - Elektromos roller - 72V - 10000Wh - 40Ah Samsung akkumulátor;1867;Viper2026ROLLER72V10000Wh40Ah;viper-elektromos-roller-72v-10000wh-40ah;/termek/viper-elektromos-roller-72v-10000wh-40ah/;;;true;
https://elektromos-roller.net/kukirin-g3-elektromos-roller-52v-1200w-18ah;/kukirin-g3-elektromos-roller-52v-1200w-18ah;termek;"KuKirin G3 - elektromos roller - 52V - 1200W - 18,2 Ah";1875;WHSH2024KGKG3;kukirin-g3-elektromos-roller-52v-1200w-18ah;/termek/kukirin-g3-elektromos-roller-52v-1200w-18ah/;;;true;
https://elektromos-roller.net/momodesign-evo9-elektromos-roller;/momodesign-evo9-elektromos-roller;termek;"Momodesign EVO9 elektromos roller - 36V - 400W - 7,5Ah";1878;WHSH2024MMDSGN;momodesign-evo9-elektromos-roller;/termek/momodesign-evo9-elektromos-roller/;;;true;
https://elektromos-roller.net/kugoo-kukirin-g2-master-elektromos-roller-52v-2000w-20ah;/kugoo-kukirin-g2-master-elektromos-roller-52v-2000w-20ah;termek;KuKirin G2 Master - elektromos roller - 52V - 2000W - 20Ah;1883;WHSH2024KKRNG2MSTR;kugoo-kukirin-g2-master-elektromos-roller-52v-2000w-20ah;/termek/kugoo-kukirin-g2-master-elektromos-roller-52v-2000w-20ah/;;;true;
https://elektromos-roller.net/whoosh-nuclear-reactor-elektromos-roller-elektromos-robogo-60v-6000w-38ah;/whoosh-nuclear-reactor-elektromos-roller-elektromos-robogo-60v-6000w-38ah;termek;Whoosh - Nuclear reactor - Elektromos roller - Elektromos robogó - 60V - 6000W - 38Ah;1887;WHSH2024WHSHNCLRRCTR38AH;whoosh-nuclear-reactor-elektromos-roller-elektromos-robogo-60v-6000w-38ah;/termek/whoosh-nuclear-reactor-elektromos-roller-elektromos-robogo-60v-6000w-38ah/;;;true;
https://elektromos-roller.net/whoosh-firebird-elektromos-roller-52v-2x1600w-19ah;/whoosh-firebird-elektromos-roller-52v-2x1600w-19ah;termek;Whoosh Firebird Lite  - Elektromos roller - 52V - 2x1600W - 19Ah;1889;WHSH2024FRBRDLT;whoosh-firebird-elektromos-roller-52v-2x1600w-19ah;/termek/whoosh-firebird-elektromos-roller-52v-2x1600w-19ah/;;;true;
https://elektromos-roller.net/hasznalt-garancialis-ducati-pro-i-evo-elektromos-roller-36v-300w-88-ah;/hasznalt-garancialis-ducati-pro-i-evo-elektromos-roller-36v-300w-88-ah;termek;"Használt Ducati Pro I EVO elektromos roller - 36V - 300W - 8,8 Ah";1893;WHSH2024DUCATIPROievo;hasznalt-garancialis-ducati-pro-i-evo-elektromos-roller-36v-300w-88-ah;/termek/hasznalt-garancialis-ducati-pro-i-evo-elektromos-roller-36v-300w-88-ah/;;;true;
https://elektromos-roller.net/kukirin-g2-elektromos-roller-800w-15ah-2025;/kukirin-g2-elektromos-roller-800w-15ah-2025;termek;Kukirin G2 elektromos roller –48V - 800W - 15Ah;1906;WHSHKKRNG2;kukirin-g2-elektromos-roller-800w-15ah-2025;/termek/kukirin-g2-elektromos-roller-800w-15ah-2025/;;;true;
https://elektromos-roller.net/ms-energy-urban-500-36v-500w-13ah-elektromos-roller;/ms-energy-urban-500-36v-500w-13ah-elektromos-roller;termek;MS Energy Urban 500 - elektromos roller - 36v - 500W - 13Ah;2008;WHSH2024URBAN500;ms-energy-urban-500-36v-500w-13ah-elektromos-roller;/termek/ms-energy-urban-500-36v-500w-13ah-elektromos-roller/;;;true;
https://elektromos-roller.net/nami-klima-one-elektromos-roller-60v-1000w-25ah-2146;/nami-klima-one-elektromos-roller-60v-1000w-25ah-2146;termek;Nami Klima Max - Elektromos roller - 60V - 2x 1000W - 30Ah;2146;WHSHNAMIKLMMX;nami-klima-one-elektromos-roller-60v-1000w-25ah-2146;/termek/nami-klima-one-elektromos-roller-60v-1000w-25ah-2146/;nami-klima-one-elektromos-roller-60v-1000w-25ah;/termek/nami-klima-one-elektromos-roller-60v-1000w-25ah/;true;opcionálisan tisztítható: az -2146 utótag a Shoprenter azonosítója
https://elektromos-roller.net/nami-burn-e-max-elektromos-roller-72v-3000-40ah;/nami-burn-e-max-elektromos-roller-72v-3000-40ah;termek;NAMI Burn-E MAX- Elektromos roller - 72V - 1500W x2 - 40Ah;2149;WHSHNAMIBRNEMX;nami-burn-e-max-elektromos-roller-72v-3000-40ah;/termek/nami-burn-e-max-elektromos-roller-72v-3000-40ah/;;;true;
https://elektromos-roller.net/hw-g2-pro-48v-600w-13ah-s-elektromos-roller;/hw-g2-pro-48v-600w-13ah-s-elektromos-roller;termek;HW G2 Pro - 48V - 600W - 13Ah-s elektromos roller;2461;HWG2Pro;hw-g2-pro-48v-600w-13ah-s-elektromos-roller;/termek/hw-g2-pro-48v-600w-13ah-s-elektromos-roller/;;;true;
https://elektromos-roller.net/whoosh-speed-gt06-elektromos-roller;/whoosh-speed-gt06-elektromos-roller;termek;Whoosh Speed GT06 elektromos roller - 48V - 1200W - 13Ah;2475;whooshspeedgt062025;whoosh-speed-gt06-elektromos-roller;/termek/whoosh-speed-gt06-elektromos-roller/;;;true;
https://elektromos-roller.net/xiaomi-elite-elektromos-roller-400w-10ah;/xiaomi-elite-elektromos-roller-400w-10ah;termek;Xiaomi Electric Scooter Elite - 38V - 400W - 10Ah;2488;Xiaomielite2025;xiaomi-elite-elektromos-roller-400w-10ah;/termek/xiaomi-elite-elektromos-roller-400w-10ah/;;;true;
https://elektromos-roller.net/ec-a1-elektromos-roller-48v-500w-13ah;/ec-a1-elektromos-roller-48v-500w-13ah;termek;EC A1+ elektromos roller - 48V - 500W - 13Ah - kék;2491;evercrossa1-2025;ec-a1-elektromos-roller-48v-500w-13ah;/termek/ec-a1-elektromos-roller-48v-500w-13ah/;;;true;
https://elektromos-roller.net/whoosh-speed-gt06-plusz-elektromos-roller-52v-2x1200w-23ah;/whoosh-speed-gt06-plusz-elektromos-roller-52v-2x1200w-23ah;termek;Whoosh Speed GT06 PLUS elektromos roller - 52V - 2x1200W - 23Ah;2515;whooshspeedgt06.plussz;whoosh-speed-gt06-plusz-elektromos-roller-52v-2x1200w-23ah;/termek/whoosh-speed-gt06-plusz-elektromos-roller-52v-2x1200w-23ah/;;;true;
https://elektromos-roller.net/ec-a1-elektromos-roller-48v-500w-13ah-2516;/ec-a1-elektromos-roller-48v-500w-13ah-2516;termek;EC A1+ elektromos roller - 48V - 500W - 13Ah - piros;2516;evercrossa1-2025-piros;ec-a1-elektromos-roller-48v-500w-13ah-2516;/termek/ec-a1-elektromos-roller-48v-500w-13ah-2516/;;;true;"azonosító-utótag (-2516), de a ""ec-a1-elektromos-roller-48v-500w-13ah"" slug már foglalt – maradjon változatlan"
https://elektromos-roller.net/kukirin-a1-elektromos-roller-48v-800w-13ah;/kukirin-a1-elektromos-roller-48v-800w-13ah;termek;"Kukirin A1 elektromos roller – 2025-ös modell, 48V, 800W, 13Ah";2529;WHSH2025KKRNA1;kukirin-a1-elektromos-roller-48v-800w-13ah;/termek/kukirin-a1-elektromos-roller-48v-800w-13ah/;;;true;
https://elektromos-roller.net/kukirin-m4-max-elektromos-roller-48v-800w-185ah;/kukirin-m4-max-elektromos-roller-48v-800w-185ah;termek;"KuKirin M4 Max - elektromos roller - 48V - 800W - 18,5Ah";2545;KukirinM4MAX;kukirin-m4-max-elektromos-roller-48v-800w-185ah;/termek/kukirin-m4-max-elektromos-roller-48v-800w-185ah/;;;true;
https://elektromos-roller.net/whoosh-speed-gt06-elektromos-roller-48v-1200w-13ah-2546;/whoosh-speed-gt06-elektromos-roller-48v-1200w-13ah-2546;termek;Whoosh RCB elektromos roller - 500W -  48V - 20.8Ah;2546;RCB;whoosh-speed-gt06-elektromos-roller-48v-1200w-13ah-2546;/termek/whoosh-speed-gt06-elektromos-roller-48v-1200w-13ah-2546/;whoosh-speed-gt06-elektromos-roller-48v-1200w-13ah;/termek/whoosh-speed-gt06-elektromos-roller-48v-1200w-13ah/;true;opcionálisan tisztítható: az -2546 utótag a Shoprenter azonosítója
https://elektromos-roller.net/ec-a1-elektromos-roller-48v-500w-13ah-piros-2593;/ec-a1-elektromos-roller-48v-500w-13ah-piros-2593;termek;EC Max elektromos roller - 48V - 500W - 27Ah ;2593;evercrossmax;ec-a1-elektromos-roller-48v-500w-13ah-piros-2593;/termek/ec-a1-elektromos-roller-48v-500w-13ah-piros-2593/;ec-a1-elektromos-roller-48v-500w-13ah-piros;/termek/ec-a1-elektromos-roller-48v-500w-13ah-piros/;true;opcionálisan tisztítható: az -2593 utótag a Shoprenter azonosítója
https://elektromos-roller.net/whoosh-t90-elektromos-roller-60v-2x2100w-31ah;/whoosh-t90-elektromos-roller-60v-2x2100w-31ah;termek;"Whoosh T90 elektromos roller - 60V - 2x2100W - 31,2Ah";2595;whoosht90;whoosh-t90-elektromos-roller-60v-2x2100w-31ah;/termek/whoosh-t90-elektromos-roller-60v-2x2100w-31ah/;;;true;
https://elektromos-roller.net/yume-raptor-elektromos-roller;/yume-raptor-elektromos-roller;termek;Yume Raptor elektromos roller - 60V - 2x 3000W - 27Ah;2613;YUMERPTR;yume-raptor-elektromos-roller;/termek/yume-raptor-elektromos-roller/;;;true;
https://elektromos-roller.net/ms-energy-flare-elektromos-roller;/ms-energy-flare-elektromos-roller;termek;MS Energy Flare - elektromos roller - 48v - 600W - 15Ah;2620;MSNRGFLR;ms-energy-flare-elektromos-roller;/termek/ms-energy-flare-elektromos-roller/;;;true;
https://elektromos-roller.net/kukirin-g4-elektromos-roller-60v-2000w-20ah;/kukirin-g4-elektromos-roller-60v-2000w-20ah;termek;KuKirin G4 - 2025 - elektromos roller - 60V - 2000W - 20Ah;2629;WHSH2025KukirinG4;kukirin-g4-elektromos-roller-60v-2000w-20ah;/termek/kukirin-g4-elektromos-roller-60v-2000w-20ah/;;;true;
https://elektromos-roller.net/whoosh-t10-elektromos-roller-48v-13ah-500w;/whoosh-t10-elektromos-roller-48v-13ah-500w;termek;Whoosh T10 elektromos roller - 48V - 13Ah - 500W;2631;whoosht10;whoosh-t10-elektromos-roller-48v-13ah-500w;/termek/whoosh-t10-elektromos-roller-48v-13ah-500w/;;;true;
https://elektromos-roller.net/whoosh-es14-elektromos-roller-48v-75ah;/whoosh-es14-elektromos-roller-48v-75ah;termek;"Whoosh ES14 - elektromos roller - 48V - 400W - 7,5Ah ";2642;WHEELES14;whoosh-es14-elektromos-roller-48v-75ah;/termek/whoosh-es14-elektromos-roller-48v-75ah/;;;true;
https://elektromos-roller.net/wheel-es09-elektromos-roller-36v-350w-75ah;/wheel-es09-elektromos-roller-36v-350w-75ah;termek;"Whoosh ES09 - elektromos roller - 36V - 350W - 7,5Ah ";2644;WHEELES09;wheel-es09-elektromos-roller-36v-350w-75ah;/termek/wheel-es09-elektromos-roller-36v-350w-75ah/;;;true;
https://elektromos-roller.net/whoosh-es14-elektromos-roller-48v-400w-7_5ah;/whoosh-es14-elektromos-roller-48v-400w-7_5ah;termek;WhoosH ES15 - elektromos roller - 48V - 500W - 13Ah ;2646;WHEELES15;whoosh-es14-elektromos-roller-48v-400w-7_5ah;/termek/whoosh-es14-elektromos-roller-48v-400w-7_5ah/;;;true;
https://elektromos-roller.net/xiaomi-elite-elektromos-roller-400w-10ah-akkumulator-24v;/xiaomi-elite-elektromos-roller-400w-10ah-akkumulator-24v;termek;Használt Xiaomi Electric Scooter 4 Lite (2 Gen);2660;Xiaomi4lite2gen-használt01;xiaomi-elite-elektromos-roller-400w-10ah-akkumulator-24v;/termek/xiaomi-elite-elektromos-roller-400w-10ah-akkumulator-24v/;;;true;
https://elektromos-roller.net/whoosh-bigfoot-x1-48v-500w-15-ah-s-elektromos-roller-2695;/whoosh-bigfoot-x1-48v-500w-15-ah-s-elektromos-roller-2695;termek;Használt Whoosh Bigfoot X1 - 48V - 500W - 15 Ah-s elektromos roller;2695;WhooshBigfoot/használt/2025.12.04.;whoosh-bigfoot-x1-48v-500w-15-ah-s-elektromos-roller-2695;/termek/whoosh-bigfoot-x1-48v-500w-15-ah-s-elektromos-roller-2695/;whoosh-bigfoot-x1-48v-500w-15-ah-s-elektromos-roller;/termek/whoosh-bigfoot-x1-48v-500w-15-ah-s-elektromos-roller/;true;opcionálisan tisztítható: az -2695 utótag a Shoprenter azonosítója
https://elektromos-roller.net/kugoo-g-booster-elektromos-roller-48v-2x800w-dual-motor-23ah-ajandek-ulessel-2697;/kugoo-g-booster-elektromos-roller-48v-2x800w-dual-motor-23ah-ajandek-ulessel-2697;termek;"Használt, felújított Kugoo G-Booster - elektromos roller - 48V - 2x800W dual motor- 21Ah";2697;KugooG-Booster/2025.12.04.;kugoo-g-booster-elektromos-roller-48v-2x800w-dual-motor-23ah-ajandek-ulessel-2697;/termek/kugoo-g-booster-elektromos-roller-48v-2x800w-dual-motor-23ah-ajandek-ulessel-2697/;kugoo-g-booster-elektromos-roller-48v-2x800w-dual-motor-23ah-ajandek-ulessel;/termek/kugoo-g-booster-elektromos-roller-48v-2x800w-dual-motor-23ah-ajandek-ulessel/;true;opcionálisan tisztítható: az -2697 utótag a Shoprenter azonosítója
https://elektromos-roller.net/kukirin-g2-ultra-elektromos-roller-48v-2x800w-18ah;/kukirin-g2-ultra-elektromos-roller-48v-2x800w-18ah;termek;"Kukirin G2 Ultra elektromos roller –  48V, 2x800W, 18Ah";2704;KukirinG2Ultra/20251211;kukirin-g2-ultra-elektromos-roller-48v-2x800w-18ah;/termek/kukirin-g2-ultra-elektromos-roller-48v-2x800w-18ah/;;;true;
https://elektromos-roller.net/hasznalt-dualtron-victor-luxury-plus-elektromos-roller-60v-4000w-35ah;/hasznalt-dualtron-victor-luxury-plus-elektromos-roller-60v-4000w-35ah;termek;Használt Dualtron Victor Luxury Plus elektromos roller 60V - 4000W - 35Ah (megtett km: 86);2724;Dualron-Victor-Luxury-Plus-használt-20251216;hasznalt-dualtron-victor-luxury-plus-elektromos-roller-60v-4000w-35ah;/termek/hasznalt-dualtron-victor-luxury-plus-elektromos-roller-60v-4000w-35ah/;;;true;
https://elektromos-roller.net/kukirin-g3-pro-elektromos-roller;/kukirin-g3-pro-elektromos-roller;termek;"KuKirin G3 Pro  - elektromos roller - 52V - 2x 1200W - 23,4 Ah";2728;WHSH2026KKRNG3PR;kukirin-g3-pro-elektromos-roller;/termek/kukirin-g3-pro-elektromos-roller/;;;true;
https://elektromos-roller.net/twofish-v5;/twofish-v5;termek;Whoosh V5 elektromos roller - 48V - 1000W - 18Ah;2731;WHSH2026TWFSHV5;twofish-v5;/termek/twofish-v5/;;;true;
https://elektromos-roller.net/whoosh-m5-pro-elektromos-jarmu-48v-500w-13ah;/whoosh-m5-pro-elektromos-jarmu-48v-500w-13ah;termek;Whoosh M5 Pro üléses elektromos jármű - 48V -500W - 13Ah;2733;WHSH2026M5PR;whoosh-m5-pro-elektromos-jarmu-48v-500w-13ah;/termek/whoosh-m5-pro-elektromos-jarmu-48v-500w-13ah/;;;true;
https://elektromos-roller.net/yume-hawk-pro-wide-elektromos-roller-60v-2x-3000w-27ah;/yume-hawk-pro-wide-elektromos-roller-60v-2x-3000w-27ah;termek;Yume Hawk Pro Wide elektromos roller - 60V - 2x 3000W - 27Ah;2737;YUMEHWKPRWD;yume-hawk-pro-wide-elektromos-roller-60v-2x-3000w-27ah;/termek/yume-hawk-pro-wide-elektromos-roller-60v-2x-3000w-27ah/;;;true;
https://elektromos-roller.net/yume-x11-elektromos-roller-60v-2x-3000w-30ah;/yume-x11-elektromos-roller-60v-2x-3000w-30ah;termek;Yume X11 elektromos roller - 60V - 2x 3000W - 30Ah Samsung akkumulátorral;2740;YUMEX;yume-x11-elektromos-roller-60v-2x-3000w-30ah;/termek/yume-x11-elektromos-roller-60v-2x-3000w-30ah/;;;true;
https://elektromos-roller.net/ninebot-f3-e-pro-elektromos-roller;/ninebot-f3-e-pro-elektromos-roller;termek;"Segway Ninebot F3E Pro - elektromos roller - 46,8V - 550W - 10,2Ah";2765;WHSHNNBTF3PR;ninebot-f3-e-pro-elektromos-roller;/termek/ninebot-f3-e-pro-elektromos-roller/;;;true;
https://elektromos-roller.net/whoosh-d3-s-city-commute-elektromos-roller-48v-1200w-15ah;/whoosh-d3-s-city-commute-elektromos-roller-48v-1200w-15ah;termek;Whoosh D3-S City Commute - Elektromos roller - 48V - 1200W - 15Ah;2798;WHSH2026D3S1200W15AH;whoosh-d3-s-city-commute-elektromos-roller-48v-1200w-15ah;/termek/whoosh-d3-s-city-commute-elektromos-roller-48v-1200w-15ah/;;;true;
https://elektromos-roller.net/hasznalt-whoosh-firebird-lite-elektromos-roller-52v-2x1600w-19ah-86-km-t-futott-2801;/hasznalt-whoosh-firebird-lite-elektromos-roller-52v-2x1600w-19ah-86-km-t-futott-2801;termek;Használt Whoosh Firebird Lite - Elektromos roller - 52V - 2x1600W - 19Ah - 86 km-t futott;2801;WHSH2026FRBRDLTHSZNLT;hasznalt-whoosh-firebird-lite-elektromos-roller-52v-2x1600w-19ah-86-km-t-futott-2801;/termek/hasznalt-whoosh-firebird-lite-elektromos-roller-52v-2x1600w-19ah-86-km-t-futott-2801/;hasznalt-whoosh-firebird-lite-elektromos-roller-52v-2x1600w-19ah-86-km-t-futott;/termek/hasznalt-whoosh-firebird-lite-elektromos-roller-52v-2x1600w-19ah-86-km-t-futott/;true;opcionálisan tisztítható: az -2801 utótag a Shoprenter azonosítója
https://elektromos-roller.net/hasznalt-aprilia-esr1-elektromos-roller-36v-350w-78ah-uj-akkumulatorral-jotallassal-2803;/hasznalt-aprilia-esr1-elektromos-roller-36v-350w-78ah-uj-akkumulatorral-jotallassal-2803;termek;"Használt Aprilia eSR1 - Elektromos roller - 36V - 350W - 7,8Ah - ÚJ akkumulátorral, jótállással";2803;APRL2026ESR1HSZNLT;hasznalt-aprilia-esr1-elektromos-roller-36v-350w-78ah-uj-akkumulatorral-jotallassal-2803;/termek/hasznalt-aprilia-esr1-elektromos-roller-36v-350w-78ah-uj-akkumulatorral-jotallassal-2803/;hasznalt-aprilia-esr1-elektromos-roller-36v-350w-78ah-uj-akkumulatorral-jotallassal;/termek/hasznalt-aprilia-esr1-elektromos-roller-36v-350w-78ah-uj-akkumulatorral-jotallassal/;true;opcionálisan tisztítható: az -2803 utótag a Shoprenter azonosítója
https://elektromos-roller.net/hasznalt-honey-whale-g2-pro-elektromos-roller-48v-600w-13ah-uj-akkumulatorral-es-uj-elektronikaval-2806;/hasznalt-honey-whale-g2-pro-elektromos-roller-48v-600w-13ah-uj-akkumulatorral-es-uj-elektronikaval-2806;termek;Használt Honey Whale G2 Pro - Elektromos roller - 48V - 600W - 13Ah - ÚJ akkumulátorral és új elektronikával;2806;HNYW2026G2PROHSZNLT;hasznalt-honey-whale-g2-pro-elektromos-roller-48v-600w-13ah-uj-akkumulatorral-es-uj-elektronikaval-2806;/termek/hasznalt-honey-whale-g2-pro-elektromos-roller-48v-600w-13ah-uj-akkumulatorral-es-uj-elektronikaval-2806/;hasznalt-honey-whale-g2-pro-elektromos-roller-48v-600w-13ah-uj-akkumulatorral-es-uj-elektronikaval;/termek/hasznalt-honey-whale-g2-pro-elektromos-roller-48v-600w-13ah-uj-akkumulatorral-es-uj-elektronikaval/;true;opcionálisan tisztítható: az -2806 utótag a Shoprenter azonosítója
https://elektromos-roller.net/joyor-t10-elektromos-roller-60v-2x-1000w-18ah;/joyor-t10-elektromos-roller-60v-2x-1000w-18ah;termek;Joyor T10 Elektromos roller;2742;JYRT;joyor-t10-elektromos-roller-60v-2x-1000w-18ah;/termek/joyor-t10-elektromos-roller-60v-2x-1000w-18ah/;;;true;
https://elektromos-roller.net/joyor-s5-z;/joyor-s5-z;termek;Joyor S5-Z Elektromos roller;2743;JYRSZ;joyor-s5-z;/termek/joyor-s5-z/;;;true;
https://elektromos-roller.net/e-bike-dual-isen-h1-elektromos-kerekpar-250w;/e-bike-dual-isen-h1-elektromos-kerekpar-250w;termek;E-BIKE Dual Store iSEN H1 elektromos kerékpár 250W;2015;WHSH2024EBIKEDUALISENH1;e-bike-dual-isen-h1-elektromos-kerekpar-250w;/termek/e-bike-dual-isen-h1-elektromos-kerekpar-250w/;;;true;
https://elektromos-roller.net/e-bike-f510-eco-flying-elektromos-kerekpar;/e-bike-f510-eco-flying-elektromos-kerekpar;termek;F510 ECO FLYING összecsukható elektromos kerékpár;2018;WHSH2024EBIKEF510ECOFLYING-SOLUTION;e-bike-f510-eco-flying-elektromos-kerekpar;/termek/e-bike-f510-eco-flying-elektromos-kerekpar/;;;true;
https://elektromos-roller.net/elektromos-roller-xiaomi-m365-kiegeszito-visszapillanto-tukor;/elektromos-roller-xiaomi-m365-kiegeszito-visszapillanto-tukor;termek;Xiaomi m365  - Elektromos Roller -  Kiegészítő - Visszapillantó tükör - 1db;608;WHSH2021KIEGXMTÜK;elektromos-roller-xiaomi-m365-kiegeszito-visszapillanto-tukor;/termek/elektromos-roller-xiaomi-m365-kiegeszito-visszapillanto-tukor/;;;true;
https://elektromos-roller.net/elektromos-roller-kiegeszito-tarcsafek-zar;/elektromos-roller-kiegeszito-tarcsafek-zar;termek;Tárcsafék zár - Elektromos Roller - Kiegészítő - lakat;614;ZAR02;elektromos-roller-kiegeszito-tarcsafek-zar;/termek/elektromos-roller-kiegeszito-tarcsafek-zar/;;;true;
https://elektromos-roller.net/elektromos-roller-kiegeszito-xiaomi-m365-fekete-ules;/elektromos-roller-kiegeszito-xiaomi-m365-fekete-ules;termek;Xiaomi m365 - Elektromos roller - Kiegészítő - Fekete Ülés;615;WHSH2021KIEGXMFKTLS;elektromos-roller-kiegeszito-xiaomi-m365-fekete-ules;/termek/elektromos-roller-kiegeszito-xiaomi-m365-fekete-ules/;;;true;
https://elektromos-roller.net/elektromos-roller-kiegeszito-gyerek-kormany-ninebot;/elektromos-roller-kiegeszito-gyerek-kormany-ninebot;termek;Elektromos Roller - Kiegészítő - Gyerek kormány - 1.sz. - Ninetbot típusú rollerekhez;617;GYKORM01;elektromos-roller-kiegeszito-gyerek-kormany-ninebot;/termek/elektromos-roller-kiegeszito-gyerek-kormany-ninebot/;;;true;
https://elektromos-roller.net/xiaomi-elektromos-roller-alkatresz-m365-csengo;/xiaomi-elektromos-roller-alkatresz-m365-csengo;termek;Xiaomi elektromos roller alkatrész - M365 csengő - ezüst;714;CSENG01;xiaomi-elektromos-roller-alkatresz-m365-csengo;/termek/xiaomi-elektromos-roller-alkatresz-m365-csengo/;;;true;
https://elektromos-roller.net/elektromos-roller-kiegeszitok-vedofelszereles-konyok-csulo-terd-vedo;/elektromos-roller-kiegeszitok-vedofelszereles-konyok-csulo-terd-vedo;termek;"Védőfelszerelés (Könyökvédő, térdvédő, csuklóvédő) - kék színben";733;VEDO01/üzlet;elektromos-roller-kiegeszitok-vedofelszereles-konyok-csulo-terd-vedo;/termek/elektromos-roller-kiegeszitok-vedofelszereles-konyok-csulo-terd-vedo/;;;true;
https://elektromos-roller.net/elektromos-roller-kiegeszito-kugoo-g2-pro-tolto-546v-2a;/elektromos-roller-kiegeszito-kugoo-g2-pro-tolto-546v-2a;termek;"Elektromos roller kiegészítő - Régi Kugoo G2 Pro - Kugoo G-Booster töltő 54,6V 2A";798;TOLTO06;elektromos-roller-kiegeszito-kugoo-g2-pro-tolto-546v-2a;/termek/elektromos-roller-kiegeszito-kugoo-g2-pro-tolto-546v-2a/;;;true;
https://elektromos-roller.net/bukosisak-elol-hatul-led-lampaval-fekete;/bukosisak-elol-hatul-led-lampaval-fekete;termek;Bukósisak elöl-hátul LED lámpákkal - Fekete - M;838;WHSH2020-KIEGBKSSKLD;bukosisak-elol-hatul-led-lampaval-fekete;/termek/bukosisak-elol-hatul-led-lampaval-fekete/;;;true;
https://elektromos-roller.net/bukosisak-elol-hatul-led-lampakkal-pink;/bukosisak-elol-hatul-led-lampakkal-pink;termek;Bukósisak elöl-hátul LED lámpákkal - Pink - L;843;SISAK16;bukosisak-elol-hatul-led-lampakkal-pink;/termek/bukosisak-elol-hatul-led-lampakkal-pink/;;;true;
https://elektromos-roller.net/bukosisak-elol-hatul-led-lampakkal-fekete;/bukosisak-elol-hatul-led-lampakkal-fekete;termek;Bukósisak elöl-hátul LED lámpákkal - Fekete - L;846;SISAK14;bukosisak-elol-hatul-led-lampakkal-fekete;/termek/bukosisak-elol-hatul-led-lampakkal-fekete/;;;true;
https://elektromos-roller.net/elektromos-roller-kiegeszito-vezetek-nelkuli-ledes-hatso-lampa-iranyjelzo-funkcioval;/elektromos-roller-kiegeszito-vezetek-nelkuli-ledes-hatso-lampa-iranyjelzo-funkcioval;termek;Elektromos roller - Kiegészítő - Vezeték nélküli LED-es hátsó lámpa irányjelző  funkcióval - Index;900;INDEX02/üzletben;elektromos-roller-kiegeszito-vezetek-nelkuli-ledes-hatso-lampa-iranyjelzo-funkcioval;/termek/elektromos-roller-kiegeszito-vezetek-nelkuli-ledes-hatso-lampa-iranyjelzo-funkcioval/;;;true;
https://elektromos-roller.net/szelepszarhosszabito-elektromos-roller-alkatresz;/szelepszarhosszabito-elektromos-roller-alkatresz;termek;Szelepszár-hosszabbító - Elektromos roller alkatrész;939;SZHOSSZ01;szelepszarhosszabito-elektromos-roller-alkatresz;/termek/szelepszarhosszabito-elektromos-roller-alkatresz/;;;true;
https://elektromos-roller.net/kombinacios-spiralzar-elektromos-roller-kiegeszito;/kombinacios-spiralzar-elektromos-roller-kiegeszito;termek;Kombinációs spirálzár - Lakat - számzár - Elektromos Roller - Kiegészítő;945;LAKAT09;kombinacios-spiralzar-elektromos-roller-kiegeszito;/termek/kombinacios-spiralzar-elektromos-roller-kiegeszito/;;;true;
https://elektromos-roller.net/elektromos-roller-kiegeszito-tolto-294v-2a;/elektromos-roller-kiegeszito-tolto-294v-2a;termek;"Elektromos roller kiegészítő - Töltő 29,4V - 2A";1044;TOLTO13;elektromos-roller-kiegeszito-tolto-294v-2a;/termek/elektromos-roller-kiegeszito-tolto-294v-2a/;;;true;
https://elektromos-roller.net/elektromos-roller-kiegeszito-tolto-42v-2a-xiaomi;/elektromos-roller-kiegeszito-tolto-42v-2a-xiaomi;termek;Töltő - 42V - 2A - Xiaomi / Segway / Akai - Elektromos roller kiegészítő ;1082;TOLTO01;elektromos-roller-kiegeszito-tolto-42v-2a-xiaomi;/termek/elektromos-roller-kiegeszito-tolto-42v-2a-xiaomi/;;;true;
https://elektromos-roller.net/elektromos-roller-kiegeszito-toltheto-led-es-elso-lampa;/elektromos-roller-kiegeszito-toltheto-led-es-elso-lampa;termek;Elektromos roller - Kiegészítő - Tölthető LED-es első lámpa;1129;LMP26/üzlet;elektromos-roller-kiegeszito-toltheto-led-es-elso-lampa;/termek/elektromos-roller-kiegeszito-toltheto-led-es-elso-lampa/;;;true;
https://elektromos-roller.net/bukosisak-elol-fekete;/bukosisak-elol-fekete;termek;Bukósisak - Fekete - L;1132;SISAK07;bukosisak-elol-fekete;/termek/bukosisak-elol-fekete/;;;true;
https://elektromos-roller.net/bukosisak-fekete-m;/bukosisak-fekete-m;termek;Bukósisak - Fekete - M;1136;SISAK06;bukosisak-fekete-m;/termek/bukosisak-fekete-m/;;;true;
https://elektromos-roller.net/bukosisak-fekete-s;/bukosisak-fekete-s;termek;Bukósisak - Fekete - S;1137;SISAK05/26-32;bukosisak-fekete-s;/termek/bukosisak-fekete-s/;;;true;
https://elektromos-roller.net/bukosisak-feher-s;/bukosisak-feher-s;termek;Bukósisak - Fehér-S;1179;SISAK01/26-21;bukosisak-feher-s;/termek/bukosisak-feher-s/;;;true;
https://elektromos-roller.net/bukosisak-feher-m;/bukosisak-feher-m;termek;Bukósisak - Fehér-M;1181;SISAK02/26-21;bukosisak-feher-m;/termek/bukosisak-feher-m/;;;true;
https://elektromos-roller.net/bukosisak-feher-l;/bukosisak-feher-l;termek;Bukósisak - Fehér-L;1183;SISAK03/26-31;bukosisak-feher-l;/termek/bukosisak-feher-l/;;;true;
https://elektromos-roller.net/bukosisak-feher-kek-s;/bukosisak-feher-kek-s;termek;Bukósisak - Kék - S;1184;SISAK12;bukosisak-feher-kek-s;/termek/bukosisak-feher-kek-s/;;;true;
https://elektromos-roller.net/bukosisak-kek-m;/bukosisak-kek-m;termek;Bukósisak - Kék - M;1186;SISAK11;bukosisak-kek-m;/termek/bukosisak-kek-m/;;;true;
https://elektromos-roller.net/bukosisak-kek-l;/bukosisak-kek-l;termek;Bukósisak - Kék - L;1189;SISAK10;bukosisak-kek-l;/termek/bukosisak-kek-l/;;;true;
https://elektromos-roller.net/elektromos-roller-kiegeszito-montain-bike-kormany;/elektromos-roller-kiegeszito-montain-bike-kormany;termek;Kormány rúd - Elektromos Roller - Kiegészítő ;1281;WHSH2021KIEGMBKRMNY;elektromos-roller-kiegeszito-montain-bike-kormany;/termek/elektromos-roller-kiegeszito-montain-bike-kormany/;;;true;
https://elektromos-roller.net/elektromos-roller-kiegeszito-kormyany-toldo-rud;/elektromos-roller-kiegeszito-kormyany-toldo-rud;termek;Kormánytoldó rúd - Elektromos Roller - Kiegészítő - piros;1310;KORTOLD01;elektromos-roller-kiegeszito-kormyany-toldo-rud;/termek/elektromos-roller-kiegeszito-kormyany-toldo-rud/;;;true;
https://elektromos-roller.net/futheto-melleny-leveheto-kapucnival-elektromos-roller-kiegeszito-1390;/futheto-melleny-leveheto-kapucnival-elektromos-roller-kiegeszito-1390;termek;Fűthető mellény levehető kapucnival - M - Elektromos roller - Kiegészítő;1390;MELLENY01;futheto-melleny-leveheto-kapucnival-elektromos-roller-kiegeszito-1390;/termek/futheto-melleny-leveheto-kapucnival-elektromos-roller-kiegeszito-1390/;futheto-melleny-leveheto-kapucnival-elektromos-roller-kiegeszito;/termek/futheto-melleny-leveheto-kapucnival-elektromos-roller-kiegeszito/;true;opcionálisan tisztítható: az -1390 utótag a Shoprenter azonosítója
https://elektromos-roller.net/futheto-melleny-leveheto-kapucnival-elektromos-roller-kiegeszito-1393;/futheto-melleny-leveheto-kapucnival-elektromos-roller-kiegeszito-1393;termek;Fűthető mellény levehető kapucnival - L - Elektromos roller - Kiegészítő;1393;MELLENY02;futheto-melleny-leveheto-kapucnival-elektromos-roller-kiegeszito-1393;/termek/futheto-melleny-leveheto-kapucnival-elektromos-roller-kiegeszito-1393/;futheto-melleny-leveheto-kapucnival-elektromos-roller-kiegeszito;/termek/futheto-melleny-leveheto-kapucnival-elektromos-roller-kiegeszito/;true;opcionálisan tisztítható: az -1393 utótag a Shoprenter azonosítója
https://elektromos-roller.net/xiaomi-pro-elektromos-roller-kiegeszito-fekete-ules;/xiaomi-pro-elektromos-roller-kiegeszito-fekete-ules;termek;Xiaomi Pro - Elektromos roller - Kiegészítő - Fekete Ülés;1406;WHSH2021KIEGXMFKTLSPRO;xiaomi-pro-elektromos-roller-kiegeszito-fekete-ules;/termek/xiaomi-pro-elektromos-roller-kiegeszito-fekete-ules/;;;true;
https://elektromos-roller.net/ezust-kek-matrica-szett-elektromos-roller-kiegeszito;/ezust-kek-matrica-szett-elektromos-roller-kiegeszito;termek;Ezüst - Kék - Matrica szett - Xiaomi elektromos rollerhez - Kiegészítő;1408;WHSH2022KIEGMTRCEZK;ezust-kek-matrica-szett-elektromos-roller-kiegeszito;/termek/ezust-kek-matrica-szett-elektromos-roller-kiegeszito/;;;true;
https://elektromos-roller.net/kek-ezust-matrica-szett-elektromos-roller-kiegeszito-1411;/kek-ezust-matrica-szett-elektromos-roller-kiegeszito-1411;termek;Kék - Ezüst - Matrica szett - Xiaomi elektromos rollerhez - Kiegészítő;1411;WHSH2022KIEGMTRCKKEZ;kek-ezust-matrica-szett-elektromos-roller-kiegeszito-1411;/termek/kek-ezust-matrica-szett-elektromos-roller-kiegeszito-1411/;kek-ezust-matrica-szett-elektromos-roller-kiegeszito;/termek/kek-ezust-matrica-szett-elektromos-roller-kiegeszito/;true;opcionálisan tisztítható: az -1411 utótag a Shoprenter azonosítója
https://elektromos-roller.net/ezust-kek-piros-matrica-szett-elektromos-roller-kiegeszito-1412;/ezust-kek-piros-matrica-szett-elektromos-roller-kiegeszito-1412;termek;Ezüst - Kék - Piros - Matrica szett - Xiaomi elektromos rollerhez - Kiegészítő;1412;WHSH2022KIEGMTRCEZKKPRS;ezust-kek-piros-matrica-szett-elektromos-roller-kiegeszito-1412;/termek/ezust-kek-piros-matrica-szett-elektromos-roller-kiegeszito-1412/;ezust-kek-piros-matrica-szett-elektromos-roller-kiegeszito;/termek/ezust-kek-piros-matrica-szett-elektromos-roller-kiegeszito/;true;opcionálisan tisztítható: az -1412 utótag a Shoprenter azonosítója
https://elektromos-roller.net/piros-ezust-piros-matrica-szett-elektromos-roller-kiegeszito-1415;/piros-ezust-piros-matrica-szett-elektromos-roller-kiegeszito-1415;termek;Piros - Ezüst - Piros - Matrica szett - Xiaomi elektromos rollerhez - Kiegészítő;1415;WHSH2022KIEGMTRCPRSEZPRS;piros-ezust-piros-matrica-szett-elektromos-roller-kiegeszito-1415;/termek/piros-ezust-piros-matrica-szett-elektromos-roller-kiegeszito-1415/;piros-ezust-piros-matrica-szett-elektromos-roller-kiegeszito;/termek/piros-ezust-piros-matrica-szett-elektromos-roller-kiegeszito/;true;opcionálisan tisztítható: az -1415 utótag a Shoprenter azonosítója
https://elektromos-roller.net/ezust-piros-matrica-szett-elektromos-roller-kiegeszito-1418;/ezust-piros-matrica-szett-elektromos-roller-kiegeszito-1418;termek;Ezüst - Piros - Matrica szett - Xiaomi elektromos rollerhez - Kiegészítő;1418;WHSH2022KIEGMTRCEZPRS;ezust-piros-matrica-szett-elektromos-roller-kiegeszito-1418;/termek/ezust-piros-matrica-szett-elektromos-roller-kiegeszito-1418/;ezust-piros-matrica-szett-elektromos-roller-kiegeszito;/termek/ezust-piros-matrica-szett-elektromos-roller-kiegeszito/;true;opcionálisan tisztítható: az -1418 utótag a Shoprenter azonosítója
https://elektromos-roller.net/segway-g30-max-elektromos-roller-kiegeszito-ules-1431;/segway-g30-max-elektromos-roller-kiegeszito-ules-1431;termek;Segway Ninebot KickScooter MAX G30 - Elektromos roller - Kiegészítő - Ülés;1431;WHSH2022KIEGSGWYG30LS;segway-g30-max-elektromos-roller-kiegeszito-ules-1431;/termek/segway-g30-max-elektromos-roller-kiegeszito-ules-1431/;segway-g30-max-elektromos-roller-kiegeszito-ules;/termek/segway-g30-max-elektromos-roller-kiegeszito-ules/;true;opcionálisan tisztítható: az -1431 utótag a Shoprenter azonosítója
https://elektromos-roller.net/xiaomi-piros-kormanymagasito-kiegeszito;/xiaomi-piros-kormanymagasito-kiegeszito;termek;Kormánymagasító - Xiaomi elektromos roller kiegészítő - Piros;1454;KORMAG02/3-31;xiaomi-piros-kormanymagasito-kiegeszito;/termek/xiaomi-piros-kormanymagasito-kiegeszito/;;;true;
https://elektromos-roller.net/xiaomi-elektromos-roller-kiegeszito-fekete-kormanymagasito-1456;/xiaomi-elektromos-roller-kiegeszito-fekete-kormanymagasito-1456;termek;Kormánymagasító - Xiaomi elektromos roller kiegészítő - Fekete ;1456;KORMAG01/3-31;xiaomi-elektromos-roller-kiegeszito-fekete-kormanymagasito-1456;/termek/xiaomi-elektromos-roller-kiegeszito-fekete-kormanymagasito-1456/;xiaomi-elektromos-roller-kiegeszito-fekete-kormanymagasito;/termek/xiaomi-elektromos-roller-kiegeszito-fekete-kormanymagasito/;true;opcionálisan tisztítható: az -1456 utótag a Shoprenter azonosítója
https://elektromos-roller.net/xiaomi-elektromos-roller-kiegeszito-sarga-kormanymagasito-1459;/xiaomi-elektromos-roller-kiegeszito-sarga-kormanymagasito-1459;termek;Kormánymagasító - Xiaomi elektromos roller kiegészítő - Sárga;1459;KORMAG03/3-31;xiaomi-elektromos-roller-kiegeszito-sarga-kormanymagasito-1459;/termek/xiaomi-elektromos-roller-kiegeszito-sarga-kormanymagasito-1459/;xiaomi-elektromos-roller-kiegeszito-sarga-kormanymagasito;/termek/xiaomi-elektromos-roller-kiegeszito-sarga-kormanymagasito/;true;opcionálisan tisztítható: az -1459 utótag a Shoprenter azonosítója
https://elektromos-roller.net/xiaomi-elektromos-roller-kiegeszito-fekete-ulip-kitamasztio;/xiaomi-elektromos-roller-kiegeszito-fekete-ulip-kitamasztio;termek;Xiaomi elektromos roller kiegészítő - Fekete Ulip kitámasztó;1466;KITAM04/üzlet;xiaomi-elektromos-roller-kiegeszito-fekete-ulip-kitamasztio;/termek/xiaomi-elektromos-roller-kiegeszito-fekete-ulip-kitamasztio/;;;true;
https://elektromos-roller.net/xiaomi-elektromos-roller-kiegeszito-piros-ulip-kitamaszto-1468;/xiaomi-elektromos-roller-kiegeszito-piros-ulip-kitamaszto-1468;termek;Xiaomi elektromos roller kiegészítő - Piros Ulip kitámasztó;1468;KITAM05/üzlet;xiaomi-elektromos-roller-kiegeszito-piros-ulip-kitamaszto-1468;/termek/xiaomi-elektromos-roller-kiegeszito-piros-ulip-kitamaszto-1468/;xiaomi-elektromos-roller-kiegeszito-piros-ulip-kitamaszto;/termek/xiaomi-elektromos-roller-kiegeszito-piros-ulip-kitamaszto/;true;opcionálisan tisztítható: az -1468 utótag a Shoprenter azonosítója
https://elektromos-roller.net/elektromos-roller-kiegeszito-toltheto-led-lampapar-tartoval;/elektromos-roller-kiegeszito-toltheto-led-lampapar-tartoval;termek;"Elektromos roller - Kiegészítő - Tölthető LED lámpa pár, tartóval";1525;LMP27/üzletiraktár;elektromos-roller-kiegeszito-toltheto-led-lampapar-tartoval;/termek/elektromos-roller-kiegeszito-toltheto-led-lampapar-tartoval/;;;true;
https://elektromos-roller.net/elektromos-roller-kiegeszito-halozati-tolto-588v-2a;/elektromos-roller-kiegeszito-halozati-tolto-588v-2a;termek;"Hálózati töltő - 58,8V 2A - Elektromos roller kiegészítő";1575;TOLTO08;elektromos-roller-kiegeszito-halozati-tolto-588v-2a;/termek/elektromos-roller-kiegeszito-halozati-tolto-588v-2a/;;;true;
https://elektromos-roller.net/segway-g30-max-elektromos-roller-kiegeszito-halozati-gyorstolto-42v-5a;/segway-g30-max-elektromos-roller-kiegeszito-halozati-gyorstolto-42v-5a;termek;Segway G30 Max gyorstöltő - 42V - 5A - Elektromos roller kiegészítő;1578;TOLTO05;segway-g30-max-elektromos-roller-kiegeszito-halozati-gyorstolto-42v-5a;/termek/segway-g30-max-elektromos-roller-kiegeszito-halozati-gyorstolto-42v-5a/;;;true;
https://elektromos-roller.net/bukosisak-elol-hatul-led-lampakkal-feher-1618;/bukosisak-elol-hatul-led-lampakkal-feher-1618;termek;Bukósisak elöl-hátul LED lámpákkal - Fehér - M;1618;SISAK17;bukosisak-elol-hatul-led-lampakkal-feher-1618;/termek/bukosisak-elol-hatul-led-lampakkal-feher-1618/;bukosisak-elol-hatul-led-lampakkal-feher;/termek/bukosisak-elol-hatul-led-lampakkal-feher/;true;opcionálisan tisztítható: az -1618 utótag a Shoprenter azonosítója
https://elektromos-roller.net/bukosisak-elol-hatul-led-lampakkal-turkiz-1619;/bukosisak-elol-hatul-led-lampakkal-turkiz-1619;termek;Bukósisak elöl-hátul LED lámpákkal - Türkiz - M;1619;SISAK15;bukosisak-elol-hatul-led-lampakkal-turkiz-1619;/termek/bukosisak-elol-hatul-led-lampakkal-turkiz-1619/;bukosisak-elol-hatul-led-lampakkal-turkiz;/termek/bukosisak-elol-hatul-led-lampakkal-turkiz/;true;opcionálisan tisztítható: az -1619 utótag a Shoprenter azonosítója
https://elektromos-roller.net/bukosisak-elol-hatul-led-lampakkal-tobb-szellozonyilassal-feher-1623;/bukosisak-elol-hatul-led-lampakkal-tobb-szellozonyilassal-feher-1623;termek;"Bukósisak elöl-hátul LED lámpákkal, több szellőzőnyílással - Fehér - M";1623;SISAK13;bukosisak-elol-hatul-led-lampakkal-tobb-szellozonyilassal-feher-1623;/termek/bukosisak-elol-hatul-led-lampakkal-tobb-szellozonyilassal-feher-1623/;bukosisak-elol-hatul-led-lampakkal-tobb-szellozonyilassal-feher;/termek/bukosisak-elol-hatul-led-lampakkal-tobb-szellozonyilassal-feher/;true;opcionálisan tisztítható: az -1623 utótag a Shoprenter azonosítója
https://elektromos-roller.net/bukosisak-feher-m-;/bukosisak-feher-m-;termek;Bukósisak - Fehér-M;1627;SISAK04/üzlet;bukosisak-feher-m-;/termek/bukosisak-feher-m-/;;;true;
https://elektromos-roller.net/bukosisak-fekete-m-1631;/bukosisak-fekete-m-1631;termek;Bukósisak - szellőző - Fekete - M;1631;SISAK18;bukosisak-fekete-m-1631;/termek/bukosisak-fekete-m-1631/;;;true;"azonosító-utótag (-1631), de a ""bukosisak-fekete-m"" slug már foglalt – maradjon változatlan"
https://elektromos-roller.net/elektromos-roller-kiegeszito-led-es-elso-lampa-fekete-narancssarga;/elektromos-roller-kiegeszito-led-es-elso-lampa-fekete-narancssarga;termek;Elektromos roller - Kiegészítő -  LED-es első lámpa;1640;LMP12/5-21;elektromos-roller-kiegeszito-led-es-elso-lampa-fekete-narancssarga;/termek/elektromos-roller-kiegeszito-led-es-elso-lampa-fekete-narancssarga/;;;true;
https://elektromos-roller.net/elektromos-roller-kiegeszito-led-es-elso-lampa-fekete-citromsarga;/elektromos-roller-kiegeszito-led-es-elso-lampa-fekete-citromsarga;termek;Elektromos roller - Kiegészítő -  LED-es első lámpa;1643;LMP09/5-21;elektromos-roller-kiegeszito-led-es-elso-lampa-fekete-citromsarga;/termek/elektromos-roller-kiegeszito-led-es-elso-lampa-fekete-citromsarga/;;;true;
https://elektromos-roller.net/elektromos-roller-kiegeszito-led-es-elso-lampa-fekete-ezust;/elektromos-roller-kiegeszito-led-es-elso-lampa-fekete-ezust;termek;Elektromos roller - Kiegészítő -  LED-es első lámpa ;1646;LMP14/5-21;elektromos-roller-kiegeszito-led-es-elso-lampa-fekete-ezust;/termek/elektromos-roller-kiegeszito-led-es-elso-lampa-fekete-ezust/;;;true;
https://elektromos-roller.net/elektromos-roller-kiegeszito-led-es-elso-lampa-ezust;/elektromos-roller-kiegeszito-led-es-elso-lampa-ezust;termek;Elektromos roller - Kiegészítő -  LED-es első lámpa - Ezüst;1650;LMP10/5-21;elektromos-roller-kiegeszito-led-es-elso-lampa-ezust;/termek/elektromos-roller-kiegeszito-led-es-elso-lampa-ezust/;;;true;
https://elektromos-roller.net/elektromos-roller-kiegeszito-led-es-elso-lampa-kek;/elektromos-roller-kiegeszito-led-es-elso-lampa-kek;termek;Elektromos roller - Kiegészítő -  LED-es első lámpa - Kék;1652;LMP11/5-21;elektromos-roller-kiegeszito-led-es-elso-lampa-kek;/termek/elektromos-roller-kiegeszito-led-es-elso-lampa-kek/;;;true;
https://elektromos-roller.net/elektromos-roller-kiegeszito-led-es-elso-lampa-piros;/elektromos-roller-kiegeszito-led-es-elso-lampa-piros;termek;Elektromos roller - Kiegészítő -  LED-es első lámpa - Piros;1653;LMP13/5-21;elektromos-roller-kiegeszito-led-es-elso-lampa-piros;/termek/elektromos-roller-kiegeszito-led-es-elso-lampa-piros/;;;true;
https://elektromos-roller.net/elektromos-roller-kiegeszito-hordozhato-kompresszor-pumpa-1662;/elektromos-roller-kiegeszito-hordozhato-kompresszor-pumpa-1662;termek;Elektromos roller Kiegészítő - Hordozható kompresszor - Pumpa;1662;PUMPA01;elektromos-roller-kiegeszito-hordozhato-kompresszor-pumpa-1662;/termek/elektromos-roller-kiegeszito-hordozhato-kompresszor-pumpa-1662/;elektromos-roller-kiegeszito-hordozhato-kompresszor-pumpa;/termek/elektromos-roller-kiegeszito-hordozhato-kompresszor-pumpa/;true;opcionálisan tisztítható: az -1662 utótag a Shoprenter azonosítója
https://elektromos-roller.net/elektromos-roller-kiegeszito-kormanystabilizator-szitalas-gatlo-1701;/elektromos-roller-kiegeszito-kormanystabilizator-szitalas-gatlo-1701;termek;Elektromos Roller - Kiegészítő - Kormánystabilizátor - Szitálás gátló;1701;WHSH2023KIEGKRMNYSTB;elektromos-roller-kiegeszito-kormanystabilizator-szitalas-gatlo-1701;/termek/elektromos-roller-kiegeszito-kormanystabilizator-szitalas-gatlo-1701/;elektromos-roller-kiegeszito-kormanystabilizator-szitalas-gatlo;/termek/elektromos-roller-kiegeszito-kormanystabilizator-szitalas-gatlo/;true;opcionálisan tisztítható: az -1701 utótag a Shoprenter azonosítója
https://elektromos-roller.net/tekercsvedo-vezetek-6-mm-szeles-1-m-hosszu-fekete;/tekercsvedo-vezetek-6-mm-szeles-1-m-hosszu-fekete;termek;Vezetékvédő tekercs 6 mm széles - 1 m hosszú - Fekete;1704;VVT03/9121;tekercsvedo-vezetek-6-mm-szeles-1-m-hosszu-fekete;/termek/tekercsvedo-vezetek-6-mm-szeles-1-m-hosszu-fekete/;;;true;
https://elektromos-roller.net/tekercsvedo-vezetek-6-mm-szeles-1-m-hosszu-piros-1707;/tekercsvedo-vezetek-6-mm-szeles-1-m-hosszu-piros-1707;termek;Vezetékvédő tekercs 6 mm széles - 1 m hosszú - halvány piros;1707;VVT02/9112;tekercsvedo-vezetek-6-mm-szeles-1-m-hosszu-piros-1707;/termek/tekercsvedo-vezetek-6-mm-szeles-1-m-hosszu-piros-1707/;tekercsvedo-vezetek-6-mm-szeles-1-m-hosszu-piros;/termek/tekercsvedo-vezetek-6-mm-szeles-1-m-hosszu-piros/;true;opcionálisan tisztítható: az -1707 utótag a Shoprenter azonosítója
https://elektromos-roller.net/tekercsvedo-vezetek-6-mm-szeles-1-m-hosszu-feher-1708;/tekercsvedo-vezetek-6-mm-szeles-1-m-hosszu-feher-1708;termek;Vezetékvédő tekercs 6 mm széles - 1 m hosszú - Fehér csillámos;1708;VVT01/9111;tekercsvedo-vezetek-6-mm-szeles-1-m-hosszu-feher-1708;/termek/tekercsvedo-vezetek-6-mm-szeles-1-m-hosszu-feher-1708/;tekercsvedo-vezetek-6-mm-szeles-1-m-hosszu-feher;/termek/tekercsvedo-vezetek-6-mm-szeles-1-m-hosszu-feher/;true;opcionálisan tisztítható: az -1708 utótag a Shoprenter azonosítója
https://elektromos-roller.net/tekercsvedo-vezetek-8-mm-szeles-1-m-hosszu-feher-1711;/tekercsvedo-vezetek-8-mm-szeles-1-m-hosszu-feher-1711;termek;Vezetékvédő tekercs 8 mm széles - 1 m hosszú - Fehér;1711;VVT04/9122;tekercsvedo-vezetek-8-mm-szeles-1-m-hosszu-feher-1711;/termek/tekercsvedo-vezetek-8-mm-szeles-1-m-hosszu-feher-1711/;tekercsvedo-vezetek-8-mm-szeles-1-m-hosszu-feher;/termek/tekercsvedo-vezetek-8-mm-szeles-1-m-hosszu-feher/;true;opcionálisan tisztítható: az -1711 utótag a Shoprenter azonosítója
https://elektromos-roller.net/tekercsvedo-vezetek-8-mm-szeles-1-m-hosszu-fekete-1712;/tekercsvedo-vezetek-8-mm-szeles-1-m-hosszu-fekete-1712;termek;Vezetékvédő tekercs 8 mm széles - 1 m hosszú - Fekete;1712;VVT06/9132-9141;tekercsvedo-vezetek-8-mm-szeles-1-m-hosszu-fekete-1712;/termek/tekercsvedo-vezetek-8-mm-szeles-1-m-hosszu-fekete-1712/;tekercsvedo-vezetek-8-mm-szeles-1-m-hosszu-fekete;/termek/tekercsvedo-vezetek-8-mm-szeles-1-m-hosszu-fekete/;true;opcionálisan tisztítható: az -1712 utótag a Shoprenter azonosítója
https://elektromos-roller.net/tekercsvedo-vezetek-8-mm-szeles-1-m-hosszu-piros-1714;/tekercsvedo-vezetek-8-mm-szeles-1-m-hosszu-piros-1714;termek;Vezetékvédő tekercs 8 mm széles - 1 m hosszú - Piros;1714;VVT05/9131/üzletben;tekercsvedo-vezetek-8-mm-szeles-1-m-hosszu-piros-1714;/termek/tekercsvedo-vezetek-8-mm-szeles-1-m-hosszu-piros-1714/;tekercsvedo-vezetek-8-mm-szeles-1-m-hosszu-piros;/termek/tekercsvedo-vezetek-8-mm-szeles-1-m-hosszu-piros/;true;opcionálisan tisztítható: az -1714 utótag a Shoprenter azonosítója
https://elektromos-roller.net/elektromos-roller-kiegeszito-mountain-bike-kormany-piros-1717;/elektromos-roller-kiegeszito-mountain-bike-kormany-piros-1717;termek;Kormány rúd - Elektromos Roller - Kiegészítő - Piros;1717;WHSH2021KIEGMBKRMNYPRS;elektromos-roller-kiegeszito-mountain-bike-kormany-piros-1717;/termek/elektromos-roller-kiegeszito-mountain-bike-kormany-piros-1717/;elektromos-roller-kiegeszito-mountain-bike-kormany-piros;/termek/elektromos-roller-kiegeszito-mountain-bike-kormany-piros/;true;opcionálisan tisztítható: az -1717 utótag a Shoprenter azonosítója
https://elektromos-roller.net/elektromos-roller-kiegeszito-telefontarto-fekete-1724;/elektromos-roller-kiegeszito-telefontarto-fekete-1724;termek;Elektromos roller - Kiegészítő - Telefontartó - Fekete / fém;1724;TELTART06;elektromos-roller-kiegeszito-telefontarto-fekete-1724;/termek/elektromos-roller-kiegeszito-telefontarto-fekete-1724/;elektromos-roller-kiegeszito-telefontarto-fekete;/termek/elektromos-roller-kiegeszito-telefontarto-fekete/;true;opcionálisan tisztítható: az -1724 utótag a Shoprenter azonosítója
https://elektromos-roller.net/elektromos-roller-kiegeszito-napelemes-ujratoltheto-lampa;/elektromos-roller-kiegeszito-napelemes-ujratoltheto-lampa;termek;Elektromos roller - Kiegészítő - Napelemes újratölthető lámpa dudával;1726;LMP05;elektromos-roller-kiegeszito-napelemes-ujratoltheto-lampa;/termek/elektromos-roller-kiegeszito-napelemes-ujratoltheto-lampa/;;;true;
https://elektromos-roller.net/szelepszar-hosszabbito-elektromos-roller-alkatresz-1896;/szelepszar-hosszabbito-elektromos-roller-alkatresz-1896;termek;Szelepszár-hosszabbító - Elektromos roller alkatrész;1896;SZHOSSZ02/üzlet;szelepszar-hosszabbito-elektromos-roller-alkatresz-1896;/termek/szelepszar-hosszabbito-elektromos-roller-alkatresz-1896/;szelepszar-hosszabbito-elektromos-roller-alkatresz;/termek/szelepszar-hosszabbito-elektromos-roller-alkatresz/;true;opcionálisan tisztítható: az -1896 utótag a Shoprenter azonosítója
https://elektromos-roller.net/xiaomi-elektromos-roller-alkatresz-m365-csengo-1900;/xiaomi-elektromos-roller-alkatresz-m365-csengo-1900;termek;Xiaomi elektromos roller alkatrész - M365 csengő - piros;1900;CSENG03;xiaomi-elektromos-roller-alkatresz-m365-csengo-1900;/termek/xiaomi-elektromos-roller-alkatresz-m365-csengo-1900/;;;true;"azonosító-utótag (-1900), de a ""xiaomi-elektromos-roller-alkatresz-m365-csengo"" slug már foglalt – maradjon változatlan"
https://elektromos-roller.net/xiaomi-elektromos-roller-alkatresz-m365-csengo-fekete-1905;/xiaomi-elektromos-roller-alkatresz-m365-csengo-fekete-1905;termek;Xiaomi elektromos roller alkatrész - M365 csengő - fekete;1905;CSENG02;xiaomi-elektromos-roller-alkatresz-m365-csengo-fekete-1905;/termek/xiaomi-elektromos-roller-alkatresz-m365-csengo-fekete-1905/;xiaomi-elektromos-roller-alkatresz-m365-csengo-fekete;/termek/xiaomi-elektromos-roller-alkatresz-m365-csengo-fekete/;true;opcionálisan tisztítható: az -1905 utótag a Shoprenter azonosítója
https://elektromos-roller.net/merev-boritasu-taska-3l-elektromos-roller-kiegeszito-terepmintas-fekete-feher;/merev-boritasu-taska-3l-elektromos-roller-kiegeszito-terepmintas-fekete-feher;termek;Merev borítású táska 3L - terepmintás (fekete-fehér) - Elektromos roller kiegészítő;2031;TASKA09;merev-boritasu-taska-3l-elektromos-roller-kiegeszito-terepmintas-fekete-feher;/termek/merev-boritasu-taska-3l-elektromos-roller-kiegeszito-terepmintas-fekete-feher/;;;true;
https://elektromos-roller.net/elektromos-roller-kiegeszito-vezetek-nelkuli-led-es-lampa-iranyjelzo-funkcioval-index;/elektromos-roller-kiegeszito-vezetek-nelkuli-led-es-lampa-iranyjelzo-funkcioval-index;termek;Vezeték nélküli LED-es lámpa irányjelző  funkcióval - Index - Elektromos roller kiegészítő - narancssárga;2040;INDEX03/üzletben;elektromos-roller-kiegeszito-vezetek-nelkuli-led-es-lampa-iranyjelzo-funkcioval-index;/termek/elektromos-roller-kiegeszito-vezetek-nelkuli-led-es-lampa-iranyjelzo-funkcioval-index/;;;true;
https://elektromos-roller.net/bukosisak-lagy-kek-l;/bukosisak-lagy-kek-l;termek;Bukósisak - Lágy kék - L-es méret;2054;SISAK09;bukosisak-lagy-kek-l;/termek/bukosisak-lagy-kek-l/;;;true;
https://elektromos-roller.net/merev-boritasu-taska-3l-terepmintas-zold-barna-elektromos-roller-kiegeszito-2088;/merev-boritasu-taska-3l-terepmintas-zold-barna-elektromos-roller-kiegeszito-2088;termek;Merev borítású táska 3L - terepmintás (zöld-barna) - Elektromos roller kiegészítő;2088;TASKA10;merev-boritasu-taska-3l-terepmintas-zold-barna-elektromos-roller-kiegeszito-2088;/termek/merev-boritasu-taska-3l-terepmintas-zold-barna-elektromos-roller-kiegeszito-2088/;merev-boritasu-taska-3l-terepmintas-zold-barna-elektromos-roller-kiegeszito;/termek/merev-boritasu-taska-3l-terepmintas-zold-barna-elektromos-roller-kiegeszito/;true;opcionálisan tisztítható: az -2088 utótag a Shoprenter azonosítója
https://elektromos-roller.net/esoallo-merev-boritasu-taska-1l-fekete-elektromos-roller-kiegeszito-2093;/esoallo-merev-boritasu-taska-1l-fekete-elektromos-roller-kiegeszito-2093;termek;Esőálló merev borítású táska 1L - fekete - Elektromos roller kiegészítő;2093;TASKA03;esoallo-merev-boritasu-taska-1l-fekete-elektromos-roller-kiegeszito-2093;/termek/esoallo-merev-boritasu-taska-1l-fekete-elektromos-roller-kiegeszito-2093/;esoallo-merev-boritasu-taska-1l-fekete-elektromos-roller-kiegeszito;/termek/esoallo-merev-boritasu-taska-1l-fekete-elektromos-roller-kiegeszito/;true;opcionálisan tisztítható: az -2093 utótag a Shoprenter azonosítója
https://elektromos-roller.net/kulcsos-zar-lakat-elektromos-roller-kiegeszito-babakek;/kulcsos-zar-lakat-elektromos-roller-kiegeszito-babakek;termek;Kulcsos zár - Lakat  - Elektromos Roller kiegészítő - kék;2111;LAKAT01;kulcsos-zar-lakat-elektromos-roller-kiegeszito-babakek;/termek/kulcsos-zar-lakat-elektromos-roller-kiegeszito-babakek/;;;true;
https://elektromos-roller.net/szamkombinacios-zar-lakat-elektromos-roller-kiegeszito-piros;/szamkombinacios-zar-lakat-elektromos-roller-kiegeszito-piros;termek;Számkombinációs zár - Lakat - Elektromos Roller kiegészítő - piros;2113;LAKAT03;szamkombinacios-zar-lakat-elektromos-roller-kiegeszito-piros;/termek/szamkombinacios-zar-lakat-elektromos-roller-kiegeszito-piros/;;;true;
https://elektromos-roller.net/szamkombinacios-zar-lakat-elektromos-roller-kiegeszito-zold;/szamkombinacios-zar-lakat-elektromos-roller-kiegeszito-zold;termek;Számkombinációs zár - Lakat - Elektromos Roller kiegészítő - zöld;2114;LAKAT04;szamkombinacios-zar-lakat-elektromos-roller-kiegeszito-zold;/termek/szamkombinacios-zar-lakat-elektromos-roller-kiegeszito-zold/;;;true;
https://elektromos-roller.net/szamkombinacios-zar-lakat-elektromos-roller-kiegeszito-graffiti;/szamkombinacios-zar-lakat-elektromos-roller-kiegeszito-graffiti;termek;Számkombinációs zár - Lakat - Elektromos Roller kiegészítő - graffiti;2116;LAKAT05;szamkombinacios-zar-lakat-elektromos-roller-kiegeszito-graffiti;/termek/szamkombinacios-zar-lakat-elektromos-roller-kiegeszito-graffiti/;;;true;
https://elektromos-roller.net/szamkombinacios-zar-lakat-elektromos-roller-kiegeszito-kek;/szamkombinacios-zar-lakat-elektromos-roller-kiegeszito-kek;termek;Számkombinációs spirál zár - Lakat - Elektromos Roller kiegészítő -kék;2120;LAKAT07;szamkombinacios-zar-lakat-elektromos-roller-kiegeszito-kek;/termek/szamkombinacios-zar-lakat-elektromos-roller-kiegeszito-kek/;;;true;
https://elektromos-roller.net/szamkombinacios-zar-lakat-elektromos-roller-kiegeszito-malyva;/szamkombinacios-zar-lakat-elektromos-roller-kiegeszito-malyva;termek;Számkombinációs spirál zár - Lakat - Elektromos Roller kiegészítő -mályva;2122;LAKAT08;szamkombinacios-zar-lakat-elektromos-roller-kiegeszito-malyva;/termek/szamkombinacios-zar-lakat-elektromos-roller-kiegeszito-malyva/;;;true;
https://elektromos-roller.net/lathatosagi-melleny-elektromos-roller-kiegeszito-01;/lathatosagi-melleny-elektromos-roller-kiegeszito-01;termek;Láthatósági mellény  - Elektromos roller kiegészítő - 01;2124;LATHAT01;lathatosagi-melleny-elektromos-roller-kiegeszito-01;/termek/lathatosagi-melleny-elektromos-roller-kiegeszito-01/;;;true;
https://elektromos-roller.net/lathatosagi-melleny-elektromos-roller-kiegeszito-02;/lathatosagi-melleny-elektromos-roller-kiegeszito-02;termek;Láthatósági mellény  - Elektromos roller kiegészítő - 02;2126;LATHAT02;lathatosagi-melleny-elektromos-roller-kiegeszito-02;/termek/lathatosagi-melleny-elektromos-roller-kiegeszito-02/;;;true;
https://elektromos-roller.net/markolat-led-iranyjelzo-index;/markolat-led-iranyjelzo-index;termek;Markolat LED-es irányjelző funkcióval - Index - Elektromos roller kiegészítő;2128;INDEX01/üzletben;markolat-led-iranyjelzo-index;/termek/markolat-led-iranyjelzo-index/;;;true;
https://elektromos-roller.net/elektromos-roller-kiegeszito-toltheto-led-es-elso-lampa-lmp06;/elektromos-roller-kiegeszito-toltheto-led-es-elso-lampa-lmp06;termek;Tölthető LED-es első lámpa - Elektromos roller kiegészítő;2130;LMP06;elektromos-roller-kiegeszito-toltheto-led-es-elso-lampa-lmp06;/termek/elektromos-roller-kiegeszito-toltheto-led-es-elso-lampa-lmp06/;;;true;
https://elektromos-roller.net/toltheto-led-es-elso-lampa-elektromos-roller-kiegeszito-lmp07;/toltheto-led-es-elso-lampa-elektromos-roller-kiegeszito-lmp07;termek;Tölthető LED-es első lámpa - 400 Lumen - Elektromos roller kiegészítő ;2133;LMP07;toltheto-led-es-elso-lampa-elektromos-roller-kiegeszito-lmp07;/termek/toltheto-led-es-elso-lampa-elektromos-roller-kiegeszito-lmp07/;;;true;
https://elektromos-roller.net/toltheto-led-es-elso-lampa-elektromos-roller-kiegeszito-lmp08;/toltheto-led-es-elso-lampa-elektromos-roller-kiegeszito-lmp08;termek;Tölthető LED-es első lámpa - Elektromos roller kiegészítő;2135;LMP08;toltheto-led-es-elso-lampa-elektromos-roller-kiegeszito-lmp08;/termek/toltheto-led-es-elso-lampa-elektromos-roller-kiegeszito-lmp08/;;;true;
https://elektromos-roller.net/lathatosagi-melleny-elektromos-roller-kiegeszito-04;/lathatosagi-melleny-elektromos-roller-kiegeszito-04;termek;Láthatósági mellény  - Elektromos roller kiegészítő - 04;2136;LATHAT04;lathatosagi-melleny-elektromos-roller-kiegeszito-04;/termek/lathatosagi-melleny-elektromos-roller-kiegeszito-04/;;;true;
https://elektromos-roller.net/hordozo-taska-elektromos-roller-kiegeszito;/hordozo-taska-elektromos-roller-kiegeszito;termek;Hordozó táska - elektromos roller kiegészítő;2141;TASKA01;hordozo-taska-elektromos-roller-kiegeszito;/termek/hordozo-taska-elektromos-roller-kiegeszito/;;;true;
https://elektromos-roller.net/hordozo-taska-kugoo-elektromos-roller-kiegeszito;/hordozo-taska-kugoo-elektromos-roller-kiegeszito;termek;"Hordozó táska Kugoo S1, S1 Pro típusú rollerekhez - elektromos roller kiegészítő";2163;TASKA02;hordozo-taska-kugoo-elektromos-roller-kiegeszito;/termek/hordozo-taska-kugoo-elektromos-roller-kiegeszito/;;;true;
https://elektromos-roller.net/hatso-csomagtarto-elektromos-roller-kiegeszito;/hatso-csomagtarto-elektromos-roller-kiegeszito;termek;Hátsó csomagtartó - Ninebot Max G30 típusú elektromos rollerekhez - kiegészítő;2168;CSOMTART01;hatso-csomagtarto-elektromos-roller-kiegeszito;/termek/hatso-csomagtarto-elektromos-roller-kiegeszito/;;;true;
https://elektromos-roller.net/kormanytoldo-rud-elektromos-roller-kiegeszito-kek;/kormanytoldo-rud-elektromos-roller-kiegeszito-kek;termek;Kormánytoldó rúd - Elektromos Roller - Kiegészítő - kék;2186;KORTOLD02/ULIP;kormanytoldo-rud-elektromos-roller-kiegeszito-kek;/termek/kormanytoldo-rud-elektromos-roller-kiegeszito-kek/;;;true;
https://elektromos-roller.net/elektromos-roller-kiegeszito-halozati-tolto-546v-2a-ventillatoros-2189;/elektromos-roller-kiegeszito-halozati-tolto-546v-2a-ventillatoros-2189;termek;"Elektromos roller - Kiegészítő - Hálózati töltő 54,6V 2A ";2189;TOLTO03;elektromos-roller-kiegeszito-halozati-tolto-546v-2a-ventillatoros-2189;/termek/elektromos-roller-kiegeszito-halozati-tolto-546v-2a-ventillatoros-2189/;elektromos-roller-kiegeszito-halozati-tolto-546v-2a-ventillatoros;/termek/elektromos-roller-kiegeszito-halozati-tolto-546v-2a-ventillatoros/;true;opcionálisan tisztítható: az -2189 utótag a Shoprenter azonosítója
https://elektromos-roller.net/toltheto-led-es-elso-lampa-300-lumen-elektromos-roller-kiegeszito;/toltheto-led-es-elso-lampa-300-lumen-elektromos-roller-kiegeszito;termek;Tölthető LED-es első lámpa - 300 Lumen - Elektromos roller kiegészítő ;2192;LMP15;toltheto-led-es-elso-lampa-300-lumen-elektromos-roller-kiegeszito;/termek/toltheto-led-es-elso-lampa-300-lumen-elektromos-roller-kiegeszito/;;;true;
https://elektromos-roller.net/elektromos-roller-kiegeszito-tolto-42v-2a-2193;/elektromos-roller-kiegeszito-tolto-42v-2a-2193;termek;Töltő - gyorstöltő - 84V 5A - Elektromos roller kiegészítő;2193;TOLTO07;elektromos-roller-kiegeszito-tolto-42v-2a-2193;/termek/elektromos-roller-kiegeszito-tolto-42v-2a-2193/;elektromos-roller-kiegeszito-tolto-42v-2a;/termek/elektromos-roller-kiegeszito-tolto-42v-2a/;true;opcionálisan tisztítható: az -2193 utótag a Shoprenter azonosítója
https://elektromos-roller.net/bukosisak-feket-m-es-meret;/bukosisak-feket-m-es-meret;termek;Bukósisak -fekete - M-es méret;2196;SISAK19;bukosisak-feket-m-es-meret;/termek/bukosisak-feket-m-es-meret/;;;true;
https://elektromos-roller.net/bukosisak-fekete-l-es-meret;/bukosisak-fekete-l-es-meret;termek;Bukósisak -fekete - L-es méret;2199;SISAK20;bukosisak-fekete-l-es-meret;/termek/bukosisak-fekete-l-es-meret/;;;true;
https://elektromos-roller.net/halozati-tolto-41v-2a-mi4-elektromos-roller-kiegeszito;/halozati-tolto-41v-2a-mi4-elektromos-roller-kiegeszito;termek;Hálózati töltő - 41V 2A - Mi4 - Elektromos roller kiegészítő;2204;TOLTO11;halozati-tolto-41v-2a-mi4-elektromos-roller-kiegeszito;/termek/halozati-tolto-41v-2a-mi4-elektromos-roller-kiegeszito/;;;true;
https://elektromos-roller.net/vedofelszereles-konyokvedo-terdvedo-csuklovedo-kek-szinben-2221;/vedofelszereles-konyokvedo-terdvedo-csuklovedo-kek-szinben-2221;termek;"Védőfelszerelés (Könyökvédő, térdvédő, csuklóvédő) - pink színben";2221;VEDO02/üzlet;vedofelszereles-konyokvedo-terdvedo-csuklovedo-kek-szinben-2221;/termek/vedofelszereles-konyokvedo-terdvedo-csuklovedo-kek-szinben-2221/;vedofelszereles-konyokvedo-terdvedo-csuklovedo-kek-szinben;/termek/vedofelszereles-konyokvedo-terdvedo-csuklovedo-kek-szinben/;true;opcionálisan tisztítható: az -2221 utótag a Shoprenter azonosítója
https://elektromos-roller.net/osszecsukahato-szamkombinacios-zar-lakat-elektromos-roller-kiegeszito;/osszecsukahato-szamkombinacios-zar-lakat-elektromos-roller-kiegeszito;termek;Összecsukható számkombinációs zár - Elektromos Roller kiegészítő;2404;LAKAT11/ULIP667;osszecsukahato-szamkombinacios-zar-lakat-elektromos-roller-kiegeszito;/termek/osszecsukahato-szamkombinacios-zar-lakat-elektromos-roller-kiegeszito/;;;true;
https://elektromos-roller.net/kormanytoldo-rud-elektromos-roller-kiegeszito-piros-2414;/kormanytoldo-rud-elektromos-roller-kiegeszito-piros-2414;termek;Kormánytoldó rúd - Elektromos Roller - Kiegészítő - fekete;2414;KORTOLD03/ULIP;kormanytoldo-rud-elektromos-roller-kiegeszito-piros-2414;/termek/kormanytoldo-rud-elektromos-roller-kiegeszito-piros-2414/;kormanytoldo-rud-elektromos-roller-kiegeszito-piros;/termek/kormanytoldo-rud-elektromos-roller-kiegeszito-piros/;true;opcionálisan tisztítható: az -2414 utótag a Shoprenter azonosítója
https://elektromos-roller.net/vezetekvedo-tekercs-110cm-hosszu-fekete;/vezetekvedo-tekercs-110cm-hosszu-fekete;termek;Vezetékvédő tekercs  - 110 cm - Fekete;2419;VVT07/9-141;vezetekvedo-tekercs-110cm-hosszu-fekete;/termek/vezetekvedo-tekercs-110cm-hosszu-fekete/;;;true;
https://elektromos-roller.net/esoallo-merev-boritasu-taska-4l-fekete-elektromos-roller-kiegeszito;/esoallo-merev-boritasu-taska-4l-fekete-elektromos-roller-kiegeszito;termek;Esőálló merev borítású táska - 4 L - fekete - Elektromos roller kiegészítő;2453;TASKA12;esoallo-merev-boritasu-taska-4l-fekete-elektromos-roller-kiegeszito;/termek/esoallo-merev-boritasu-taska-4l-fekete-elektromos-roller-kiegeszito/;;;true;
https://elektromos-roller.net/csomagtarto-taska-8-l-fekete-elektromos-roller-kiegeszito;/csomagtarto-taska-8-l-fekete-elektromos-roller-kiegeszito;termek;Csomagtartó táska - Elektromos roller kiegészítő;2454;TASKA13;csomagtarto-taska-8-l-fekete-elektromos-roller-kiegeszito;/termek/csomagtarto-taska-8-l-fekete-elektromos-roller-kiegeszito/;;;true;
https://elektromos-roller.net/elektromos-roller-alkatresz-kormanyszar-befogo-stucni;/elektromos-roller-alkatresz-kormanyszar-befogo-stucni;termek;Kormányszár befogó - Stucni - elektromos roller alkatrész;2458;KSF01/3-32;elektromos-roller-alkatresz-kormanyszar-befogo-stucni;/termek/elektromos-roller-alkatresz-kormanyszar-befogo-stucni/;;;true;
https://elektromos-roller.net/kormany-rud-elektromos-roller-kiegeszito-kek-hajlitott;/kormany-rud-elektromos-roller-kiegeszito-kek-hajlitott;termek;Kormány - kormány rúd - Elektromos Roller - Kiegészítő ;2464;KOCSO03;kormany-rud-elektromos-roller-kiegeszito-kek-hajlitott;/termek/kormany-rud-elektromos-roller-kiegeszito-kek-hajlitott/;;;true;
https://elektromos-roller.net/kormany-kormany-rud-elektromos-roller-kiegeszito-fekete;/kormany-kormany-rud-elektromos-roller-kiegeszito-fekete;termek;Kormány - kormány rúd - Elektromos Roller - Kiegészítő ;2465;KOCSO05;kormany-kormany-rud-elektromos-roller-kiegeszito-fekete;/termek/kormany-kormany-rud-elektromos-roller-kiegeszito-fekete/;;;true;
https://elektromos-roller.net/telefontarto-elektromos-roller-kiegeszito-fekete-gumis;/telefontarto-elektromos-roller-kiegeszito-fekete-gumis;termek;Telefontartó - Elektromos roller kiegészítő -fekete-gumis;2494;TELTART08;telefontarto-elektromos-roller-kiegeszito-fekete-gumis;/termek/telefontarto-elektromos-roller-kiegeszito-fekete-gumis/;;;true;
https://elektromos-roller.net/elektromos-roller-kiegeszito-gyerek-kormany-xiaomi;/elektromos-roller-kiegeszito-gyerek-kormany-xiaomi;termek;Elektromos Roller - Kiegészítő - Gyerek kormány - 3.sz. - Xiaomi típusú rollerekhez;2497;GYKORM03;elektromos-roller-kiegeszito-gyerek-kormany-xiaomi;/termek/elektromos-roller-kiegeszito-gyerek-kormany-xiaomi/;;;true;
https://elektromos-roller.net/roller-tarto-fali-konzol-elektromos-roller-kiegeszito;/roller-tarto-fali-konzol-elektromos-roller-kiegeszito;termek;"Roller tartó, fali konzol - Xiaomi típusú elektromos rollerhez";2505;TARTO01;roller-tarto-fali-konzol-elektromos-roller-kiegeszito;/termek/roller-tarto-fali-konzol-elektromos-roller-kiegeszito/;;;true;
https://elektromos-roller.net/ninebot-segway-max-g30-csengo-elektromos-roller-alkatresz;/ninebot-segway-max-g30-csengo-elektromos-roller-alkatresz;termek;Ninebot Segway Max G30 csengő - elektromos roller alkatrész;2511;CSENG04;ninebot-segway-max-g30-csengo-elektromos-roller-alkatresz;/termek/ninebot-segway-max-g30-csengo-elektromos-roller-alkatresz/;;;true;
https://elektromos-roller.net/tolto-54-6v-2a-elektromos-rollerhez;/tolto-54-6v-2a-elektromos-rollerhez;termek;"Hálózati töltő 54,6V 2A - Elektromos roller kiegészítő";2513;TOLTO20;tolto-54-6v-2a-elektromos-rollerhez;/termek/tolto-54-6v-2a-elektromos-rollerhez/;;;true;
https://elektromos-roller.net/tolto-42v-2a-xiaomi-segway-akai-elektromos-roller-kiegeszito-2522;/tolto-42v-2a-xiaomi-segway-akai-elektromos-roller-kiegeszito-2522;termek;Töltő - 42V - 2A - Elektromos roller kiegészítő ;2522;TOLTO21;tolto-42v-2a-xiaomi-segway-akai-elektromos-roller-kiegeszito-2522;/termek/tolto-42v-2a-xiaomi-segway-akai-elektromos-roller-kiegeszito-2522/;tolto-42v-2a-xiaomi-segway-akai-elektromos-roller-kiegeszito;/termek/tolto-42v-2a-xiaomi-segway-akai-elektromos-roller-kiegeszito/;true;opcionálisan tisztítható: az -2522 utótag a Shoprenter azonosítója
https://elektromos-roller.net/bukosisak-elol-hatul-led-lampakkal-feher-xl;/bukosisak-elol-hatul-led-lampakkal-feher-xl;termek;Bukósisak elöl-hátul LED lámpákkal - Fehér - XL;2539;SISAK23;bukosisak-elol-hatul-led-lampakkal-feher-xl;/termek/bukosisak-elol-hatul-led-lampakkal-feher-xl/;;;true;
https://elektromos-roller.net/ezust-kek-matrica-szett-xiaomi-elektromos-rollerhez-kiegeszito-2575;/ezust-kek-matrica-szett-xiaomi-elektromos-rollerhez-kiegeszito-2575;termek;Fellépő matrica - Xiaomi M365 elektromos rollerhez - szilikon;2575;CSM08;ezust-kek-matrica-szett-xiaomi-elektromos-rollerhez-kiegeszito-2575;/termek/ezust-kek-matrica-szett-xiaomi-elektromos-rollerhez-kiegeszito-2575/;ezust-kek-matrica-szett-xiaomi-elektromos-rollerhez-kiegeszito;/termek/ezust-kek-matrica-szett-xiaomi-elektromos-rollerhez-kiegeszito/;true;opcionálisan tisztítható: az -2575 utótag a Shoprenter azonosítója
https://elektromos-roller.net/elektromos-roller-kiegeszito-halozati-tolto-67-2v;/elektromos-roller-kiegeszito-halozati-tolto-67-2v;termek;"Elektromos roller - Kiegészítő - Hálózati töltő 67,2V 2A ";2579;TOLTO09;elektromos-roller-kiegeszito-halozati-tolto-67-2v;/termek/elektromos-roller-kiegeszito-halozati-tolto-67-2v/;;;true;
https://elektromos-roller.net/elektromos-roller-kiegeszito-visszapillanto-tukor-sisakra-2-db;/elektromos-roller-kiegeszito-visszapillanto-tukor-sisakra-2-db;termek;Sisakra szerelhető oldalsó tükör (2 db);2611;TÜK03;elektromos-roller-kiegeszito-visszapillanto-tukor-sisakra-2-db;/termek/elektromos-roller-kiegeszito-visszapillanto-tukor-sisakra-2-db/;;;true;
https://elektromos-roller.net/telefontarto-elektromos-roller-kiegeszito-fekete-2634;/telefontarto-elektromos-roller-kiegeszito-fekete-2634;termek;Telefontartó XXL - Elektromos roller kiegészítő -fekete;2634;TELTART09;telefontarto-elektromos-roller-kiegeszito-fekete-2634;/termek/telefontarto-elektromos-roller-kiegeszito-fekete-2634/;telefontarto-elektromos-roller-kiegeszito-fekete;/termek/telefontarto-elektromos-roller-kiegeszito-fekete/;true;opcionálisan tisztítható: az -2634 utótag a Shoprenter azonosítója
https://elektromos-roller.net/zart-bukosisak-m-kekfekete-2649;/zart-bukosisak-m-kekfekete-2649;termek;Zárt bukósisak - M - fekete-neon;2649;SISAK24;zart-bukosisak-m-kekfekete-2649;/termek/zart-bukosisak-m-kekfekete-2649/;zart-bukosisak-m-kekfekete;/termek/zart-bukosisak-m-kekfekete/;true;opcionálisan tisztítható: az -2649 utótag a Shoprenter azonosítója
https://elektromos-roller.net/zart-bukosisak-m-fekete-neon-2650;/zart-bukosisak-m-fekete-neon-2650;termek;Zárt bukósisak - L - fekete-neon;2650;SISAK25;zart-bukosisak-m-fekete-neon-2650;/termek/zart-bukosisak-m-fekete-neon-2650/;zart-bukosisak-m-fekete-neon;/termek/zart-bukosisak-m-fekete-neon/;true;opcionálisan tisztítható: az -2650 utótag a Shoprenter azonosítója
https://elektromos-roller.net/elektromos-roller-kiegeszito-kormanystabilizator-szitalasgatlo-piros;/elektromos-roller-kiegeszito-kormanystabilizator-szitalasgatlo-piros;termek;Elektromos Roller - Kiegészítő - Kormánystabilizátor - Szitálásgátló - Piros;2656;SZIT01;elektromos-roller-kiegeszito-kormanystabilizator-szitalasgatlo-piros;/termek/elektromos-roller-kiegeszito-kormanystabilizator-szitalasgatlo-piros/;;;true;
https://elektromos-roller.net/esoallo-merev-boritasu-taska-2l-fekete-elektromos-roller-kiegeszito;/esoallo-merev-boritasu-taska-2l-fekete-elektromos-roller-kiegeszito;termek;Esőálló merev borítású táska - 2L - fekete - Elektromos roller kiegészítő;2716;TASKA14;esoallo-merev-boritasu-taska-2l-fekete-elektromos-roller-kiegeszito;/termek/esoallo-merev-boritasu-taska-2l-fekete-elektromos-roller-kiegeszito/;;;true;
https://elektromos-roller.net/esoallo-merev-boritasu-taska-3l-fekete-elektromos-roller-kiegeszito;/esoallo-merev-boritasu-taska-3l-fekete-elektromos-roller-kiegeszito;termek;Esőálló merev borítású táska - 3L - fekete - Elektromos roller kiegészítő;2719;TASKA15;esoallo-merev-boritasu-taska-3l-fekete-elektromos-roller-kiegeszito;/termek/esoallo-merev-boritasu-taska-3l-fekete-elektromos-roller-kiegeszito/;;;true;
https://elektromos-roller.net/esoallo-merev-boritasu-taska-4-l-fekete-elektromos-roller-kiegeszito-2720;/esoallo-merev-boritasu-taska-4-l-fekete-elektromos-roller-kiegeszito-2720;termek;Esőálló merev borítású táska - fekete - Elektromos roller kiegészítő;2720;TASKA16;esoallo-merev-boritasu-taska-4-l-fekete-elektromos-roller-kiegeszito-2720;/termek/esoallo-merev-boritasu-taska-4-l-fekete-elektromos-roller-kiegeszito-2720/;esoallo-merev-boritasu-taska-4-l-fekete-elektromos-roller-kiegeszito;/termek/esoallo-merev-boritasu-taska-4-l-fekete-elektromos-roller-kiegeszito/;true;opcionálisan tisztítható: az -2720 utótag a Shoprenter azonosítója
https://elektromos-roller.net/elektromos-roller-kiegeszito-halozati-tolto-546v-2a-2727;/elektromos-roller-kiegeszito-halozati-tolto-546v-2a-2727;termek;"Elektromos roller - Kiegészítő - Hálózati töltő 58,8V 2A  -CQ - Kukirin G2 Master";2727;TOLTO30;elektromos-roller-kiegeszito-halozati-tolto-546v-2a-2727;/termek/elektromos-roller-kiegeszito-halozati-tolto-546v-2a-2727/;elektromos-roller-kiegeszito-halozati-tolto-546v-2a;/termek/elektromos-roller-kiegeszito-halozati-tolto-546v-2a/;true;opcionálisan tisztítható: az -2727 utótag a Shoprenter azonosítója
https://elektromos-roller.net/xiaomi-elektromos-roller-alkatresz-kitamaszto;/xiaomi-elektromos-roller-alkatresz-kitamaszto;termek;Kitámasztó - Xiaomi elektromos roller alkatrész;715;KITAM01-1/4-21;xiaomi-elektromos-roller-alkatresz-kitamaszto;/termek/xiaomi-elektromos-roller-alkatresz-kitamaszto/;;;true;
https://elektromos-roller.net/xiaomi-kijelzovedo-szilikon-elektromos-roller-kiegeszito-kek;/xiaomi-kijelzovedo-szilikon-elektromos-roller-kiegeszito-kek;termek;Xiaomi kijelzővédő szilikon - elektromos roller kiegészítő - Világoskék;1553;KIJVED04;xiaomi-kijelzovedo-szilikon-elektromos-roller-kiegeszito-kek;/termek/xiaomi-kijelzovedo-szilikon-elektromos-roller-kiegeszito-kek/;;;true;
https://elektromos-roller.net/elektromos-roller-alkatresz-kormany-osszecsuko-mechanizmus-segway-ninebot-g30-max;/elektromos-roller-alkatresz-kormany-osszecsuko-mechanizmus-segway-ninebot-g30-max;termek;Kormány csukló - Kormány összecsukó mechanizmus - Segway Ninebot G30 Max ;1739;KORMCSUK03/4-322;elektromos-roller-alkatresz-kormany-osszecsuko-mechanizmus-segway-ninebot-g30-max;/termek/elektromos-roller-alkatresz-kormany-osszecsuko-mechanizmus-segway-ninebot-g30-max/;;;true;
https://elektromos-roller.net/elektromos-roller-alkatresz-kormanymagasito-254mm;/elektromos-roller-alkatresz-kormanymagasito-254mm;termek;"Elektromos roller - Alkatrész - Kormánymagasító - 25,4mm";1742;WHSH2024ALKKRMNYMGST;elektromos-roller-alkatresz-kormanymagasito-254mm;/termek/elektromos-roller-alkatresz-kormanymagasito-254mm/;;;true;
https://elektromos-roller.net/xiaomi-hatso-csavartakaro-boritas-fenyvisszavero-prizmaval-elektromos-roller-kiegeszito-szett-2138;/xiaomi-hatso-csavartakaro-boritas-fenyvisszavero-prizmaval-elektromos-roller-kiegeszito-szett-2138;termek;Xiaomi első fényvisszaverő prizma - elektromos roller alkatrész;2138;PRIZ01/10-121;xiaomi-hatso-csavartakaro-boritas-fenyvisszavero-prizmaval-elektromos-roller-kiegeszito-szett-2138;/termek/xiaomi-hatso-csavartakaro-boritas-fenyvisszavero-prizmaval-elektromos-roller-kiegeszito-szett-2138/;xiaomi-hatso-csavartakaro-boritas-fenyvisszavero-prizmaval-elektromos-roller-kiegeszito-szett;/termek/xiaomi-hatso-csavartakaro-boritas-fenyvisszavero-prizmaval-elektromos-roller-kiegeszito-szett/;true;opcionálisan tisztítható: az -2138 utótag a Shoprenter azonosítója
https://elektromos-roller.net/kijelzovedo-szilikon-kukirin-tipusu-elektromos-rollerhez;/kijelzovedo-szilikon-kukirin-tipusu-elektromos-rollerhez;termek;Kijelzővédő szilikon - Kukirin G2 Pro / G2 MAX / G2 MASTER / G3 PRO / M5 PRO típusú elektromos rollerekhez;2183;KIJVED02;kijelzovedo-szilikon-kukirin-tipusu-elektromos-rollerhez;/termek/kijelzovedo-szilikon-kukirin-tipusu-elektromos-rollerhez/;;;true;
https://elektromos-roller.net/kitamaszto-xiaomi-4pro-elektromos-roller-alkatresz;/kitamaszto-xiaomi-4pro-elektromos-roller-alkatresz;termek;Kitámasztó - Xiaomi 4 Pro elektromos roller alkatrész;2455;KITAM10/4-21;kitamaszto-xiaomi-4pro-elektromos-roller-alkatresz;/termek/kitamaszto-xiaomi-4pro-elektromos-roller-alkatresz/;;;true;
https://elektromos-roller.net/kitamaszto-xiaomi-elektromos-roller-alkatresz-2618;/kitamaszto-xiaomi-elektromos-roller-alkatresz-2618;termek;Kitámasztó - Xiaomi elektromos roller alkatrész- XIAOMI M365/Essential/1S/Mi 3/Pro/Pro 2/Mi3;2618;KITAM14/4-221;kitamaszto-xiaomi-elektromos-roller-alkatresz-2618;/termek/kitamaszto-xiaomi-elektromos-roller-alkatresz-2618/;kitamaszto-xiaomi-elektromos-roller-alkatresz;/termek/kitamaszto-xiaomi-elektromos-roller-alkatresz/;true;opcionálisan tisztítható: az -2618 utótag a Shoprenter azonosítója
https://elektromos-roller.net/kijelzovedo-szilikon-xiaomi-tipusu-elektromos-rollerekhez-fekete-2624;/kijelzovedo-szilikon-xiaomi-tipusu-elektromos-rollerekhez-fekete-2624;termek;Kijelzővédő szilikon - Xiaomi 4 Lite (2 Gen);2624;KIJVED07;kijelzovedo-szilikon-xiaomi-tipusu-elektromos-rollerekhez-fekete-2624;/termek/kijelzovedo-szilikon-xiaomi-tipusu-elektromos-rollerekhez-fekete-2624/;kijelzovedo-szilikon-xiaomi-tipusu-elektromos-rollerekhez-fekete;/termek/kijelzovedo-szilikon-xiaomi-tipusu-elektromos-rollerekhez-fekete/;true;opcionálisan tisztítható: az -2624 utótag a Shoprenter azonosítója
https://elektromos-roller.net/kijelzovedo-szilikon-xiaomi-4-lite-2-gen-2626;/kijelzovedo-szilikon-xiaomi-4-lite-2-gen-2626;termek;Kijelzővédő szilikon - Xiaomi 4 Pro Max;2626;KIJVED08;kijelzovedo-szilikon-xiaomi-4-lite-2-gen-2626;/termek/kijelzovedo-szilikon-xiaomi-4-lite-2-gen-2626/;kijelzovedo-szilikon-xiaomi-4-lite-2-gen;/termek/kijelzovedo-szilikon-xiaomi-4-lite-2-gen/;true;opcionálisan tisztítható: az -2626 utótag a Shoprenter azonosítója
https://elektromos-roller.net/segway-ninebot-es-elektromos-roller-alkatresz-kulso-akkumulator-tarto;/segway-ninebot-es-elektromos-roller-alkatresz-kulso-akkumulator-tarto;termek;Segway Ninebot ES2 - Elektromos Roller - Alkatrész - Külső akkumulátortartó;884;WHSH2021KIEGSGWNNBTKKKMTRT;segway-ninebot-es-elektromos-roller-alkatresz-kulso-akkumulator-tarto;/termek/segway-ninebot-es-elektromos-roller-alkatresz-kulso-akkumulator-tarto/;;;true;
https://elektromos-roller.net/elektromos-roller-kijelzo-kapcsolo;/elektromos-roller-kijelzo-kapcsolo;termek;"Kapcsoló (index, duda, lámpa) - Elektromos roller alkatrész";967;WHSH2021ALKKJLZKPCSL;elektromos-roller-kijelzo-kapcsolo;/termek/elektromos-roller-kijelzo-kapcsolo/;;;true;
https://elektromos-roller.net/xiaomi-csavartakaro-boritas-prizmaval-elektromos-roller-kiegeszito;/xiaomi-csavartakaro-boritas-prizmaval-elektromos-roller-kiegeszito;termek;Xiaomi csavartakaró borítás szett fényvisszaverő prizmával - elektromos roller kiegészítő - szett;1222;PRIZ03/10-131;xiaomi-csavartakaro-boritas-prizmaval-elektromos-roller-kiegeszito;/termek/xiaomi-csavartakaro-boritas-prizmaval-elektromos-roller-kiegeszito/;;;true;
https://elektromos-roller.net/xiaomi-csavartakaro-boritas-fenyvisszavero-prizmaval-elektromos-roller-kiegeszito-szett-1536;/xiaomi-csavartakaro-boritas-fenyvisszavero-prizmaval-elektromos-roller-kiegeszito-szett-1536;termek;Xiaomi hátsó csavartakaró borítás fényvisszaverő prizmával - narancssárga - elektromos roller kiegészítő - szett;1536;PRIZ08/10-111;xiaomi-csavartakaro-boritas-fenyvisszavero-prizmaval-elektromos-roller-kiegeszito-szett-1536;/termek/xiaomi-csavartakaro-boritas-fenyvisszavero-prizmaval-elektromos-roller-kiegeszito-szett-1536/;xiaomi-csavartakaro-boritas-fenyvisszavero-prizmaval-elektromos-roller-kiegeszito-szett;/termek/xiaomi-csavartakaro-boritas-fenyvisszavero-prizmaval-elektromos-roller-kiegeszito-szett/;true;opcionálisan tisztítható: az -1536 utótag a Shoprenter azonosítója
https://elektromos-roller.net/xiaomi-csavartakaro-boritas-fenyvisszavero-prizmaval-elektromos-roller-kiegeszito-szett-1537;/xiaomi-csavartakaro-boritas-fenyvisszavero-prizmaval-elektromos-roller-kiegeszito-szett-1537;termek;Xiaomi csavartakaró borítás szett fényvisszaverő prizmával - elektromos roller kiegészítő - szett;1537;PRIZ05/10-141;xiaomi-csavartakaro-boritas-fenyvisszavero-prizmaval-elektromos-roller-kiegeszito-szett-1537;/termek/xiaomi-csavartakaro-boritas-fenyvisszavero-prizmaval-elektromos-roller-kiegeszito-szett-1537/;xiaomi-csavartakaro-boritas-fenyvisszavero-prizmaval-elektromos-roller-kiegeszito-szett;/termek/xiaomi-csavartakaro-boritas-fenyvisszavero-prizmaval-elektromos-roller-kiegeszito-szett/;true;opcionálisan tisztítható: az -1537 utótag a Shoprenter azonosítója
https://elektromos-roller.net/xiaomi-hatso-csavartakaro-boritas-prizma-tarto-elektromos-roller-kiegeszito-szett-1657;/xiaomi-hatso-csavartakaro-boritas-prizma-tarto-elektromos-roller-kiegeszito-szett-1657;termek;Xiaomi hátsó csavartakaró borítás -prizma tartó - elektromos roller kiegészítő - szett;1657;PRIZ07/10-151;xiaomi-hatso-csavartakaro-boritas-prizma-tarto-elektromos-roller-kiegeszito-szett-1657;/termek/xiaomi-hatso-csavartakaro-boritas-prizma-tarto-elektromos-roller-kiegeszito-szett-1657/;xiaomi-hatso-csavartakaro-boritas-prizma-tarto-elektromos-roller-kiegeszito-szett;/termek/xiaomi-hatso-csavartakaro-boritas-prizma-tarto-elektromos-roller-kiegeszito-szett/;true;opcionálisan tisztítható: az -1657 utótag a Shoprenter azonosítója
https://elektromos-roller.net/xiaomi-hatso-csavartakaro-boritas-prizma-tarto-2-elektromos-roller-kiegeszito;/xiaomi-hatso-csavartakaro-boritas-prizma-tarto-2-elektromos-roller-kiegeszito;termek;Xiaomi hátsó csavartakaró borítás -prizma tartó - elektromos roller kiegészítő - szett - 2 db-os;2205;PRIZ10/10-151;xiaomi-hatso-csavartakaro-boritas-prizma-tarto-2-elektromos-roller-kiegeszito;/termek/xiaomi-hatso-csavartakaro-boritas-prizma-tarto-2-elektromos-roller-kiegeszito/;;;true;
https://elektromos-roller.net/xiaomi-fenyvisszavero-prizma-xiaomi-mi4-ultra-elektromos-roller-kiegeszito;/xiaomi-fenyvisszavero-prizma-xiaomi-mi4-ultra-elektromos-roller-kiegeszito;termek;Xiaomi narancssárga fényvisszaverő prizma betét - Xiaomi Mi4 Ultra - elektromos roller kiegészítő ;2525;PRIZ14/10-121;xiaomi-fenyvisszavero-prizma-xiaomi-mi4-ultra-elektromos-roller-kiegeszito;/termek/xiaomi-fenyvisszavero-prizma-xiaomi-mi4-ultra-elektromos-roller-kiegeszito/;;;true;
https://elektromos-roller.net/segway-elektromos-roller-kiegeszito-kijelzovedo;/segway-elektromos-roller-kiegeszito-kijelzovedo;termek;Kijelzővédő szilikon - Segway ES típusú elektromos rollerhez - fekete;822;KIJVED01;segway-elektromos-roller-kiegeszito-kijelzovedo;/termek/segway-elektromos-roller-kiegeszito-kijelzovedo/;;;true;
https://elektromos-roller.net/xiaomi-kijelzovedo-szilikon-elektromos-roller-kiegeszito-fekete;/xiaomi-kijelzovedo-szilikon-elektromos-roller-kiegeszito-fekete;termek;Kijelzővédő szilikon - Xiaomi típusú elektromos rollerekhez- fekete;1126;KIJVED05;xiaomi-kijelzovedo-szilikon-elektromos-roller-kiegeszito-fekete;/termek/xiaomi-kijelzovedo-szilikon-elektromos-roller-kiegeszito-fekete/;;;true;
https://elektromos-roller.net/xiaomi-kijelzovedo-szilikon-elektromos-roller-kiegeszito-piros;/xiaomi-kijelzovedo-szilikon-elektromos-roller-kiegeszito-piros;termek;Kijelzővédő szilikon - Xiaomi típusú elektromos rollerekhez - Piros;1549;KIJVED03;xiaomi-kijelzovedo-szilikon-elektromos-roller-kiegeszito-piros;/termek/xiaomi-kijelzovedo-szilikon-elektromos-roller-kiegeszito-piros/;;;true;
https://elektromos-roller.net/kijelzovedo-szilikon-kuickwheel-tipusu-elektromos-rollerekhez;/kijelzovedo-szilikon-kuickwheel-tipusu-elektromos-rollerekhez;termek;Kijelzővédő szilikon - Kuickwheel S1-C/S1-CPro típusú elektromos rollerekhez- fekete;2416;KIJVED06/üzletben;kijelzovedo-szilikon-kuickwheel-tipusu-elektromos-rollerekhez;/termek/kijelzovedo-szilikon-kuickwheel-tipusu-elektromos-rollerekhez/;;;true;
https://elektromos-roller.net/xiaomi-kitamasztovedo-szilikon-elektromos-roller-kiegeszito;/xiaomi-kitamasztovedo-szilikon-elektromos-roller-kiegeszito;termek;Szilikon kitámasztóvédő - elektromos roller kiegészítő (piros);928;WHSH2021XMKTMSZTVD;xiaomi-kitamasztovedo-szilikon-elektromos-roller-kiegeszito;/termek/xiaomi-kitamasztovedo-szilikon-elektromos-roller-kiegeszito/;;;true;
https://elektromos-roller.net/akaif10-elektromos-roller-alkatresz-roller-kitamaszto;/akaif10-elektromos-roller-alkatresz-roller-kitamaszto;termek;Akai F10 elektromos roller alkatrész - roller kitámasztó;997;KITAM06/4-231;akaif10-elektromos-roller-alkatresz-roller-kitamaszto;/termek/akaif10-elektromos-roller-alkatresz-roller-kitamaszto/;;;true;
https://elektromos-roller.net/xiaomi-kitamasztovedo-szilikon-elektromos-roller-kiegeszito-piros-fekete-2009;/xiaomi-kitamasztovedo-szilikon-elektromos-roller-kiegeszito-piros-fekete-2009;termek;Szilikon kitámasztóvédő - elektromos roller kiegészítő (fekete);2009;WHSH2021XMKTMSZTVD-fekete-1;xiaomi-kitamasztovedo-szilikon-elektromos-roller-kiegeszito-piros-fekete-2009;/termek/xiaomi-kitamasztovedo-szilikon-elektromos-roller-kiegeszito-piros-fekete-2009/;xiaomi-kitamasztovedo-szilikon-elektromos-roller-kiegeszito-piros-fekete;/termek/xiaomi-kitamasztovedo-szilikon-elektromos-roller-kiegeszito-piros-fekete/;true;opcionálisan tisztítható: az -2009 utótag a Shoprenter azonosítója
https://elektromos-roller.net/xiaomi-elektromos-roller-alkatresz-kormany-csuklo;/xiaomi-elektromos-roller-alkatresz-kormany-csuklo;termek;Kormány csukló - összecsukó mechanizmus - Xiaomi elektromos roller alkatrész;694;KORMCSUK01/4-311;xiaomi-elektromos-roller-alkatresz-kormany-csuklo;/termek/xiaomi-elektromos-roller-alkatresz-kormany-csuklo/;;;true;
https://elektromos-roller.net/xiaomi-elektromos-roller-alkatresz-kormany-szorito-gyuru;/xiaomi-elektromos-roller-alkatresz-kormany-szorito-gyuru;termek;Kormány szorító gyűrű - kormányszár rögzítő gyűrű -  Xiaomi elektromos roller alkatrész ;713;KZ02;xiaomi-elektromos-roller-alkatresz-kormany-szorito-gyuru;/termek/xiaomi-elektromos-roller-alkatresz-kormany-szorito-gyuru/;;;true;
https://elektromos-roller.net/segway-max-g30-elektromos-roller-alkatresz-kormany-szorito-gyuru-1127;/segway-max-g30-elektromos-roller-alkatresz-kormany-szorito-gyuru-1127;termek;"Kormány szorító gyűrű / kormányszár rögzítő gyűrű - Segway Max G30, G350 (sötét szürke)";1127;KZ01/2-321;segway-max-g30-elektromos-roller-alkatresz-kormany-szorito-gyuru-1127;/termek/segway-max-g30-elektromos-roller-alkatresz-kormany-szorito-gyuru-1127/;segway-max-g30-elektromos-roller-alkatresz-kormany-szorito-gyuru;/termek/segway-max-g30-elektromos-roller-alkatresz-kormany-szorito-gyuru/;true;opcionálisan tisztítható: az -1127 utótag a Shoprenter azonosítója
https://elektromos-roller.net/xiaomi-elektromos-roller-alkatresz-kormanymagasito-toldat;/xiaomi-elektromos-roller-alkatresz-kormanymagasito-toldat;termek;Kormánymagasító toldat - Xiaomi elektromos roller alkatrész - ULIP;1284;KORMAG04/üzletben;xiaomi-elektromos-roller-alkatresz-kormanymagasito-toldat;/termek/xiaomi-elektromos-roller-alkatresz-kormanymagasito-toldat/;;;true;
https://elektromos-roller.net/villa-ninebot-e2-plus-eletromos-roller-alkatresz;/villa-ninebot-e2-plus-eletromos-roller-alkatresz;termek;"Villa Ninebot E2, E2 Plus elektromos rollerhez";2482;VILLA03/2-52;villa-ninebot-e2-plus-eletromos-roller-alkatresz;/termek/villa-ninebot-e2-plus-eletromos-roller-alkatresz/;;;true;
https://elektromos-roller.net/kormany-csapagy-kukirin-g2-g3-elektromos-roller-alkatresz-2551;/kormany-csapagy-kukirin-g2-g3-elektromos-roller-alkatresz-2551;termek;Kormány csapágy - Kukirin G2 - G3 - Elektromos roller alkatrész;2551;KCS08/4-332;kormany-csapagy-kukirin-g2-g3-elektromos-roller-alkatresz-2551;/termek/kormany-csapagy-kukirin-g2-g3-elektromos-roller-alkatresz-2551/;kormany-csapagy-kukirin-g2-g3-elektromos-roller-alkatresz;/termek/kormany-csapagy-kukirin-g2-g3-elektromos-roller-alkatresz/;true;opcionálisan tisztítható: az -2551 utótag a Shoprenter azonosítója
https://elektromos-roller.net/max-g30-elektromos-roller-alkatresz-kormanycsapagy-szett;/max-g30-elektromos-roller-alkatresz-kormanycsapagy-szett;termek;Max G30 - Elektromos roller alkatrész - kormánycsapágy-szett;2562;KCS09/4-332;max-g30-elektromos-roller-alkatresz-kormanycsapagy-szett;/termek/max-g30-elektromos-roller-alkatresz-kormanycsapagy-szett/;;;true;
https://elektromos-roller.net/xiaomi-elektromos-roller-alkatresz-szilikon-markolat;/xiaomi-elektromos-roller-alkatresz-szilikon-markolat;termek;Szilikon markolat - szürke - Xiaomi elektromos roller alkatrész (pár);716;MARK01;xiaomi-elektromos-roller-alkatresz-szilikon-markolat;/termek/xiaomi-elektromos-roller-alkatresz-szilikon-markolat/;;;true;
https://elektromos-roller.net/elektromos-roller-alkatresz-gumi-markolat-par-735;/elektromos-roller-alkatresz-gumi-markolat-par-735;termek;Elektromos roller alkatrész - gumi markolat (pár);735;MAR04;elektromos-roller-alkatresz-gumi-markolat-par-735;/termek/elektromos-roller-alkatresz-gumi-markolat-par-735/;elektromos-roller-alkatresz-gumi-markolat-par;/termek/elektromos-roller-alkatresz-gumi-markolat-par/;true;opcionálisan tisztítható: az -735 utótag a Shoprenter azonosítója
https://elektromos-roller.net/szilikon-markolat-fekete-xiaomi-elektromos-roller-alkatresz-par;/szilikon-markolat-fekete-xiaomi-elektromos-roller-alkatresz-par;termek;Szilikon markolat - fekete - Xiaomi elektromos roller alkatrész (pár);2154;MARK02;szilikon-markolat-fekete-xiaomi-elektromos-roller-alkatresz-par;/termek/szilikon-markolat-fekete-xiaomi-elektromos-roller-alkatresz-par/;;;true;
https://elektromos-roller.net/szilikon-markolat-piros-xiaomi-elektromos-roller-alkatresz;/szilikon-markolat-piros-xiaomi-elektromos-roller-alkatresz;termek;Szilikon markolat - piros - Xiaomi elektromos roller alkatrész (pár);2155;MARK03;szilikon-markolat-piros-xiaomi-elektromos-roller-alkatresz;/termek/szilikon-markolat-piros-xiaomi-elektromos-roller-alkatresz/;;;true;
https://elektromos-roller.net/szilikon-markolat-kormanyhosszabbito-fekete-elektromos-roller-alkatresz-par-2158;/szilikon-markolat-kormanyhosszabbito-fekete-elektromos-roller-alkatresz-par-2158;termek;"Szilikon markolat kormányhosszabbítóval - fekete - Xiaomi, Ninebot elektromos roller alkatrész (pár)";2158;MARK06;szilikon-markolat-kormanyhosszabbito-fekete-elektromos-roller-alkatresz-par-2158;/termek/szilikon-markolat-kormanyhosszabbito-fekete-elektromos-roller-alkatresz-par-2158/;szilikon-markolat-kormanyhosszabbito-fekete-elektromos-roller-alkatresz-par;/termek/szilikon-markolat-kormanyhosszabbito-fekete-elektromos-roller-alkatresz-par/;true;opcionálisan tisztítható: az -2158 utótag a Shoprenter azonosítója
https://elektromos-roller.net/szilikon-markolat-fekete-csikos-xiaomi-elektromos-roller-alkatresz;/szilikon-markolat-fekete-csikos-xiaomi-elektromos-roller-alkatresz;termek;Szilikon markolat - fekete csíkos - Xiaomi elektromos roller alkatrész (pár) ;2161;MARK07;szilikon-markolat-fekete-csikos-xiaomi-elektromos-roller-alkatresz;/termek/szilikon-markolat-fekete-csikos-xiaomi-elektromos-roller-alkatresz/;;;true;
https://elektromos-roller.net/markolat-fekete-kek-xiaomi-elektromos-roller-alkatresz-par;/markolat-fekete-kek-xiaomi-elektromos-roller-alkatresz-par;termek;Markolat - fekete-kék - Xiaomi elektromos roller alkatrész (pár);2171;MARK08/25-121;markolat-fekete-kek-xiaomi-elektromos-roller-alkatresz-par;/termek/markolat-fekete-kek-xiaomi-elektromos-roller-alkatresz-par/;;;true;
https://elektromos-roller.net/becsavarhato-markolat-fekete-elektromos-roller-alkatresz-par;/becsavarhato-markolat-fekete-elektromos-roller-alkatresz-par;termek;"Becsavarható markolat - fekete- X7, X8, M5 pro elektromos rollerhez (pár)";2173;MARK09/25-121;becsavarhato-markolat-fekete-elektromos-roller-alkatresz-par;/termek/becsavarhato-markolat-fekete-elektromos-roller-alkatresz-par/;;;true;
https://elektromos-roller.net/szilikon-markolat-kek-fekete-ninebotxiaomi-elektromos-rollerhez-alkatresz-par-2507;/szilikon-markolat-kek-fekete-ninebotxiaomi-elektromos-rollerhez-alkatresz-par-2507;termek;Szilikon markolat - kék-fekete - Ninebot/Xiaomi elektromos rollerhez - alkatrész (pár) ;2507;MARK13;szilikon-markolat-kek-fekete-ninebotxiaomi-elektromos-rollerhez-alkatresz-par-2507;/termek/szilikon-markolat-kek-fekete-ninebotxiaomi-elektromos-rollerhez-alkatresz-par-2507/;szilikon-markolat-kek-fekete-ninebotxiaomi-elektromos-rollerhez-alkatresz-par;/termek/szilikon-markolat-kek-fekete-ninebotxiaomi-elektromos-rollerhez-alkatresz-par/;true;opcionálisan tisztítható: az -2507 utótag a Shoprenter azonosítója
https://elektromos-roller.net/szilikon-markolat-szurke-fekete-ninebotxiaomi-elektromos-rollerhez-alkatresz-par-2561;/szilikon-markolat-szurke-fekete-ninebotxiaomi-elektromos-rollerhez-alkatresz-par-2561;termek;Szilikon markolat - fekete -elektromos rollerhez alkatrész (pár) ;2561;MARK14/üzletben/raktár;szilikon-markolat-szurke-fekete-ninebotxiaomi-elektromos-rollerhez-alkatresz-par-2561;/termek/szilikon-markolat-szurke-fekete-ninebotxiaomi-elektromos-rollerhez-alkatresz-par-2561/;szilikon-markolat-szurke-fekete-ninebotxiaomi-elektromos-rollerhez-alkatresz-par;/termek/szilikon-markolat-szurke-fekete-ninebotxiaomi-elektromos-rollerhez-alkatresz-par/;true;opcionálisan tisztítható: az -2561 utótag a Shoprenter azonosítója
https://elektromos-roller.net/tolto-aljzat-csatlakozo-3pontos;/tolto-aljzat-csatlakozo-3pontos;termek;Töltő csatlakozó - töltő aljzat - 3 pontos - XT30;2485;CST04/11-441;tolto-aljzat-csatlakozo-3pontos;/termek/tolto-aljzat-csatlakozo-3pontos/;;;true;
https://elektromos-roller.net/tolto-csatlakozo-tolto-aljzat-3-pontos-xt30;/tolto-csatlakozo-tolto-aljzat-3-pontos-xt30;termek;Töltő csatlakozó - töltő aljzat csatlakozó - GX16 - XT30;2519;CST07/11-441;tolto-csatlakozo-tolto-aljzat-3-pontos-xt30;/termek/tolto-csatlakozo-tolto-aljzat-3-pontos-xt30/;;;true;
https://elektromos-roller.net/tolto-aljzat-csatlakozo-xiaomi-ninebot;/tolto-aljzat-csatlakozo-xiaomi-ninebot;termek;"Töltő csatlakozó - töltő aljzat - szilikon védővel - Xiaomi, illetve Ninebot típusú elektromos rollerekhez";2597;CST11/11-141;tolto-aljzat-csatlakozo-xiaomi-ninebot;/termek/tolto-aljzat-csatlakozo-xiaomi-ninebot/;;;true;
https://elektromos-roller.net/fektarcsa-140mm-6-elektromos-roller-alkatresz;/fektarcsa-140mm-6-elektromos-roller-alkatresz;termek;Féktárcsa - 140 mm - 6 pontos - Elektromos roller alkatrész;561;FT06/9422;fektarcsa-140mm-6-elektromos-roller-alkatresz;/termek/fektarcsa-140mm-6-elektromos-roller-alkatresz/;;;true;
https://elektromos-roller.net/kugoo-g-booster-jobb-fekkar;/kugoo-g-booster-jobb-fekkar;termek;Kugoo G-Booster - Elektromos roller alkatrész - Jobb oldali fékkar;563;WHSHKGGBSTR6;kugoo-g-booster-jobb-fekkar;/termek/kugoo-g-booster-jobb-fekkar/;;;true;
https://elektromos-roller.net/kugoo-g-booster-kormany-bilincs;/kugoo-g-booster-kormany-bilincs;termek;Kugoo G-Booster - Elektromos roller alkatrész - Kormánybilincs;565;WHSHKGGBSTR29;kugoo-g-booster-kormany-bilincs;/termek/kugoo-g-booster-kormany-bilincs/;;;true;
https://elektromos-roller.net/kugoo-g-booster-controller-motorvezerlo-elektronika-a;/kugoo-g-booster-controller-motorvezerlo-elektronika-a;termek;Kugoo G-Booster - Controller - Motorvezérlő elektronika (A);570;WHSHKGGBSTR3-A;kugoo-g-booster-controller-motorvezerlo-elektronika-a;/termek/kugoo-g-booster-controller-motorvezerlo-elektronika-a/;;;true;
https://elektromos-roller.net/xiaomi-elektromos-roller-belso-gumi-8_5collos-egyenes-szelep;/xiaomi-elektromos-roller-belso-gumi-8_5collos-egyenes-szelep;termek;"8,5""-os belső gumi - egyenes szeleppel - Elektromos roller belső gumi - 8.5";577;BELSO03/16-411/16-412;xiaomi-elektromos-roller-belso-gumi-8_5collos-egyenes-szelep;/termek/xiaomi-elektromos-roller-belso-gumi-8_5collos-egyenes-szelep/;;;true;
https://elektromos-roller.net/xiaomi-elektromos-roller-10x2-es-kulso-gumi;/xiaomi-elektromos-roller-10x2-es-kulso-gumi;termek;Xiaomi elektromos roller 10x2-es külső gumi;578;KG08/20-21/üzletben;xiaomi-elektromos-roller-10x2-es-kulso-gumi;/termek/xiaomi-elektromos-roller-10x2-es-kulso-gumi/;;;true;
https://elektromos-roller.net/tuovt-elektromos-roller-10x3-as-kulso-terep-gumi;/tuovt-elektromos-roller-10x3-as-kulso-terep-gumi;termek;"TUOVT elektromos roller 10x3-as külső terep gumi - 255x80 - Kukirin G2 Max, G2 Master";579;KG38;tuovt-elektromos-roller-10x3-as-kulso-terep-gumi;/termek/tuovt-elektromos-roller-10x3-as-kulso-terep-gumi/;;;true;
https://elektromos-roller.net/elektromos-roller-akkumulator-48v-13ah;/elektromos-roller-akkumulator-48v-13ah;termek;Elektromos roller akkumulátor EVE cellákból - 48v 13Ah;590;WHSH2021ALK48V13AH;elektromos-roller-akkumulator-48v-13ah;/termek/elektromos-roller-akkumulator-48v-13ah/;;;true;
https://elektromos-roller.net/elektromos-roller-alkatresz-xiaomi-m365-motorvezerlo-vezerlo-controller;/elektromos-roller-alkatresz-xiaomi-m365-motorvezerlo-vezerlo-controller;termek;"Xiaomi m365, Pro, Essential, 1S, Pro2 and Mi3 V.3 - Elektromos roller alkatrész - Motorvezérlő - Vezérlő - Controller";613;VEZ10/12-121;elektromos-roller-alkatresz-xiaomi-m365-motorvezerlo-vezerlo-controller;/termek/elektromos-roller-alkatresz-xiaomi-m365-motorvezerlo-vezerlo-controller/;;;true;
https://elektromos-roller.net/xiaomi-m365-elektromos-roller-alkatresz-gazkar-fekete;/xiaomi-m365-elektromos-roller-alkatresz-gazkar-fekete;termek;"Xiaomi M365, 1S és Essential gázkar - Elektromos roller alkatrész - fekete";620;GK21/12-221;xiaomi-m365-elektromos-roller-alkatresz-gazkar-fekete;/termek/xiaomi-m365-elektromos-roller-alkatresz-gazkar-fekete/;;;true;
https://elektromos-roller.net/elektromos-roller-alkatresz-kugoo-g-booster-led-fenyek;/elektromos-roller-alkatresz-kugoo-g-booster-led-fenyek;termek;Kugoo G-Booster - Elektromos roller alkatrész -Led fények - 1 Pár;622;WHSH2021KGGBSTRLDFNYK;elektromos-roller-alkatresz-kugoo-g-booster-led-fenyek;/termek/elektromos-roller-alkatresz-kugoo-g-booster-led-fenyek/;;;true;
https://elektromos-roller.net/elektromos-roller-alkatresz-kugoo-g-booster-meghajtast-iranyito-gomb;/elektromos-roller-alkatresz-kugoo-g-booster-meghajtast-iranyito-gomb;termek;Kugoo G-Booster - Elektromos roller alkatrész - Meghajtást irányító gomb;623;WHSH20210ALKKGGBSTRIRGOMB;elektromos-roller-alkatresz-kugoo-g-booster-meghajtast-iranyito-gomb;/termek/elektromos-roller-alkatresz-kugoo-g-booster-meghajtast-iranyito-gomb/;;;true;
https://elektromos-roller.net/elektromos-roller-alkatresz-kugoo-g-booster-elso-lengescsillapito;/elektromos-roller-alkatresz-kugoo-g-booster-elso-lengescsillapito;termek;Kugoo G-Booster -Elektromos roller alkatrész - Első lengéscsillapító;626;LENCSI01/3-4;elektromos-roller-alkatresz-kugoo-g-booster-elso-lengescsillapito;/termek/elektromos-roller-alkatresz-kugoo-g-booster-elso-lengescsillapito/;;;true;
https://elektromos-roller.net/elektromos-roller-alkatresz-kugoo-g-booster-fek-bowden;/elektromos-roller-alkatresz-kugoo-g-booster-fek-bowden;termek;Kugoo G-Booster - Elektromos roller alkatrész - Fék Bowden;628;WHSH2021ALKKGGBSTRFKBWDN;elektromos-roller-alkatresz-kugoo-g-booster-fek-bowden;/termek/elektromos-roller-alkatresz-kugoo-g-booster-fek-bowden/;;;true;
https://elektromos-roller.net/elektromos-roller-alkatresz-kugoo-g-booster-hatso-sarvedo;/elektromos-roller-alkatresz-kugoo-g-booster-hatso-sarvedo;termek;Kugoo G-Booster - Elektromos roller alkatrész - Hátsó sárvédő;630;WHSH2021ALKKGGBSTRHTSSRVD;elektromos-roller-alkatresz-kugoo-g-booster-hatso-sarvedo;/termek/elektromos-roller-alkatresz-kugoo-g-booster-hatso-sarvedo/;;;true;
https://elektromos-roller.net/elektromos-roller-alkatresz-kugoo-g-booster-integracios-kabel;/elektromos-roller-alkatresz-kugoo-g-booster-integracios-kabel;termek;Kugoo G-Booster - Elektromos roller alkatrész - Integrációs kábel - Főkábel;631;WHSH2021ALKKGGBSTRINTGKB;elektromos-roller-alkatresz-kugoo-g-booster-integracios-kabel;/termek/elektromos-roller-alkatresz-kugoo-g-booster-integracios-kabel/;;;true;
https://elektromos-roller.net/elektromos-roller-alkatresz-kugoo-g-booster-kabelvedo;/elektromos-roller-alkatresz-kugoo-g-booster-kabelvedo;termek;Kugoo G-Booster - Elektromos roller alkatrész - Kábelvédő;632;WHSH2021ALKKGGBSTRKBLVD;elektromos-roller-alkatresz-kugoo-g-booster-kabelvedo;/termek/elektromos-roller-alkatresz-kugoo-g-booster-kabelvedo/;;;true;
https://elektromos-roller.net/elektromos-roller-alkatresz-kugoo-g-booster-lepteto-modul;/elektromos-roller-alkatresz-kugoo-g-booster-lepteto-modul;termek;Kugoo G-Booster - Elektromos roller alkatrész - Léptető modul;634;WHSH2021ALKKGGBSTRLPTTMDL;elektromos-roller-alkatresz-kugoo-g-booster-lepteto-modul;/termek/elektromos-roller-alkatresz-kugoo-g-booster-lepteto-modul/;;;true;
https://elektromos-roller.net/kugoo-g-booster-elektromos-roller-osszecsuko-kapocs;/kugoo-g-booster-elektromos-roller-osszecsuko-kapocs;termek;Kugoo G-Booster - Elektromos roller alkatrész - Összecsukó kapocs;635;WHSH2021ALKKGGBSTRKPCS;kugoo-g-booster-elektromos-roller-osszecsuko-kapocs;/termek/kugoo-g-booster-elektromos-roller-osszecsuko-kapocs/;;;true;
https://elektromos-roller.net/elektromos-roller-alkatresz-8-5-90-fokos-belso-gumi;/elektromos-roller-alkatresz-8-5-90-fokos-belso-gumi;termek;"8,5""-os belső gumi - 90°-os szeleppel - 8.5x2 - Elektromos roller belső gumi";637;BELSO05;elektromos-roller-alkatresz-8-5-90-fokos-belso-gumi;/termek/elektromos-roller-alkatresz-8-5-90-fokos-belso-gumi/;;;true;
https://elektromos-roller.net/elektromos-roller-alkatresz-hero-s8-elso-lengescsillapito;/elektromos-roller-alkatresz-hero-s8-elso-lengescsillapito;termek;Hero S8 - Elektromos roller alkatrész - Első lengéscsillapító;639;LENCSI03/3-4;elektromos-roller-alkatresz-hero-s8-elso-lengescsillapito;/termek/elektromos-roller-alkatresz-hero-s8-elso-lengescsillapito/;;;true;
https://elektromos-roller.net/elektromos-roller-alkatresz-hero-s9-hatso-lengescsillapito;/elektromos-roller-alkatresz-hero-s9-hatso-lengescsillapito;termek;Hero S9 Elektromos Roller Hátsó lengéscsillapító;641;WHSH2021ALKHRHTSLNGCSPTS9;elektromos-roller-alkatresz-hero-s9-hatso-lengescsillapito;/termek/elektromos-roller-alkatresz-hero-s9-hatso-lengescsillapito/;;;true;
https://elektromos-roller.net/elektromos-roller-alkatresz-hero-s8-s9-fekbetet-fekpofa;/elektromos-roller-alkatresz-hero-s8-s9-fekbetet-fekpofa;termek;"Hero S8, S9 - Elektromos roller alkatrész - Fékbetét, Fékpofa (pár) - 34.sz.";642;FB34;elektromos-roller-alkatresz-hero-s8-s9-fekbetet-fekpofa;/termek/elektromos-roller-alkatresz-hero-s8-s9-fekbetet-fekpofa/;;;true;
https://elektromos-roller.net/elektromos-roller-alkatresz-hero-s9-kulso-gumi-85-col;/elektromos-roller-alkatresz-hero-s9-kulso-gumi-85-col;termek;"Elektromos Roller külső gumi 8,5x2 (50-134)";643;WHSH2021ALKHRKLSGMS9;elektromos-roller-alkatresz-hero-s9-kulso-gumi-85-col;/termek/elektromos-roller-alkatresz-hero-s9-kulso-gumi-85-col/;;;true;
https://elektromos-roller.net/elektromos-roller-alkatresz-hero-s8-s9-kijelzo;/elektromos-roller-alkatresz-hero-s8-s9-kijelzo;termek;"HERO S8, S9 - Elektromos roller alkatrész  - Kijelző";644;WHSH2021ALKHRS8S9KJLZ;elektromos-roller-alkatresz-hero-s8-s9-kijelzo;/termek/elektromos-roller-alkatresz-hero-s8-s9-kijelzo/;;;true;
https://elektromos-roller.net/elektromos-roller-alkatresz-hero-s8-vezerlo-controller-48v-25a;/elektromos-roller-alkatresz-hero-s8-vezerlo-controller-48v-25a;termek;Hero S8 - Elektromos roller alkatrész -  Vezérlő - Controller - 48V - 25A;645;VEZ16/13-231;elektromos-roller-alkatresz-hero-s8-vezerlo-controller-48v-25a;/termek/elektromos-roller-alkatresz-hero-s8-vezerlo-controller-48v-25a/;;;true;
https://elektromos-roller.net/hero-s9-elektromos-roller-alkatresz-vezerlo-48v-25a;/hero-s9-elektromos-roller-alkatresz-vezerlo-48v-25a;termek;Hero S9 - Elektromos roller alkatrész -  Vezérlő 48V 25A;646;WHOOSHHRS9VZL;hero-s9-elektromos-roller-alkatresz-vezerlo-48v-25a;/termek/hero-s9-elektromos-roller-alkatresz-vezerlo-48v-25a/;;;true;
https://elektromos-roller.net/elektromos-roller-alkatresz-whoosh-e-leopard-elso-lengescsillapito-elektromos-roller;/elektromos-roller-alkatresz-whoosh-e-leopard-elso-lengescsillapito-elektromos-roller;termek;Whoosh E-Leopard - Elektromos roller alkatrész - Első lengéscsillapító;647;WHSH2021ALKWHSHLSLNGSCSLLPT;elektromos-roller-alkatresz-whoosh-e-leopard-elso-lengescsillapito-elektromos-roller;/termek/elektromos-roller-alkatresz-whoosh-e-leopard-elso-lengescsillapito-elektromos-roller/;;;true;
https://elektromos-roller.net/whoosh-e-panther-elektromos-roller-alkatresz-hatso-lengescsillapito;/whoosh-e-panther-elektromos-roller-alkatresz-hatso-lengescsillapito;termek;Whoosh E-Panther  - Elektromos roller alkatrész - Első lengéscsillapító;651;WHSH2021ALKWHSHEPNTRHTSLNGCSP;whoosh-e-panther-elektromos-roller-alkatresz-hatso-lengescsillapito;/termek/whoosh-e-panther-elektromos-roller-alkatresz-hatso-lengescsillapito/;;;true;
https://elektromos-roller.net/elektromos-roller-alkatresz-e-panther-hatso-sarvedo-es-lampa-feklampa;/elektromos-roller-alkatresz-e-panther-hatso-sarvedo-es-lampa-feklampa;termek;"Whoosh E-Panther  - Elektromos roller alkatrész - Hátsó sárvádő és lámpa, féklámpa";652;WHSH2021ALKWHSHWPNTRHTSSRVDLMP;elektromos-roller-alkatresz-e-panther-hatso-sarvedo-es-lampa-feklampa;/termek/elektromos-roller-alkatresz-e-panther-hatso-sarvedo-es-lampa-feklampa/;;;true;
https://elektromos-roller.net/elektromos-roller-alkatresz-whoosh-e-phyton-parent-and-kid-elso-lengescsillapito;/elektromos-roller-alkatresz-whoosh-e-phyton-parent-and-kid-elso-lengescsillapito;termek;"Whoosh E-Phyton, Parent & Kid -  Elektromos roller alkatrész - Első lengéscsillapító";654;WHSH2021ALKWHSHEPHTNPRNTKIDLSLNGCSP;elektromos-roller-alkatresz-whoosh-e-phyton-parent-and-kid-elso-lengescsillapito;/termek/elektromos-roller-alkatresz-whoosh-e-phyton-parent-and-kid-elso-lengescsillapito/;;;true;
https://elektromos-roller.net/elektromos-roller-alkatresz-whoosh-e-scorpion-elso-lengescsillapito;/elektromos-roller-alkatresz-whoosh-e-scorpion-elso-lengescsillapito;termek;Whoosh E-Scorpion - Elektromos roller alkatrész - Első lengéscsillapító;655;WHSH2021WHSHESCRPNLSLNGCSP;elektromos-roller-alkatresz-whoosh-e-scorpion-elso-lengescsillapito;/termek/elektromos-roller-alkatresz-whoosh-e-scorpion-elso-lengescsillapito/;;;true;
https://elektromos-roller.net/elektromos-roller-alkatresz-whoosh-parnet-and-kid-hatso-lengescsillapito;/elektromos-roller-alkatresz-whoosh-parnet-and-kid-hatso-lengescsillapito;termek;Whoosh Parent & Kid- Elektromos roller alkatrész - Hátsó lengéscsillapító;657;WHSH2021ALKWHSHPRNTKDHTSLNGCSP;elektromos-roller-alkatresz-whoosh-parnet-and-kid-hatso-lengescsillapito;/termek/elektromos-roller-alkatresz-whoosh-parnet-and-kid-hatso-lengescsillapito/;;;true;
https://elektromos-roller.net/elektromos-roller-whoosh-alkatresz-parent-and-kid-hatso-sarvedo-es-lampa-feklampa;/elektromos-roller-whoosh-alkatresz-parent-and-kid-hatso-sarvedo-es-lampa-feklampa;termek;"Whoosh Parent & Kid - Elektromos roller alkatrész - Hátsó sárvédő és lámpa, féklámpa";658;WHSH2021ALKWHSHPRNTKDHTSSRVDLMP;elektromos-roller-whoosh-alkatresz-parent-and-kid-hatso-sarvedo-es-lampa-feklampa;/termek/elektromos-roller-whoosh-alkatresz-parent-and-kid-hatso-sarvedo-es-lampa-feklampa/;;;true;
https://elektromos-roller.net/elektromos-roller-alkatresz-whoosh-kijelzo-plus;/elektromos-roller-alkatresz-whoosh-kijelzo-plus;termek;Markolatos gázkar kijelzővel - TF-900 - Elektromos roller alkatrész;665;KJGK10/12-231;elektromos-roller-alkatresz-whoosh-kijelzo-plus;/termek/elektromos-roller-alkatresz-whoosh-kijelzo-plus/;;;true;
https://elektromos-roller.net/kugoo-s1-s1-pro-elektromos-roller-alkatresz-gazkar;/kugoo-s1-s1-pro-elektromos-roller-alkatresz-gazkar;termek;Kugoo S1 és S1 Pro - Elektromos roller - Alkatrész - Gázkar;679;WHSH2021KIEGKGS1PROGZKR;kugoo-s1-s1-pro-elektromos-roller-alkatresz-gazkar;/termek/kugoo-s1-s1-pro-elektromos-roller-alkatresz-gazkar/;;;true;
https://elektromos-roller.net/kugoo-s1-controller-motorvezerlo-elektronika;/kugoo-s1-controller-motorvezerlo-elektronika;termek;Kugoo S1 - Elektromos roller Controller - Motorvezérlő elektronika;689;VEZ28/13-441;kugoo-s1-controller-motorvezerlo-elektronika;/termek/kugoo-s1-controller-motorvezerlo-elektronika/;;;true;
https://elektromos-roller.net/kugoo-m4-m4-pro-elektromos-roller-controller-motorvezerlo-elektronika-690;/kugoo-m4-m4-pro-elektromos-roller-controller-motorvezerlo-elektronika-690;termek;Kugoo M4 - M4 Pro - Elektromos roller Controller - Motorvezérlő elektronika;690;WHSHKGM4M4PROVZRL;kugoo-m4-m4-pro-elektromos-roller-controller-motorvezerlo-elektronika-690;/termek/kugoo-m4-m4-pro-elektromos-roller-controller-motorvezerlo-elektronika-690/;kugoo-m4-m4-pro-elektromos-roller-controller-motorvezerlo-elektronika;/termek/kugoo-m4-m4-pro-elektromos-roller-controller-motorvezerlo-elektronika/;true;opcionálisan tisztítható: az -690 utótag a Shoprenter azonosítója
https://elektromos-roller.net/whoosh-nucreal-reactor-60v-45a-elektromos-roller-controller-motorvezerlo-elektronika;/whoosh-nucreal-reactor-60v-45a-elektromos-roller-controller-motorvezerlo-elektronika;termek;Whoosh Nucreal Reactor - 60V - 45A - Elektromos roller Controller - Motorvezérlő elektronika;691;WHSHKGWHSHNCRLRCTRVZRL;whoosh-nucreal-reactor-60v-45a-elektromos-roller-controller-motorvezerlo-elektronika;/termek/whoosh-nucreal-reactor-60v-45a-elektromos-roller-controller-motorvezerlo-elektronika/;;;true;
https://elektromos-roller.net/xiaomi-kulso-gumi-8-5x2-utcai-elektromos-rollerhez;/xiaomi-kulso-gumi-8-5x2-utcai-elektromos-rollerhez;termek;"8,5"" külső gumi 8.5''x2 - Xiaomi Elektromos Roller alkatrész";693;KG01/21-4/üzletben;xiaomi-kulso-gumi-8-5x2-utcai-elektromos-rollerhez;/termek/xiaomi-kulso-gumi-8-5x2-utcai-elektromos-rollerhez/;;;true;
https://elektromos-roller.net/elektromos-roller-tuovt-kulso-gumi-100-65-6-5;/elektromos-roller-tuovt-kulso-gumi-100-65-6-5;termek;Elektromos roller TUOVT külső gumi - 100/65-6.5;696;KG06/20-32;elektromos-roller-tuovt-kulso-gumi-100-65-6-5;/termek/elektromos-roller-tuovt-kulso-gumi-100-65-6-5/;;;true;
https://elektromos-roller.net/tubeless-kulso-gumi-8565-6-elektromos-rollerhez;/tubeless-kulso-gumi-8565-6-elektromos-rollerhez;termek;Tubeless külső gumi - 85/65-6 - elektromos rollerhez;697;KG47;tubeless-kulso-gumi-8565-6-elektromos-rollerhez;/termek/tubeless-kulso-gumi-8565-6-elektromos-rollerhez/;;;true;
https://elektromos-roller.net/elektromos-roller-10x3-as-kulso-gumi;/elektromos-roller-10x3-as-kulso-gumi;termek;"10""-os TUOVT külső gumi elektromos rollerhez - 10x3.0 - 80/65-6";701;KG21/24B-43/AKCIÓS;elektromos-roller-10x3-as-kulso-gumi;/termek/elektromos-roller-10x3-as-kulso-gumi/;;;true;
https://elektromos-roller.net/elektromos-roller-alkatresz-10-colos-belso-gumi-45-os-szeleppel-elektromos-roller-belso-gumi-10x2_5;/elektromos-roller-alkatresz-10-colos-belso-gumi-45-os-szeleppel-elektromos-roller-belso-gumi-10x2_5;termek;"10""-os belső gumi - 45°-os szeleppel - Elektromos roller belső gumi - 10x2.5";703;BELSO08;elektromos-roller-alkatresz-10-colos-belso-gumi-45-os-szeleppel-elektromos-roller-belso-gumi-10x2_5;/termek/elektromos-roller-alkatresz-10-colos-belso-gumi-45-os-szeleppel-elektromos-roller-belso-gumi-10x2_5/;;;true;
https://elektromos-roller.net/elektromos-roller-kulso-gumi-cst-90-65-6_5;/elektromos-roller-kulso-gumi-cst-90-65-6_5;termek;Elektromos roller külső gumi - CST - 90/65-6.5 - 11 col - Kukirin G4;705;KG42;elektromos-roller-kulso-gumi-cst-90-65-6_5;/termek/elektromos-roller-kulso-gumi-cst-90-65-6_5/;;;true;
https://elektromos-roller.net/elektromos-roller-tomor-lyukacsos-gumi-10x275;/elektromos-roller-tomor-lyukacsos-gumi-10x275;termek;"10""-os tömör lyukacsos gumi elektromos rollerhez 10x2.125-5.5";706;TM38;elektromos-roller-tomor-lyukacsos-gumi-10x275;/termek/elektromos-roller-tomor-lyukacsos-gumi-10x275/;;;true;
https://elektromos-roller.net/cst-kulso-gumi-elektromos-rollerhez-9065-65-11;/cst-kulso-gumi-elektromos-rollerhez-9065-65-11;termek;"CST külső gumi elektromos rollerhez 90/65-6,5 -11"" - Kukirin G4 elektromos rollerhez";707;WHSH2021ALKKLSBLSGM906565CST;cst-kulso-gumi-elektromos-rollerhez-9065-65-11;/termek/cst-kulso-gumi-elektromos-rollerhez-9065-65-11/;;;true;
https://elektromos-roller.net/elektromos-roller-alkatresz-13-colos-belso-gumi-90-os-szeleppel-elektromos-roller-belso-gumi-710;/elektromos-roller-alkatresz-13-colos-belso-gumi-90-os-szeleppel-elektromos-roller-belso-gumi-710;termek;"13""-os belső gumi 90°-os szeleppel - Elektromos roller belső gumi";710;WHSH2021ALKBLSGM13COL;elektromos-roller-alkatresz-13-colos-belso-gumi-90-os-szeleppel-elektromos-roller-belso-gumi-710;/termek/elektromos-roller-alkatresz-13-colos-belso-gumi-90-os-szeleppel-elektromos-roller-belso-gumi-710/;elektromos-roller-alkatresz-13-colos-belso-gumi-90-os-szeleppel-elektromos-roller-belso-gumi;/termek/elektromos-roller-alkatresz-13-colos-belso-gumi-90-os-szeleppel-elektromos-roller-belso-gumi/;true;opcionálisan tisztítható: az -710 utótag a Shoprenter azonosítója
https://elektromos-roller.net/elektromos-roller-alkatresz-6-colos-belso-gumi-45-os-szeleppel-elektromos-roller-belso-gumi-6x2;/elektromos-roller-alkatresz-6-colos-belso-gumi-45-os-szeleppel-elektromos-roller-belso-gumi-6x2;termek;"6""-os belső gumi - 45°-os szeleppel - Elektromos roller belső gumi - 6x2";711;BELSO20;elektromos-roller-alkatresz-6-colos-belso-gumi-45-os-szeleppel-elektromos-roller-belso-gumi-6x2;/termek/elektromos-roller-alkatresz-6-colos-belso-gumi-45-os-szeleppel-elektromos-roller-belso-gumi-6x2/;;;true;
https://elektromos-roller.net/elektromos-roller-szelep;/elektromos-roller-szelep;termek;Elektromos roller alkatrész - egyenes szelep;712;SZELEP01;elektromos-roller-szelep;/termek/elektromos-roller-szelep/;;;true;
https://elektromos-roller.net/xiaomi-elektromos-roller-alkatresz-m365-roller-kormany-csuklo-keresztcsavar;/xiaomi-elektromos-roller-alkatresz-m365-roller-kormany-csuklo-keresztcsavar;termek;Xiaomi elektromos roller alkatrész - M365 kormány csukló keresztcsavar;717;WHSH2021ALKXMM365KRMNYCSKLKRSZTCSVR;xiaomi-elektromos-roller-alkatresz-m365-roller-kormany-csuklo-keresztcsavar;/termek/xiaomi-elektromos-roller-alkatresz-m365-roller-kormany-csuklo-keresztcsavar/;;;true;
https://elektromos-roller.net/xiaomi-elektromos-roller-alkatresz-m365-fekbowden-piros;/xiaomi-elektromos-roller-alkatresz-m365-fekbowden-piros;termek;Xiaomi elektromos roller alkatrész -  Xiaomi M365 fékbowden - Piros;719;WHSH2021ALKXMM365FKBWDN;xiaomi-elektromos-roller-alkatresz-m365-fekbowden-piros;/termek/xiaomi-elektromos-roller-alkatresz-m365-fekbowden-piros/;;;true;
https://elektromos-roller.net/xiaomi-elektromos-roller-alkatresz-m365-kijelzo-tarto-konzol;/xiaomi-elektromos-roller-alkatresz-m365-kijelzo-tarto-konzol;termek;Kormányfej / Kijelző tartó konzol - Xiaomi M365 - elektromos roller alkatrész;720;KF01/4-321;xiaomi-elektromos-roller-alkatresz-m365-kijelzo-tarto-konzol;/termek/xiaomi-elektromos-roller-alkatresz-m365-kijelzo-tarto-konzol/;;;true;
https://elektromos-roller.net/xiaomi-elektromos-roller-1s-m365-essential-mi3-eredeti-kormanyszar-kormanycsukloval;/xiaomi-elektromos-roller-1s-m365-essential-mi3-eredeti-kormanyszar-kormanycsukloval;termek;Xiaomi elektromos roller 1s - M365 - Essential - Mi3 eredeti kormányszár kormánycsuklóval;722;WHSH2024XMKRMNYSZR;xiaomi-elektromos-roller-1s-m365-essential-mi3-eredeti-kormanyszar-kormanycsukloval;/termek/xiaomi-elektromos-roller-1s-m365-essential-mi3-eredeti-kormanyszar-kormanycsukloval/;;;true;
https://elektromos-roller.net/xiaomi-elektromos-roller-alkatresz-rogzitohorog-kormanycsuklohoz;/xiaomi-elektromos-roller-alkatresz-rogzitohorog-kormanycsuklohoz;termek;Xiaomi elektromos roller alkatrész -  Rögzítőhorog kormánycsuklóhoz;725;WHSH2021ALKXMRGZTHRG;xiaomi-elektromos-roller-alkatresz-rogzitohorog-kormanycsuklohoz;/termek/xiaomi-elektromos-roller-alkatresz-rogzitohorog-kormanycsuklohoz/;;;true;
https://elektromos-roller.net/xiaomi-elektromos-roller-alkatresz-rezgescsillapito-hezagolo;/xiaomi-elektromos-roller-alkatresz-rezgescsillapito-hezagolo;termek;Xiaomi elektromos roller alkatrész -  Rezgéscsillapító - Hézagoló;726;HEZAGOLO01/üzletben;xiaomi-elektromos-roller-alkatresz-rezgescsillapito-hezagolo;/termek/xiaomi-elektromos-roller-alkatresz-rezgescsillapito-hezagolo/;;;true;
https://elektromos-roller.net/xiaomi-elektromos-roller-alkatresz-pro2-hatso-sarvedo;/xiaomi-elektromos-roller-alkatresz-pro2-hatso-sarvedo;termek;Xiaomi - Elektromos roller alkatrész - Hátsó sárvédő lámpával;727;SV06/10-221;xiaomi-elektromos-roller-alkatresz-pro2-hatso-sarvedo;/termek/xiaomi-elektromos-roller-alkatresz-pro2-hatso-sarvedo/;;;true;
https://elektromos-roller.net/xiaomi-elektromos-roller-alkatresz-m365-csuklopant;/xiaomi-elektromos-roller-alkatresz-m365-csuklopant;termek;Xiaomi M365 elektromos roller alkatrész -  Csuklópánt;728;WHSH2021ALKXMCSKLPNT;xiaomi-elektromos-roller-alkatresz-m365-csuklopant;/termek/xiaomi-elektromos-roller-alkatresz-m365-csuklopant/;;;true;
https://elektromos-roller.net/xiaomi-elektromos-roller-alkatresz-fekbetet-1;/xiaomi-elektromos-roller-alkatresz-fekbetet-1;termek;Elektromos roller alkatrész - fékbetét - fékpofa - 1.sz. - pár;730;FB01;xiaomi-elektromos-roller-alkatresz-fekbetet-1;/termek/xiaomi-elektromos-roller-alkatresz-fekbetet-1/;;;true;
https://elektromos-roller.net/elektromos-roller-alkatresz-fekbetet-2-par;/elektromos-roller-alkatresz-fekbetet-2-par;termek;Elektromos roller alkatrész - fékbetét - 2.sz. - pár;731;FB02;elektromos-roller-alkatresz-fekbetet-2-par;/termek/elektromos-roller-alkatresz-fekbetet-2-par/;;;true;
https://elektromos-roller.net/elektromos-roller-alkatresz-fekbetet-3-par;/elektromos-roller-alkatresz-fekbetet-3-par;termek;Elektromos roller alkatrész - fékbetét - 3.sz - pár;732;FB03;elektromos-roller-alkatresz-fekbetet-3-par;/termek/elektromos-roller-alkatresz-fekbetet-3-par/;;;true;
https://elektromos-roller.net/xiaomi-elektromos-roller-alkatresz-kijelzo-plexi;/xiaomi-elektromos-roller-alkatresz-kijelzo-plexi;termek;Kijelző plexi - Xiaomi elektromos roller alkatrész;742;KIJPLEX01/12-141;xiaomi-elektromos-roller-alkatresz-kijelzo-plexi;/termek/xiaomi-elektromos-roller-alkatresz-kijelzo-plexi/;;;true;
https://elektromos-roller.net/elektromos-roller-alkatresz-10-colos-belso-gumi-90os-szeleppel-elektromos-roller-belso-gumi-10x2_5;/elektromos-roller-alkatresz-10-colos-belso-gumi-90os-szeleppel-elektromos-roller-belso-gumi-10x2_5;termek;"10""-os belső gumi - 90°-os szeleppel - 10x2.5 - Elektromos roller belső gumi";743;BELSO07/üzletben;elektromos-roller-alkatresz-10-colos-belso-gumi-90os-szeleppel-elektromos-roller-belso-gumi-10x2_5;/termek/elektromos-roller-alkatresz-10-colos-belso-gumi-90os-szeleppel-elektromos-roller-belso-gumi-10x2_5/;;;true;
https://elektromos-roller.net/akai-elektromos-roller-alkatresz-f10-kerek-felfujhato;/akai-elektromos-roller-alkatresz-f10-kerek-felfujhato;termek;"Akai  - Elektromos roller alkatrész - F10 és F3 felfújható kerék 8""";746;WHSH2021ALKAKAIF10PTKRK;akai-elektromos-roller-alkatresz-f10-kerek-felfujhato;/termek/akai-elektromos-roller-alkatresz-f10-kerek-felfujhato/;;;true;
https://elektromos-roller.net/akai-elektromos-roller-alkatresz-f10-akkumulator-748;/akai-elektromos-roller-alkatresz-f10-akkumulator-748;termek;"Akai  - Elektromos roller - F10 akkumulátor - 36V - 7,7 Ah - EVE cellából";748;WHSH2024ALKAKAIF10KKMLTREVE;akai-elektromos-roller-alkatresz-f10-akkumulator-748;/termek/akai-elektromos-roller-alkatresz-f10-akkumulator-748/;akai-elektromos-roller-alkatresz-f10-akkumulator;/termek/akai-elektromos-roller-alkatresz-f10-akkumulator/;true;opcionálisan tisztítható: az -748 utótag a Shoprenter azonosítója
https://elektromos-roller.net/akai-elektromos-roller-alkatresz-f10-elso-sarhanyo;/akai-elektromos-roller-alkatresz-f10-elso-sarhanyo;termek;Akai  - Elektromos roller alkatrész - F10 első sárvédő (SV10);755;SV10/1-311;akai-elektromos-roller-alkatresz-f10-elso-sarhanyo;/termek/akai-elektromos-roller-alkatresz-f10-elso-sarhanyo/;;;true;
https://elektromos-roller.net/akai-elektromos-roller-alkatresz-f11-elso-sarvedo;/akai-elektromos-roller-alkatresz-f11-elso-sarvedo;termek;Akai  - Elektromos roller alkatrész - F11 első sárvédő ;757;SV09/1-322;akai-elektromos-roller-alkatresz-f11-elso-sarvedo;/termek/akai-elektromos-roller-alkatresz-f11-elso-sarvedo/;;;true;
https://elektromos-roller.net/hero-s10-elektromos-roller-alkatresz-kijelzo-es-kulcsos-gyujtaskapcsolo;/hero-s10-elektromos-roller-alkatresz-kijelzo-es-kulcsos-gyujtaskapcsolo;termek;HERO S10 - Elektromos roller alkatrész  - Kijelző és  kulcsos gyújtáskapcsoló;762;WHSH2021ALKHRS10KJLZKLCSSGYJTSKPCSL;hero-s10-elektromos-roller-alkatresz-kijelzo-es-kulcsos-gyujtaskapcsolo;/termek/hero-s10-elektromos-roller-alkatresz-kijelzo-es-kulcsos-gyujtaskapcsolo/;;;true;
https://elektromos-roller.net/xiaomi-elektromos-roller-motor-kulso-es-belso-gumival;/xiaomi-elektromos-roller-motor-kulso-es-belso-gumival;termek;Xiaomi Pro - 350W-os elektromos roller motor külső és belső gumival;767;MOTOR03/gumi-ajtó-mellett;xiaomi-elektromos-roller-motor-kulso-es-belso-gumival;/termek/xiaomi-elektromos-roller-motor-kulso-es-belso-gumival/;;;true;
https://elektromos-roller.net/akai-f10-elektromos-roller-alkatresz-vezerlo-controller-36v;/akai-f10-elektromos-roller-alkatresz-vezerlo-controller-36v;termek;Akai F10 - Elektromos roller alkatrész -  Vezérlő - Controller - 36V;768;VEZ14/13-221;akai-f10-elektromos-roller-alkatresz-vezerlo-controller-36v;/termek/akai-f10-elektromos-roller-alkatresz-vezerlo-controller-36v/;;;true;
https://elektromos-roller.net/akai-elektromos-roller-alkatresz-f10-f3-tomor-gumi;/akai-elektromos-roller-alkatresz-f10-f3-tomor-gumi;termek;"8""-os  tömör külső gumi Akai F10 és F3 modellekhez 200x50";772;TM34;akai-elektromos-roller-alkatresz-f10-f3-tomor-gumi;/termek/akai-elektromos-roller-alkatresz-f10-f3-tomor-gumi/;;;true;
https://elektromos-roller.net/akai-f10-f3-elektromos-roller-tomor-gumis-kerek-200x50;/akai-f10-f3-elektromos-roller-tomor-gumis-kerek-200x50;termek;"8""-os tömör gumis kerék Akai F10 és F3 - 200x50 - elektromos rollerhez";774;TM14/20-13;akai-f10-f3-elektromos-roller-tomor-gumis-kerek-200x50;/termek/akai-f10-f3-elektromos-roller-tomor-gumis-kerek-200x50/;;;true;
https://elektromos-roller.net/kugoo-s1plus-elektromos-roller-alkatresz-vezerlo-controller-36v-350w-15a-780;/kugoo-s1plus-elektromos-roller-alkatresz-vezerlo-controller-36v-350w-15a-780;termek;Kugoo S1 PLUS - Elektromos roller alkatrész -  Vezérlő - Controller - 36V 350 W - 15A;780;WHSH2021ALKKGS1PLUSVZ;kugoo-s1plus-elektromos-roller-alkatresz-vezerlo-controller-36v-350w-15a-780;/termek/kugoo-s1plus-elektromos-roller-alkatresz-vezerlo-controller-36v-350w-15a-780/;kugoo-s1plus-elektromos-roller-alkatresz-vezerlo-controller-36v-350w-15a;/termek/kugoo-s1plus-elektromos-roller-alkatresz-vezerlo-controller-36v-350w-15a/;true;opcionálisan tisztítható: az -780 utótag a Shoprenter azonosítója
https://elektromos-roller.net/kugoo-g2-pro-elektromos-roller-controller-motorvezerlo-elektronika-48v-25a;/kugoo-g2-pro-elektromos-roller-controller-motorvezerlo-elektronika-48v-25a;termek;Kukirin G2 Pro - Elektromos roller Controller - Motorvezérlő elektronika 48V - 25A;781;WHSHKGG2PROVZRL;kugoo-g2-pro-elektromos-roller-controller-motorvezerlo-elektronika-48v-25a;/termek/kugoo-g2-pro-elektromos-roller-controller-motorvezerlo-elektronika-48v-25a/;;;true;
https://elektromos-roller.net/10-os-belso-gumi-0-os-szeleppel-elektromos-roller-belso-gumi-10x2125;/10-os-belso-gumi-0-os-szeleppel-elektromos-roller-belso-gumi-10x2125;termek;"10""-os belső gumi - 0°-os szeleppel - Elektromos roller belső gumi - 10X2.125";793;BELSO16;10-os-belso-gumi-0-os-szeleppel-elektromos-roller-belso-gumi-10x2125;/termek/10-os-belso-gumi-0-os-szeleppel-elektromos-roller-belso-gumi-10x2125/;;;true;
https://elektromos-roller.net/kugoo-elektromos-roller-alkatresz-s1plus-hatso-sarhanyo;/kugoo-elektromos-roller-alkatresz-s1plus-hatso-sarhanyo;termek;Kugoo S1 Plus hátsó sárvédő - Elektromos roller alkatrész;803;SV26/11-321;kugoo-elektromos-roller-alkatresz-s1plus-hatso-sarhanyo;/termek/kugoo-elektromos-roller-alkatresz-s1plus-hatso-sarhanyo/;;;true;
https://elektromos-roller.net/akai-f10-elektromos-roller-alkatresz-taposofekbetet;/akai-f10-elektromos-roller-alkatresz-taposofekbetet;termek;Akai F10 és F11 - Elektromos roller alkatrész - Taposófék-betét;808;TAPFB01/10-44;akai-f10-elektromos-roller-alkatresz-taposofekbetet;/termek/akai-f10-elektromos-roller-alkatresz-taposofekbetet/;;;true;
https://elektromos-roller.net/akai-f10-elektromos-roller-alkatresz-fo-kabel;/akai-f10-elektromos-roller-alkatresz-fo-kabel;termek;Akai F10 - Elektromos roller alkatrész - Főkábel;816;FOKA01;akai-f10-elektromos-roller-alkatresz-fo-kabel;/termek/akai-f10-elektromos-roller-alkatresz-fo-kabel/;;;true;
https://elektromos-roller.net/10-os-kulso-gumi-elektromos-rollerhez-60-70-65;/10-os-kulso-gumi-elektromos-rollerhez-60-70-65;termek;"10""-os külső gumi - 60/70-6.5 - tubeless - Segway Ninebot elektromos rollerhez";818;KG22/24B-13;10-os-kulso-gumi-elektromos-rollerhez-60-70-65;/termek/10-os-kulso-gumi-elektromos-rollerhez-60-70-65/;;;true;
https://elektromos-roller.net/xiaomi-elektromos-roller-alkatresz-fektarcsa;/xiaomi-elektromos-roller-alkatresz-fektarcsa;termek;Féktárcsa - 120-as - 5 pontos - Xiaomi - Elektromos roller alkatrész (FT02);831;FT02/9422;xiaomi-elektromos-roller-alkatresz-fektarcsa;/termek/xiaomi-elektromos-roller-alkatresz-fektarcsa/;;;true;
https://elektromos-roller.net/akai-elektromos-roller-alkatresz-f10-szilikon-kabelvezeto;/akai-elektromos-roller-alkatresz-f10-szilikon-kabelvezeto;termek;Akai  - Elektromos roller alkatrész - F10 szilikon kábelvezető;832;WHSH2021ALKAKAIF10SZLKNKBL;akai-elektromos-roller-alkatresz-f10-szilikon-kabelvezeto;/termek/akai-elektromos-roller-alkatresz-f10-szilikon-kabelvezeto/;;;true;
https://elektromos-roller.net/segway-ninebot-es2-elektromos-roller-alkatresz-gazkar;/segway-ninebot-es2-elektromos-roller-alkatresz-gazkar;termek;Segway Ninebot ES2 - Elektromos roller - Alkatrész - Gázkar;873;WHSH2021KIEGSGWYNNBTGZKR;segway-ninebot-es2-elektromos-roller-alkatresz-gazkar;/termek/segway-ninebot-es2-elektromos-roller-alkatresz-gazkar/;;;true;
https://elektromos-roller.net/segway-ninebot-es2-elektromos-roller-alkatresz-fekkar;/segway-ninebot-es2-elektromos-roller-alkatresz-fekkar;termek;Segway Ninebot ES2 - Elektromos roller - Alkatrész - Fékkar;874;WHSH2021KIEGSGWYNNBTFKKR;segway-ninebot-es2-elektromos-roller-alkatresz-fekkar;/termek/segway-ninebot-es2-elektromos-roller-alkatresz-fekkar/;;;true;
https://elektromos-roller.net/segway-ninebot-es2-elektromos-roller-alkatresz-kijelzo;/segway-ninebot-es2-elektromos-roller-alkatresz-kijelzo;termek;Segway Ninebot ES2 - Elektromos Roller - Alkatrész - Kijelző;880;KIJ03/12-421;segway-ninebot-es2-elektromos-roller-alkatresz-kijelzo;/termek/segway-ninebot-es2-elektromos-roller-alkatresz-kijelzo/;;;true;
https://elektromos-roller.net/akai-elektromos-roller-alkatresz-f3-elso-sarhanyo;/akai-elektromos-roller-alkatresz-f3-elso-sarhanyo;termek;Akai  - Elektromos roller alkatrész - F3 első sárvédő (SV03);890;SV03/1-321;akai-elektromos-roller-alkatresz-f3-elso-sarhanyo;/termek/akai-elektromos-roller-alkatresz-f3-elso-sarhanyo/;;;true;
https://elektromos-roller.net/kugoo-g2-pro-elektromos-roller-alkatresz-gazkar;/kugoo-g2-pro-elektromos-roller-alkatresz-gazkar;termek;Kugoo G2 Pro - Elektromos roller - Alkatrész - Gázkar;920;WHSH2021KIEGKGG2PRGZKR;kugoo-g2-pro-elektromos-roller-alkatresz-gazkar;/termek/kugoo-g2-pro-elektromos-roller-alkatresz-gazkar/;;;true;
https://elektromos-roller.net/kugoo-s1-plus-elektromos-roller-alkatresz-fekkar;/kugoo-s1-plus-elektromos-roller-alkatresz-fekkar;termek;Kugoo S1 Plus - Elektromos roller - Alkatrész - Fékkar;924;WHSH2021KIEGKGS1PLSFKKR;kugoo-s1-plus-elektromos-roller-alkatresz-fekkar;/termek/kugoo-s1-plus-elektromos-roller-alkatresz-fekkar/;;;true;
https://elektromos-roller.net/xiaomi-toltocsatlakozo-szilikon-elektromos-roller-kiegeszito;/xiaomi-toltocsatlakozo-szilikon-elektromos-roller-kiegeszito;termek;Xiaomi töltőcsatlakozó szilikon - töltő aljzatvédő szilikon - elektromos roller kiegészítő;931;TAVSZ01/11-162;xiaomi-toltocsatlakozo-szilikon-elektromos-roller-kiegeszito;/termek/xiaomi-toltocsatlakozo-szilikon-elektromos-roller-kiegeszito/;;;true;
https://elektromos-roller.net/xiaomi-elso-hatso-csavartakaro-boritas-elektromos-roller-kiegeszito;/xiaomi-elso-hatso-csavartakaro-boritas-elektromos-roller-kiegeszito;termek;Xiaomi első-hátsó csavartakaró borítás - elektromos roller kiegészítő;932;WHSH2021XMCSVRTKR;xiaomi-elso-hatso-csavartakaro-boritas-elektromos-roller-kiegeszito;/termek/xiaomi-elso-hatso-csavartakaro-boritas-elektromos-roller-kiegeszito/;;;true;
https://elektromos-roller.net/xiaomi-elektromos-roller-alkatresz-kormanycsapagy-szett;/xiaomi-elektromos-roller-alkatresz-kormanycsapagy-szett;termek;Xiaomi - Elektromos roller alkatrész - kormánycsapágy-szett;934;KCS01/4-332;xiaomi-elektromos-roller-alkatresz-kormanycsapagy-szett;/termek/xiaomi-elektromos-roller-alkatresz-kormanycsapagy-szett/;;;true;
https://elektromos-roller.net/kugoo-s1-hatso-sarhanyo-elektromos-roller-alkatresz;/kugoo-s1-hatso-sarhanyo-elektromos-roller-alkatresz;termek;Kugoo S1 hátsó sárvédő - Elektromos roller alkatrész;958;SV25/11-321;kugoo-s1-hatso-sarhanyo-elektromos-roller-alkatresz;/termek/kugoo-s1-hatso-sarhanyo-elektromos-roller-alkatresz/;;;true;
https://elektromos-roller.net/8-os-kulso-gumi-200x50-elektromos-rollerhez;/8-os-kulso-gumi-200x50-elektromos-rollerhez;termek;"8""-os  külső gumi - 200x50 - elektromos rollerhez";960;KG14;8-os-kulso-gumi-200x50-elektromos-rollerhez;/termek/8-os-kulso-gumi-200x50-elektromos-rollerhez/;;;true;
https://elektromos-roller.net/gazkaros-kijelzo-elektromos-roller-alkatresz;/gazkaros-kijelzo-elektromos-roller-alkatresz;termek;Gázkaros kijelző - Elektromos roller alkatrész - TF-100 - 5 PIN;963;KJGK01/12-221;gazkaros-kijelzo-elektromos-roller-alkatresz;/termek/gazkaros-kijelzo-elektromos-roller-alkatresz/;;;true;
https://elektromos-roller.net/gazkaros-kijelzo-elektromos-roller-alkatresz-dupla-motoros;/gazkaros-kijelzo-elektromos-roller-alkatresz-dupla-motoros;termek;Gázkaros kijelző - Elektromos roller alkatrész - Dupla motoros;966;WHSH2021KIEGKJLZGZKDL;gazkaros-kijelzo-elektromos-roller-alkatresz-dupla-motoros;/termek/gazkaros-kijelzo-elektromos-roller-alkatresz-dupla-motoros/;;;true;
https://elektromos-roller.net/xiaomi-pro-elektromos-roller-alkatresz-fekbetet-fekpofa-par;/xiaomi-pro-elektromos-roller-alkatresz-fekbetet-fekpofa-par;termek;"Xiaomi 1S, Essential, Pro, Pro 2 - fékbetét, fékpofa - 30.sz. - (pár) - Elektromos roller alkatrész";977;FB30;xiaomi-pro-elektromos-roller-alkatresz-fekbetet-fekpofa-par;/termek/xiaomi-pro-elektromos-roller-alkatresz-fekbetet-fekpofa-par/;;;true;
https://elektromos-roller.net/segway-ninebot-g30-alkatresz-motorvezerlo-vezerlo-controller;/segway-ninebot-g30-alkatresz-motorvezerlo-vezerlo-controller;termek;Vezérlő - Controller - Segway Ninebot Max G30 - Elektromos Roller Alkatrész;998;VEZ20/13-251;segway-ninebot-g30-alkatresz-motorvezerlo-vezerlo-controller;/termek/segway-ninebot-g30-alkatresz-motorvezerlo-vezerlo-controller/;;;true;
https://elektromos-roller.net/segway-ninebot-es-alkatresz-motorvezerlo-vezerlo-controller-999;/segway-ninebot-es-alkatresz-motorvezerlo-vezerlo-controller-999;termek;Vezérlő - Controller - Segway Ninebot ES - elektromos roller alkatrész;999;VEZ19/13-251;segway-ninebot-es-alkatresz-motorvezerlo-vezerlo-controller-999;/termek/segway-ninebot-es-alkatresz-motorvezerlo-vezerlo-controller-999/;segway-ninebot-es-alkatresz-motorvezerlo-vezerlo-controller;/termek/segway-ninebot-es-alkatresz-motorvezerlo-vezerlo-controller/;true;opcionálisan tisztítható: az -999 utótag a Shoprenter azonosítója
https://elektromos-roller.net/markolatos-gazkar-elektromos-roller-alkatresz-gyujtaskapcsoloval-48v;/markolatos-gazkar-elektromos-roller-alkatresz-gyujtaskapcsoloval-48v;termek;Markolatos gázkar - Elektromos roller alkatrész - Gyújtáskapcsolóval - 48V;1004;WHSH2021ALKWHSHGZKRGYJT48V;markolatos-gazkar-elektromos-roller-alkatresz-gyujtaskapcsoloval-48v;/termek/markolatos-gazkar-elektromos-roller-alkatresz-gyujtaskapcsoloval-48v/;;;true;
https://elektromos-roller.net/akkumulator-vezerlo-elektromos-roller-alkatresz-bms-controller-36v-20a;/akkumulator-vezerlo-elektromos-roller-alkatresz-bms-controller-36v-20a;termek;Akkumulátor vezérlő - Elektromos roller alkatrész - BMS - Controller - 36V - 20A;1010;WHSH2021ALKAKKVZRL36V20A;akkumulator-vezerlo-elektromos-roller-alkatresz-bms-controller-36v-20a;/termek/akkumulator-vezerlo-elektromos-roller-alkatresz-bms-controller-36v-20a/;;;true;
https://elektromos-roller.net/kugoo-es2-elektromos-roller-alkatresz-kijelzo;/kugoo-es2-elektromos-roller-alkatresz-kijelzo;termek;Kugoo ES2 (Microgo M5) - Elektromos Roller - Alkatrész - Kijelző;1014;WHSH2021KIEGKGM5KJLZ;kugoo-es2-elektromos-roller-alkatresz-kijelzo;/termek/kugoo-es2-elektromos-roller-alkatresz-kijelzo/;;;true;
https://elektromos-roller.net/segway-ninebot-g30-elektromos-roller-alkatresz-elso-lengescsillapito;/segway-ninebot-g30-elektromos-roller-alkatresz-elso-lengescsillapito;termek;Segway Ninebot G30Max - Elektromos roller alkatrész - Első lengéscsillapító;1017;WHSH2021ALKSGWYNNBTLSLNGCS;segway-ninebot-g30-elektromos-roller-alkatresz-elso-lengescsillapito;/termek/segway-ninebot-g30-elektromos-roller-alkatresz-elso-lengescsillapito/;;;true;
https://elektromos-roller.net/hero-roller-gorgo-elektromos-roller-kiegeszito;/hero-roller-gorgo-elektromos-roller-kiegeszito;termek;Hero roller görgők - Elektromos roller kiegészítő;1020;GORG01/5-41;hero-roller-gorgo-elektromos-roller-kiegeszito;/termek/hero-roller-gorgo-elektromos-roller-kiegeszito/;;;true;
https://elektromos-roller.net/hero-s9-elektromos-roller-alkatresz-dobfek;/hero-s9-elektromos-roller-alkatresz-dobfek;termek;Hero S9 - Elektromos roller alkatrész - Dobfék;1021;WHSH2021ALKHRDBFK;hero-s9-elektromos-roller-alkatresz-dobfek;/termek/hero-s9-elektromos-roller-alkatresz-dobfek/;;;true;
https://elektromos-roller.net/hero-elektromos-roller-motor-kapcsolo;/hero-elektromos-roller-motor-kapcsolo;termek;Hero elektromos roller motor kapcsoló - Elektromos roller alkatrész;1023;HRMTRKPCSL;hero-elektromos-roller-motor-kapcsolo;/termek/hero-elektromos-roller-motor-kapcsolo/;;;true;
https://elektromos-roller.net/hero-elektromos-roller-fenyszoro-kapcsolo-elektromos-roller-alkatresz;/hero-elektromos-roller-fenyszoro-kapcsolo-elektromos-roller-alkatresz;termek;Hero elektromos roller fényszóró kapcsoló - Elektromos roller alkatrész;1025;HRLMPKPCSL;hero-elektromos-roller-fenyszoro-kapcsolo-elektromos-roller-alkatresz;/termek/hero-elektromos-roller-fenyszoro-kapcsolo-elektromos-roller-alkatresz/;;;true;
https://elektromos-roller.net/hero-elektromos-roller-alkatresz-kormanybefogo-stucni;/hero-elektromos-roller-alkatresz-kormanybefogo-stucni;termek;Hero - Elektromos roller alkatrész - Kormánybefogó - Stucni;1028;WHSHHRKRMNYBFGSTCN;hero-elektromos-roller-alkatresz-kormanybefogo-stucni;/termek/hero-elektromos-roller-alkatresz-kormanybefogo-stucni/;;;true;
https://elektromos-roller.net/elektromos-roller-kulso-gumi-90-65-65;/elektromos-roller-kulso-gumi-90-65-65;termek;"11""-os CST külső gumi elektromos rollerhez - 90/65-6.5 - Kukirin G4";1142;KG07/24-32;elektromos-roller-kulso-gumi-90-65-65;/termek/elektromos-roller-kulso-gumi-90-65-65/;;;true;
https://elektromos-roller.net/10-os-kulso-cst-gumi-elektromos-rollerhez-10x30;/10-os-kulso-cst-gumi-elektromos-rollerhez-10x30;termek;"10""-os CST külső gumi elektromos rollerhez - 10x3.00-6 - Tubeless";1148;KG12/30-31;10-os-kulso-cst-gumi-elektromos-rollerhez-10x30;/termek/10-os-kulso-cst-gumi-elektromos-rollerhez-10x30/;;;true;
https://elektromos-roller.net/10-os-pmt-kulso-gumi-elektromos-rollerhez-10x2;/10-os-pmt-kulso-gumi-elektromos-rollerhez-10x2;termek;"10""-os PMT külső gumi elektromos rollerhez - E-FIRE 10 x 2,125 / 55/250R6.0";1151;KG11/20-11;10-os-pmt-kulso-gumi-elektromos-rollerhez-10x2;/termek/10-os-pmt-kulso-gumi-elektromos-rollerhez-10x2/;;;true;
https://elektromos-roller.net/8050r65-t41-slick-pmt-kulso-gumi-elektromos-rollerhez-1160;/8050r65-t41-slick-pmt-kulso-gumi-elektromos-rollerhez-1160;termek;80/50x6.5” T41 SLICK PMT külső gumi elektromos rollerhez;1160;KG02/üzletben;8050r65-t41-slick-pmt-kulso-gumi-elektromos-rollerhez-1160;/termek/8050r65-t41-slick-pmt-kulso-gumi-elektromos-rollerhez-1160/;8050r65-t41-slick-pmt-kulso-gumi-elektromos-rollerhez;/termek/8050r65-t41-slick-pmt-kulso-gumi-elektromos-rollerhez/;true;opcionálisan tisztítható: az -1160 utótag a Shoprenter azonosítója
https://elektromos-roller.net/9050r65-r-rain-pmt-kulso-gumi-elektromos-rollerhez-1163;/9050r65-r-rain-pmt-kulso-gumi-elektromos-rollerhez-1163;termek;90/50R6.5” R RAIN PMT külső gumi elektromos rollerhez;1163;KG16/üzletben;9050r65-r-rain-pmt-kulso-gumi-elektromos-rollerhez-1163;/termek/9050r65-r-rain-pmt-kulso-gumi-elektromos-rollerhez-1163/;9050r65-r-rain-pmt-kulso-gumi-elektromos-rollerhez;/termek/9050r65-r-rain-pmt-kulso-gumi-elektromos-rollerhez/;true;opcionálisan tisztítható: az -1163 utótag a Shoprenter azonosítója
https://elektromos-roller.net/10050r65-r-rain-pmt-kulso-gumi-elektromos-rollerhez-1166;/10050r65-r-rain-pmt-kulso-gumi-elektromos-rollerhez-1166;termek;100/55-6.5” R RAIN PMT külső gumi elektromos rollerhez;1166;KG03/22-21;10050r65-r-rain-pmt-kulso-gumi-elektromos-rollerhez-1166;/termek/10050r65-r-rain-pmt-kulso-gumi-elektromos-rollerhez-1166/;10050r65-r-rain-pmt-kulso-gumi-elektromos-rollerhez;/termek/10050r65-r-rain-pmt-kulso-gumi-elektromos-rollerhez/;true;opcionálisan tisztítható: az -1166 utótag a Shoprenter azonosítója
https://elektromos-roller.net/11050r65-r-slick-pmt-kulso-gumi-elektromos-rollerhez-1169;/11050r65-r-slick-pmt-kulso-gumi-elektromos-rollerhez-1169;termek;110/55R6.5” R SLICK PMT külső gumi elektromos rollerhez;1169;WHSH2022KIEGKLSGMPMT110-50-R-SLICK;11050r65-r-slick-pmt-kulso-gumi-elektromos-rollerhez-1169;/termek/11050r65-r-slick-pmt-kulso-gumi-elektromos-rollerhez-1169/;11050r65-r-slick-pmt-kulso-gumi-elektromos-rollerhez;/termek/11050r65-r-slick-pmt-kulso-gumi-elektromos-rollerhez/;true;opcionálisan tisztítható: az -1169 utótag a Shoprenter azonosítója
https://elektromos-roller.net/10-os-tomor-gumi-elektromos-rollerhez-10x2-0-2-5;/10-os-tomor-gumi-elektromos-rollerhez-10x2-0-2-5;termek;"10""-os tömör gumi elektromos rollerhez 10x2.0/2.5";1202;WHSH2022ALK10CLTMRGM;10-os-tomor-gumi-elektromos-rollerhez-10x2-0-2-5;/termek/10-os-tomor-gumi-elektromos-rollerhez-10x2-0-2-5/;;;true;
https://elektromos-roller.net/10-os-tuovt-kulso-gumi-elektromos-rollerhez-80-60-6;/10-os-tuovt-kulso-gumi-elektromos-rollerhez-80-60-6;termek;"10""-os Chao Yang külső gumi elektromos rollerhez - 80/60-6";1206;KG43;10-os-tuovt-kulso-gumi-elektromos-rollerhez-80-60-6;/termek/10-os-tuovt-kulso-gumi-elektromos-rollerhez-80-60-6/;;;true;
https://elektromos-roller.net/10-os-kulso-gumi-elektromos-rollerhez-10x2-5-6-5-chaoyang;/10-os-kulso-gumi-elektromos-rollerhez-10x2-5-6-5-chaoyang;termek;"10""-os külső gumi elektromos rollerhez - 10x2.50-6.5 - Chaoyang";1218;ULIP56;10-os-kulso-gumi-elektromos-rollerhez-10x2-5-6-5-chaoyang;/termek/10-os-kulso-gumi-elektromos-rollerhez-10x2-5-6-5-chaoyang/;;;true;
https://elektromos-roller.net/xiaomi-elektromos-roller-alkatresz-fekkar;/xiaomi-elektromos-roller-alkatresz-fekkar;termek;Xiaomi elektromos roller alkatrész - Fékkar;1230;WHSH2021ALKXMFKKR;xiaomi-elektromos-roller-alkatresz-fekkar;/termek/xiaomi-elektromos-roller-alkatresz-fekkar/;;;true;
https://elektromos-roller.net/nutt-elektromos-roller-alkatresz-fekbetet;/nutt-elektromos-roller-alkatresz-fekbetet;termek;NUTT fékbetét - Elektromos roller alkatrész - 29.sz. - pár;1249;FB29;nutt-elektromos-roller-alkatresz-fekbetet;/termek/nutt-elektromos-roller-alkatresz-fekbetet/;;;true;
https://elektromos-roller.net/elektromos-roller-alkatresz-fekbetet-4-par;/elektromos-roller-alkatresz-fekbetet-4-par;termek;Elektromos roller alkatrész - fékbetét -  4.sz. - pár;1251;FB04;elektromos-roller-alkatresz-fekbetet-4-par;/termek/elektromos-roller-alkatresz-fekbetet-4-par/;;;true;
https://elektromos-roller.net/elektromos-roller-alkatresz-fekbetet-5-par;/elektromos-roller-alkatresz-fekbetet-5-par;termek;Elektromos roller alkatrész - fékbetét - 5.sz. - pár;1253;FB05;elektromos-roller-alkatresz-fekbetet-5-par;/termek/elektromos-roller-alkatresz-fekbetet-5-par/;;;true;
https://elektromos-roller.net/elektromos-roller-alkatresz-fekbetet-6-par;/elektromos-roller-alkatresz-fekbetet-6-par;termek;"Elektromos roller alkatrész - fékbetét - 6.sz. - pár - Kukirin G2 Master, G3 Pro, G4, Kukirin G2 (2025-ös)";1255;FB06;elektromos-roller-alkatresz-fekbetet-6-par;/termek/elektromos-roller-alkatresz-fekbetet-6-par/;;;true;
https://elektromos-roller.net/10-os-belso-gumi-egyenes-szeleppel-elektromos-roller-belso-gumi-10x2;/10-os-belso-gumi-egyenes-szeleppel-elektromos-roller-belso-gumi-10x2;termek;"10""-os belső gumi - egyenes szeleppel - Elektromos roller belső gumi - 10X2.125";1260;BELSO06/16-231;10-os-belso-gumi-egyenes-szeleppel-elektromos-roller-belso-gumi-10x2;/termek/10-os-belso-gumi-egyenes-szeleppel-elektromos-roller-belso-gumi-10x2/;;;true;
https://elektromos-roller.net/10-os-belso-nelkuli-felfujhato-terep-gumi-segway-ninebot-g30max-elektromos-rollerhez-6070-65;/10-os-belso-nelkuli-felfujhato-terep-gumi-segway-ninebot-g30max-elektromos-rollerhez-6070-65;termek;"10""-os belső nélküli felfújható terep gumi Segway Ninebot G30Max elektromos rollerhez - 60/70-6.5";1263;KG18/24B-11/üzlet/ULIP340;10-os-belso-nelkuli-felfujhato-terep-gumi-segway-ninebot-g30max-elektromos-rollerhez-6070-65;/termek/10-os-belso-nelkuli-felfujhato-terep-gumi-segway-ninebot-g30max-elektromos-rollerhez-6070-65/;;;true;
https://elektromos-roller.net/11-os-cst-belso-gumi-elektromos-rollerhez-9065-65;/11-os-cst-belso-gumi-elektromos-rollerhez-9065-65;termek;"11""-os CST belső gumi elektromos rollerhez - 90/65-6.5 - 90° szeleppel";1264;BELSO13/16-21;11-os-cst-belso-gumi-elektromos-rollerhez-9065-65;/termek/11-os-cst-belso-gumi-elektromos-rollerhez-9065-65/;;;true;
https://elektromos-roller.net/8-os-belso-gumi-90-os-szeleppel-elektromos-roller-belso-gumi-200x50;/8-os-belso-gumi-90-os-szeleppel-elektromos-roller-belso-gumi-200x50;termek;"CST 8""-os belső gumi - 90°-os szeleppel - Elektromos roller belső gumi - 200x50";1275;BELSO01;8-os-belso-gumi-90-os-szeleppel-elektromos-roller-belso-gumi-200x50;/termek/8-os-belso-gumi-90-os-szeleppel-elektromos-roller-belso-gumi-200x50/;;;true;
https://elektromos-roller.net/belso-gumi-8-col-200x50-elektromos-rollerhez-45-fok-szelep;/belso-gumi-8-col-200x50-elektromos-rollerhez-45-fok-szelep;termek;"8""-os belső gumi - 45°-os szeleppel - Elektromos roller belső gumi - 200x50";1278;BELSO02/16-422;belso-gumi-8-col-200x50-elektromos-rollerhez-45-fok-szelep;/termek/belso-gumi-8-col-200x50-elektromos-rollerhez-45-fok-szelep/;;;true;
https://elektromos-roller.net/kugoo-m4-pro-hatso-sarvedo-elektromos-roller;/kugoo-m4-pro-hatso-sarvedo-elektromos-roller;termek;Kugoo M4 hátsó sárvédő lámpával - Elektromos roller alkatrész;1280;SV17/1-211;kugoo-m4-pro-hatso-sarvedo-elektromos-roller;/termek/kugoo-m4-pro-hatso-sarvedo-elektromos-roller/;;;true;
https://elektromos-roller.net/xiaomi-elektromos-roller-alkatresz-kormanycsapagy;/xiaomi-elektromos-roller-alkatresz-kormanycsapagy;termek;Xiaomi - Elektromos roller alkatrész - kormánycsapágy;1297;KCS10/4-332;xiaomi-elektromos-roller-alkatresz-kormanycsapagy;/termek/xiaomi-elektromos-roller-alkatresz-kormanycsapagy/;;;true;
https://elektromos-roller.net/bogist-c1-pro-elektromos-roller-alkatresz-motorvezerlo-vezerlo-controller;/bogist-c1-pro-elektromos-roller-alkatresz-motorvezerlo-vezerlo-controller;termek;Bogist C1 Pro - elektromos roller alkatrész - Vezérlő - Controller;1301;VEZ33/13-531;bogist-c1-pro-elektromos-roller-alkatresz-motorvezerlo-vezerlo-controller;/termek/bogist-c1-pro-elektromos-roller-alkatresz-motorvezerlo-vezerlo-controller/;;;true;
https://elektromos-roller.net/bogist-c1-pro-elektromos-roller-alkatresz-kijelzo;/bogist-c1-pro-elektromos-roller-alkatresz-kijelzo;termek;Bogist C1 Pro - elektromos roller alkatrész - Kijelző;1305;KIJ15/12-55;bogist-c1-pro-elektromos-roller-alkatresz-kijelzo;/termek/bogist-c1-pro-elektromos-roller-alkatresz-kijelzo/;;;true;
https://elektromos-roller.net/kugoo-s1-es-s1-pro-elektromos-roller-alkatresz-villa;/kugoo-s1-es-s1-pro-elektromos-roller-alkatresz-villa;termek;Kugoo S1 és S1 Pro - Elektromos roller - Alkatrész - Villa;1361;VILLA02/2-52;kugoo-s1-es-s1-pro-elektromos-roller-alkatresz-villa;/termek/kugoo-s1-es-s1-pro-elektromos-roller-alkatresz-villa/;;;true;
https://elektromos-roller.net/kugoo-s1-es-s1-pro-elektromos-roller-alkatresz-fekkar-1363;/kugoo-s1-es-s1-pro-elektromos-roller-alkatresz-fekkar-1363;termek;Kugoo S1 és S1 Pro - Elektromos roller - Alkatrész - Fékkar;1363;FKV01/12-161;kugoo-s1-es-s1-pro-elektromos-roller-alkatresz-fekkar-1363;/termek/kugoo-s1-es-s1-pro-elektromos-roller-alkatresz-fekkar-1363/;kugoo-s1-es-s1-pro-elektromos-roller-alkatresz-fekkar;/termek/kugoo-s1-es-s1-pro-elektromos-roller-alkatresz-fekkar/;true;opcionálisan tisztítható: az -1363 utótag a Shoprenter azonosítója
https://elektromos-roller.net/gazkaros-kijelzo-elektromos-roller-alkatresz-qss4;/gazkaros-kijelzo-elektromos-roller-alkatresz-qss4;termek;Gázkaros kijelző - Elektromos roller alkatrész - QS-S4 ;1365;WHSH2021KIEGKJLZGZKDL-QSS4;gazkaros-kijelzo-elektromos-roller-alkatresz-qss4;/termek/gazkaros-kijelzo-elektromos-roller-alkatresz-qss4/;;;true;
https://elektromos-roller.net/uj-kugoo-kukirin-g2-pro-elektromos-roller-controller-motorvezerlo-elektronika-48v-20a-1381;/uj-kugoo-kukirin-g2-pro-elektromos-roller-controller-motorvezerlo-elektronika-48v-20a-1381;termek;Új Kugoo KuKirin G2 Pro - Elektromos roller Controller - Motorvezérlő elektronika 48V - 20A;1381;WHSHKGKKG2PROVZRL-1;uj-kugoo-kukirin-g2-pro-elektromos-roller-controller-motorvezerlo-elektronika-48v-20a-1381;/termek/uj-kugoo-kukirin-g2-pro-elektromos-roller-controller-motorvezerlo-elektronika-48v-20a-1381/;uj-kugoo-kukirin-g2-pro-elektromos-roller-controller-motorvezerlo-elektronika-48v-20a;/termek/uj-kugoo-kukirin-g2-pro-elektromos-roller-controller-motorvezerlo-elektronika-48v-20a/;true;opcionálisan tisztítható: az -1381 utótag a Shoprenter azonosítója
https://elektromos-roller.net/kugoo-kirin-g3-elektromos-roller-controller-motorvezerlo-elektronika;/kugoo-kirin-g3-elektromos-roller-controller-motorvezerlo-elektronika;termek;Kugoo Kirin G3 / KuKirin G3 - Elektromos roller Controller - Motorvezérlő elektronika;1384;VEZ12/13-211;kugoo-kirin-g3-elektromos-roller-controller-motorvezerlo-elektronika;/termek/kugoo-kirin-g3-elektromos-roller-controller-motorvezerlo-elektronika/;;;true;
https://elektromos-roller.net/kugoo-m4-m4-pro-elso-rugostag-par-elektromos-roller-alkatresz-1432;/kugoo-m4-m4-pro-elso-rugostag-par-elektromos-roller-alkatresz-1432;termek;Kugoo M4/M4 Pro első rugóstag pár - Elektromos roller alkatrész;1432;WHSH2022KGM4M4PLSRGSTG;kugoo-m4-m4-pro-elso-rugostag-par-elektromos-roller-alkatresz-1432;/termek/kugoo-m4-m4-pro-elso-rugostag-par-elektromos-roller-alkatresz-1432/;kugoo-m4-m4-pro-elso-rugostag-par-elektromos-roller-alkatresz;/termek/kugoo-m4-m4-pro-elso-rugostag-par-elektromos-roller-alkatresz/;true;opcionálisan tisztítható: az -1432 utótag a Shoprenter azonosítója
https://elektromos-roller.net/kugoo-m4-m4-pro-felni-elektromos-roller-alkatresz;/kugoo-m4-m4-pro-felni-elektromos-roller-alkatresz;termek;Kugoo M4/M4 Pro felni - Elektromos roller alkatrész;1435;WHSH2022KGM4M4PFLN;kugoo-m4-m4-pro-felni-elektromos-roller-alkatresz;/termek/kugoo-m4-m4-pro-felni-elektromos-roller-alkatresz/;;;true;
https://elektromos-roller.net/85-os-tuovt-kulso-gumi-kukirin-g2-pro-elektromos-rollerhez-utcai-85x3;/85-os-tuovt-kulso-gumi-kukirin-g2-pro-elektromos-rollerhez-utcai-85x3;termek;"8,5""-os TUOVT külső gumi Kukirin G2 Pro / Venus elektromos rollerhez - utcai - 8,5x3";1443;"WHSH2023TCKLSGMG2PR8,5X3";85-os-tuovt-kulso-gumi-kukirin-g2-pro-elektromos-rollerhez-utcai-85x3;/termek/85-os-tuovt-kulso-gumi-kukirin-g2-pro-elektromos-rollerhez-utcai-85x3/;;;true;
https://elektromos-roller.net/85-os-kulso-gumi-kukirin-g2-pro-elektromos-rollerhez-terep-85x3-1446;/85-os-kulso-gumi-kukirin-g2-pro-elektromos-rollerhez-terep-85x3-1446;termek;"8,5""-os külső gumi elektromos rollerhez - terep - 8.5x3.0 - Kukirin G2 Pro elektromos rollerhez";1446;KG26;85-os-kulso-gumi-kukirin-g2-pro-elektromos-rollerhez-terep-85x3-1446;/termek/85-os-kulso-gumi-kukirin-g2-pro-elektromos-rollerhez-terep-85x3-1446/;85-os-kulso-gumi-kukirin-g2-pro-elektromos-rollerhez-terep-85x3;/termek/85-os-kulso-gumi-kukirin-g2-pro-elektromos-rollerhez-terep-85x3/;true;opcionálisan tisztítható: az -1446 utótag a Shoprenter azonosítója
https://elektromos-roller.net/8-os-kulso-gumi-belso-gumival-elektromos-rollerhez-200x50;/8-os-kulso-gumi-belso-gumival-elektromos-rollerhez-200x50;termek;"8""-os külső terep gumi belső gumival elektromos rollerhez - 200x50";1450;KG05/20-22/;8-os-kulso-gumi-belso-gumival-elektromos-rollerhez-200x50;/termek/8-os-kulso-gumi-belso-gumival-elektromos-rollerhez-200x50/;;;true;
https://elektromos-roller.net/xiaomi-pro-2-elektromos-roller-alkatresz-hatso-lampa-feklampa;/xiaomi-pro-2-elektromos-roller-alkatresz-hatso-lampa-feklampa;termek;"Hátsó lámpa, féklámpa - Xiaomi 1s, Essential, Pro2 és Mi3 elektromos rollerhez";1462;LMP34/5-2;xiaomi-pro-2-elektromos-roller-alkatresz-hatso-lampa-feklampa;/termek/xiaomi-pro-2-elektromos-roller-alkatresz-hatso-lampa-feklampa/;;;true;
https://elektromos-roller.net/xiaomi-pro-2-elektromos-roller-alkatresz-hatso-lampa-feklampa-burkolat;/xiaomi-pro-2-elektromos-roller-alkatresz-hatso-lampa-feklampa-burkolat;termek;"Hátsó lámpa, féklámpa burkolat - Xiaomi 1s, Essential, Pro2 és Mi3 elektromos rollerhez";1463;LMPB01/5;xiaomi-pro-2-elektromos-roller-alkatresz-hatso-lampa-feklampa-burkolat;/termek/xiaomi-pro-2-elektromos-roller-alkatresz-hatso-lampa-feklampa-burkolat/;;;true;
https://elektromos-roller.net/xiaomi-m365-elektromos-roller-szetszedheto-hatso-felni;/xiaomi-m365-elektromos-roller-szetszedheto-hatso-felni;termek;"Xiaomi M365, 1S, Mi3 elektromos roller alkatrész - Ulip szétszedhető hátsó felni";1470;FELNI02/17-12;xiaomi-m365-elektromos-roller-szetszedheto-hatso-felni;/termek/xiaomi-m365-elektromos-roller-szetszedheto-hatso-felni/;;;true;
https://elektromos-roller.net/xiaomi-pro-elektromos-roller-alkatresz-ulip-szetszedheto-hatso-felni-1473;/xiaomi-pro-elektromos-roller-alkatresz-ulip-szetszedheto-hatso-felni-1473;termek;Xiaomi Pro és Pro 2 elektromos roller alkatrész - Ulip szétszedhető hátsó felni;1473;FELNI01/17-11;xiaomi-pro-elektromos-roller-alkatresz-ulip-szetszedheto-hatso-felni-1473;/termek/xiaomi-pro-elektromos-roller-alkatresz-ulip-szetszedheto-hatso-felni-1473/;xiaomi-pro-elektromos-roller-alkatresz-ulip-szetszedheto-hatso-felni;/termek/xiaomi-pro-elektromos-roller-alkatresz-ulip-szetszedheto-hatso-felni/;true;opcionálisan tisztítható: az -1473 utótag a Shoprenter azonosítója
https://elektromos-roller.net/xiaomi-elektromos-roller-alkatresz-elso-villa-lengescsillapitassal;/xiaomi-elektromos-roller-alkatresz-elso-villa-lengescsillapitassal;termek;Xiaomi elektromos roller alkatrész - Ulip első villa lengéscsillapító rendszerrel - első sárvédő - kitámasztó;1474;VILLA04 / 2-52;xiaomi-elektromos-roller-alkatresz-elso-villa-lengescsillapitassal;/termek/xiaomi-elektromos-roller-alkatresz-elso-villa-lengescsillapitassal/;;;true;
https://elektromos-roller.net/kugoo-es2-microgo-m5-elektromos-roller-alkatresz-vezerlo-controller-36v;/kugoo-es2-microgo-m5-elektromos-roller-alkatresz-vezerlo-controller-36v;termek;Kugoo ES2 - Microgo M5 - Elektromos roller alkatrész -  Vezérlő - Controller - 36V;1484;WHSH2023KGES2M5VEZ;kugoo-es2-microgo-m5-elektromos-roller-alkatresz-vezerlo-controller-36v;/termek/kugoo-es2-microgo-m5-elektromos-roller-alkatresz-vezerlo-controller-36v/;;;true;
https://elektromos-roller.net/kukirin-g2-max-elektromos-roller-vezerlo-controller-motorvezerlo-elektronika-48v-25a;/kukirin-g2-max-elektromos-roller-vezerlo-controller-motorvezerlo-elektronika-48v-25a;termek;Vezérlő - KuKirin G2 MAX - Elektromos roller Controller - Motorvezérlő elektronika 48V - 25A;1503;VEZ17/13-241;kukirin-g2-max-elektromos-roller-vezerlo-controller-motorvezerlo-elektronika-48v-25a;/termek/kukirin-g2-max-elektromos-roller-vezerlo-controller-motorvezerlo-elektronika-48v-25a/;;;true;
https://elektromos-roller.net/8-os-lyukacsos-tomorkulso-gumi-elektromos-rollerhez-82125;/8-os-lyukacsos-tomorkulso-gumi-elektromos-rollerhez-82125;termek;"8""-os lyukacsos tömör külső gumi elektromos rollerhez 8×2.125 ";1510;TM07/19-21;8-os-lyukacsos-tomorkulso-gumi-elektromos-rollerhez-82125;/termek/8-os-lyukacsos-tomorkulso-gumi-elektromos-rollerhez-82125/;;;true;
https://elektromos-roller.net/8-os-tubeless-kulso-gumi-elektromos-rollerhez-83-5-8065-5;/8-os-tubeless-kulso-gumi-elektromos-rollerhez-83-5-8065-5;termek;"8""-os Tubeless külső gumi elektromos rollerhez  8×3-5 - 80/65-5";1513;22.polc;8-os-tubeless-kulso-gumi-elektromos-rollerhez-83-5-8065-5;/termek/8-os-tubeless-kulso-gumi-elektromos-rollerhez-83-5-8065-5/;;;true;
https://elektromos-roller.net/10-os-tubeless-kulso-gumi-elektromos-rollerhez-defektgatlo-gellel-265x60-178-6070-7;/10-os-tubeless-kulso-gumi-elektromos-rollerhez-defektgatlo-gellel-265x60-178-6070-7;termek;"10""-os Tubeless külső gumi elektromos rollerhez defektgátló géllel 265x60-178 - 60/70-7";1516;WHSH202310TBLGM;10-os-tubeless-kulso-gumi-elektromos-rollerhez-defektgatlo-gellel-265x60-178-6070-7;/termek/10-os-tubeless-kulso-gumi-elektromos-rollerhez-defektgatlo-gellel-265x60-178-6070-7/;;;true;
https://elektromos-roller.net/10-os-tomor-gumi-elektromos-rollerhez-10x25-1522;/10-os-tomor-gumi-elektromos-rollerhez-10x25-1522;termek;"10""-os Tömör gumi piros csíkkal - elektromos rollerhez 10x2.5 / Belső szélesség 45mm";1522;TM02/18-13;10-os-tomor-gumi-elektromos-rollerhez-10x25-1522;/termek/10-os-tomor-gumi-elektromos-rollerhez-10x25-1522/;10-os-tomor-gumi-elektromos-rollerhez-10x25;/termek/10-os-tomor-gumi-elektromos-rollerhez-10x25/;true;opcionálisan tisztítható: az -1522 utótag a Shoprenter azonosítója
https://elektromos-roller.net/kugookirin-m3-vezerlo;/kugookirin-m3-vezerlo;termek;KugooKirin M3 elektromos roller vezérlő - Kuickwheel SC1 Pro controller;1543;WHSH23KKMV;kugookirin-m3-vezerlo;/termek/kugookirin-m3-vezerlo/;;;true;
https://elektromos-roller.net/kugookirin-m3-es-kuickwheel-kijelzo;/kugookirin-m3-es-kuickwheel-kijelzo;termek;KugooKirin M3 és Kuickwheel elektromos roller kijelző ;1544;KIJ21/12-51;kugookirin-m3-es-kuickwheel-kijelzo;/termek/kugookirin-m3-es-kuickwheel-kijelzo/;;;true;
https://elektromos-roller.net/kugookirin-m3-es-kuickwheel-fokabel;/kugookirin-m3-es-kuickwheel-fokabel;termek;KugooKirin M3 és Kuickwheel főkábel;1546;WHSH23KKMKF;kugookirin-m3-es-kuickwheel-fokabel;/termek/kugookirin-m3-es-kuickwheel-fokabel/;;;true;
https://elektromos-roller.net/monorim-elso-felfuggesztes-xiaomi-m365-es-pro-elektromos-rollerekhez-1587;/monorim-elso-felfuggesztes-xiaomi-m365-es-pro-elektromos-rollerekhez-1587;termek;Monorim első felfüggesztés Xiaomi M365 és Pro elektromos rollerekhez ;1587;WHSH2023MEFXMPER;monorim-elso-felfuggesztes-xiaomi-m365-es-pro-elektromos-rollerekhez-1587;/termek/monorim-elso-felfuggesztes-xiaomi-m365-es-pro-elektromos-rollerekhez-1587/;monorim-elso-felfuggesztes-xiaomi-m365-es-pro-elektromos-rollerekhez;/termek/monorim-elso-felfuggesztes-xiaomi-m365-es-pro-elektromos-rollerekhez/;true;opcionálisan tisztítható: az -1587 utótag a Shoprenter azonosítója
https://elektromos-roller.net/monorim-elso-felfuggesztes-xiaomi-m365-es-pro-elektromos-rollerekhez-1588;/monorim-elso-felfuggesztes-xiaomi-m365-es-pro-elektromos-rollerekhez-1588;termek;Monorim első felfüggesztés Xiaomi M365 és Pro elektromos rollerekhez - kék;1588;MONO01/üzletben;monorim-elso-felfuggesztes-xiaomi-m365-es-pro-elektromos-rollerekhez-1588;/termek/monorim-elso-felfuggesztes-xiaomi-m365-es-pro-elektromos-rollerekhez-1588/;monorim-elso-felfuggesztes-xiaomi-m365-es-pro-elektromos-rollerekhez;/termek/monorim-elso-felfuggesztes-xiaomi-m365-es-pro-elektromos-rollerekhez/;true;opcionálisan tisztítható: az -1588 utótag a Shoprenter azonosítója
https://elektromos-roller.net/segway-g30-elektromos-roller-hatso-sarvedo;/segway-g30-elektromos-roller-hatso-sarvedo;termek;Hátsó sárvédő Segway  Ninebot G30 elektromos rollerhez;1591;SV01/1-43;segway-g30-elektromos-roller-hatso-sarvedo;/termek/segway-g30-elektromos-roller-hatso-sarvedo/;;;true;
https://elektromos-roller.net/kukirin-elektromos-roller-alkatresz-motor-48v-500w;/kukirin-elektromos-roller-alkatresz-motor-48v-500w;termek;Kukirin motor - 48V - 500W - Elektromos roller alkatrész;1593;MOTOR06/gumi-ajtó-mellett;kukirin-elektromos-roller-alkatresz-motor-48v-500w;/termek/kukirin-elektromos-roller-alkatresz-motor-48v-500w/;;;true;
https://elektromos-roller.net/10-colos-kerek-belso-kulso-gumival-felnivel-elektromos-rollerhez;/10-colos-kerek-belso-kulso-gumival-felnivel-elektromos-rollerhez;termek;"10""-os kerék belső, külső gumival és felnivel elektromos rollerhez";1596;WHSH202310CLKRK;10-colos-kerek-belso-kulso-gumival-felnivel-elektromos-rollerhez;/termek/10-colos-kerek-belso-kulso-gumival-felnivel-elektromos-rollerhez/;;;true;
https://elektromos-roller.net/segway-ninebot-es1-es2-es4-elektromos-roller-motor-gumival;/segway-ninebot-es1-es2-es4-elektromos-roller-motor-gumival;termek;Segway Ninebot Es1 Es2 Es4 elektromos roller motor és gumi;1605;MOTOR04/gumi-ajtó-mellett;segway-ninebot-es1-es2-es4-elektromos-roller-motor-gumival;/termek/segway-ninebot-es1-es2-es4-elektromos-roller-motor-gumival/;;;true;
https://elektromos-roller.net/elektromos-roller-akkumulator-eve-cellakbol-48v-19ah;/elektromos-roller-akkumulator-eve-cellakbol-48v-19ah;termek;"Elektromos roller akkumulátor EVE cellákból - 48v 19,2Ah";1637;WHSH2023ALK48V19AHEVE;elektromos-roller-akkumulator-eve-cellakbol-48v-19ah;/termek/elektromos-roller-akkumulator-eve-cellakbol-48v-19ah/;;;true;
https://elektromos-roller.net/teljes-elektronikai-szett-elektromos-roller-segway-g30;/teljes-elektronikai-szett-elektromos-roller-segway-g30;termek;Elektronikai szett elektromos rollerhez 36V;1668;WHSH2023KT36VG30;teljes-elektronikai-szett-elektromos-roller-segway-g30;/termek/teljes-elektronikai-szett-elektromos-roller-segway-g30/;;;true;
https://elektromos-roller.net/elektronikai-szett-elektromos-rollerhez-36v-350w;/elektronikai-szett-elektromos-rollerhez-36v-350w;termek;Elektronikai szett elektromos rollerhez 36V;1669;KIT06/12-3211;elektronikai-szett-elektromos-rollerhez-36v-350w;/termek/elektronikai-szett-elektromos-rollerhez-36v-350w/;;;true;
https://elektromos-roller.net/elektronikai-szett-elektromos-rollerhez-36v-350w-baggio-ziro-smartgyro;/elektronikai-szett-elektromos-rollerhez-36v-350w-baggio-ziro-smartgyro;termek;Elektronikai szett elektromos rollerhez 36V;1670;KIT01-12-3211;elektronikai-szett-elektromos-rollerhez-36v-350w-baggio-ziro-smartgyro;/termek/elektronikai-szett-elektromos-rollerhez-36v-350w-baggio-ziro-smartgyro/;;;true;
https://elektromos-roller.net/elektronikai-szett-elektromos-rollerhez-36v-xiaomi;/elektronikai-szett-elektromos-rollerhez-36v-xiaomi;termek;Elektronikai szett elektromos rollerhez 36V;1671;WHSH2023KT36VXM;elektronikai-szett-elektromos-rollerhez-36v-xiaomi;/termek/elektronikai-szett-elektromos-rollerhez-36v-xiaomi/;;;true;
https://elektromos-roller.net/elektronikai-szett-elektromos-rollerhez-48v-1200w;/elektronikai-szett-elektromos-rollerhez-48v-1200w;termek;Elektronikai szett elektromos rollerhez 48V;1679;WHSH2023KT48VBNGZ;elektronikai-szett-elektromos-rollerhez-48v-1200w;/termek/elektronikai-szett-elektromos-rollerhez-48v-1200w/;;;true;
https://elektromos-roller.net/elektronikai-szett-elektromos-rollerhez-24v-250w;/elektronikai-szett-elektromos-rollerhez-24v-250w;termek;Elektronikai szett elektromos rollerhez 24V;1681;KIT02/12-311;elektronikai-szett-elektromos-rollerhez-24v-250w;/termek/elektronikai-szett-elektromos-rollerhez-24v-250w/;;;true;
https://elektromos-roller.net/elektronikai-szett-elektromos-rollerhez-48v-tf100;/elektronikai-szett-elektromos-rollerhez-48v-tf100;termek;Elektronikai szett elektromos rollerhez 48V - TF100;1682;KIT04/12-3211;elektronikai-szett-elektromos-rollerhez-48v-tf100;/termek/elektronikai-szett-elektromos-rollerhez-48v-tf100/;;;true;
https://elektromos-roller.net/elektronikai-szett-elektromos-rollerhez-24v-1684;/elektronikai-szett-elektromos-rollerhez-24v-1684;termek;Elektronikai szett elektromos rollerhez 24V;1684;KIT03/12-3211;elektronikai-szett-elektromos-rollerhez-24v-1684;/termek/elektronikai-szett-elektromos-rollerhez-24v-1684/;elektronikai-szett-elektromos-rollerhez-24v;/termek/elektronikai-szett-elektromos-rollerhez-24v/;true;opcionálisan tisztítható: az -1684 utótag a Shoprenter azonosítója
https://elektromos-roller.net/segway-ninebot-es1-es2-es3-e22-elektromos-roller-eredeti-belso-akkumulator-36v-5ah-187wh;/segway-ninebot-es1-es2-es3-e22-elektromos-roller-eredeti-belso-akkumulator-36v-5ah-187wh;termek;"Segway Ninebot Es1 Es2 Es3 E22 elektromos roller eredeti belső akkumulátor - 36V - 5,2Ah - 187Wh";1687;AKK06/11/2-5;segway-ninebot-es1-es2-es3-e22-elektromos-roller-eredeti-belso-akkumulator-36v-5ah-187wh;/termek/segway-ninebot-es1-es2-es3-e22-elektromos-roller-eredeti-belso-akkumulator-36v-5ah-187wh/;;;true;
https://elektromos-roller.net/10-os-tomor-gumi-elektromos-rollerhez-10x25-1689;/10-os-tomor-gumi-elektromos-rollerhez-10x25-1689;termek;"10""-os Tömör gumi elektromos rollerhez 10x2.5 - sárga csíkkal ";1689;TM01/18-11;10-os-tomor-gumi-elektromos-rollerhez-10x25-1689;/termek/10-os-tomor-gumi-elektromos-rollerhez-10x25-1689/;10-os-tomor-gumi-elektromos-rollerhez-10x25;/termek/10-os-tomor-gumi-elektromos-rollerhez-10x25/;true;opcionálisan tisztítható: az -1689 utótag a Shoprenter azonosítója
https://elektromos-roller.net/xiaomi-fekbetet-fekpofa-par-elektromos-roller-alkatresz-1697;/xiaomi-fekbetet-fekpofa-par-elektromos-roller-alkatresz-1697;termek;"Xiaomi M365 Essential, 1S, Pro, Pro2 fékbetét, fékpofa (pár) - 33.sz. - Elektromos roller alkatrész";1697;FB33;xiaomi-fekbetet-fekpofa-par-elektromos-roller-alkatresz-1697;/termek/xiaomi-fekbetet-fekpofa-par-elektromos-roller-alkatresz-1697/;xiaomi-fekbetet-fekpofa-par-elektromos-roller-alkatresz;/termek/xiaomi-fekbetet-fekpofa-par-elektromos-roller-alkatresz/;true;opcionálisan tisztítható: az -1697 utótag a Shoprenter azonosítója
https://elektromos-roller.net/elektromos-roller-alkatresz-fekbetet-cr3-hidraulikus-fekhez-par-1698;/elektromos-roller-alkatresz-fekbetet-cr3-hidraulikus-fekhez-par-1698;termek;Fékbetét CR3 hidraulikus fékhez - zoom - pár - 35.sz. - elektromos rollerhez;1698;FB35;elektromos-roller-alkatresz-fekbetet-cr3-hidraulikus-fekhez-par-1698;/termek/elektromos-roller-alkatresz-fekbetet-cr3-hidraulikus-fekhez-par-1698/;elektromos-roller-alkatresz-fekbetet-cr3-hidraulikus-fekhez-par;/termek/elektromos-roller-alkatresz-fekbetet-cr3-hidraulikus-fekhez-par/;true;opcionálisan tisztítható: az -1698 utótag a Shoprenter azonosítója
https://elektromos-roller.net/segway-ninebot-140-mm-6lyukas-elektromos-roller-alkatresz-fektarcsa-1716;/segway-ninebot-140-mm-6lyukas-elektromos-roller-alkatresz-fektarcsa-1716;termek;Féktárcsa Segway Ninebot elektromos rollerhez - 140 mm - 6 lyukú - Elektromos roller alkatrész  (FT05);1716;FT05/9422;segway-ninebot-140-mm-6lyukas-elektromos-roller-alkatresz-fektarcsa-1716;/termek/segway-ninebot-140-mm-6lyukas-elektromos-roller-alkatresz-fektarcsa-1716/;segway-ninebot-140-mm-6lyukas-elektromos-roller-alkatresz-fektarcsa;/termek/segway-ninebot-140-mm-6lyukas-elektromos-roller-alkatresz-fektarcsa/;true;opcionálisan tisztítható: az -1716 utótag a Shoprenter azonosítója
https://elektromos-roller.net/elektromos-roller-alkatresz-fekbetet-kugoom4-par-1728;/elektromos-roller-alkatresz-fekbetet-kugoom4-par-1728;termek;Elektromos roller alkatrész - fékbetét - Kugoo M4 - 32.sz. -  pár;1728;FB32;elektromos-roller-alkatresz-fekbetet-kugoom4-par-1728;/termek/elektromos-roller-alkatresz-fekbetet-kugoom4-par-1728/;elektromos-roller-alkatresz-fekbetet-kugoom4-par;/termek/elektromos-roller-alkatresz-fekbetet-kugoom4-par/;true;opcionálisan tisztítható: az -1728 utótag a Shoprenter azonosítója
https://elektromos-roller.net/elektromos-roller-alkatresz-fekbetet-par-1730;/elektromos-roller-alkatresz-fekbetet-par-1730;termek;Elektromos roller alkatrész - fékbetét - 10.sz. - pár;1730;FB10;elektromos-roller-alkatresz-fekbetet-par-1730;/termek/elektromos-roller-alkatresz-fekbetet-par-1730/;elektromos-roller-alkatresz-fekbetet-par;/termek/elektromos-roller-alkatresz-fekbetet-par/;true;opcionálisan tisztítható: az -1730 utótag a Shoprenter azonosítója
https://elektromos-roller.net/elektromos-roller-alkatresz-fekbetet-7-par-1732;/elektromos-roller-alkatresz-fekbetet-7-par-1732;termek;Elektromos roller alkatrész - fékbetét - 7.sz. - pár;1732;FB07;elektromos-roller-alkatresz-fekbetet-7-par-1732;/termek/elektromos-roller-alkatresz-fekbetet-7-par-1732/;elektromos-roller-alkatresz-fekbetet-7-par;/termek/elektromos-roller-alkatresz-fekbetet-7-par/;true;opcionálisan tisztítható: az -1732 utótag a Shoprenter azonosítója
https://elektromos-roller.net/elektromos-roller-alkatresz-fekbetet-shimanoozee-m640-par-1733;/elektromos-roller-alkatresz-fekbetet-shimanoozee-m640-par-1733;termek;Elektromos roller alkatrész - fékbetét Shimanozee M640 - 31.sz. - pár;1733;FB31;elektromos-roller-alkatresz-fekbetet-shimanoozee-m640-par-1733;/termek/elektromos-roller-alkatresz-fekbetet-shimanoozee-m640-par-1733/;elektromos-roller-alkatresz-fekbetet-shimanoozee-m640-par;/termek/elektromos-roller-alkatresz-fekbetet-shimanoozee-m640-par/;true;opcionálisan tisztítható: az -1733 utótag a Shoprenter azonosítója
https://elektromos-roller.net/elektromos-roller-megerositett-belso-nelkuli-kulso-gumi-8565-65-tubeless;/elektromos-roller-megerositett-belso-nelkuli-kulso-gumi-8565-65-tubeless;termek;Elektromos roller megerősített belső nélküli külső gumi terepre- 85/65-6.5;1738;KG04/üzletben;elektromos-roller-megerositett-belso-nelkuli-kulso-gumi-8565-65-tubeless;/termek/elektromos-roller-megerositett-belso-nelkuli-kulso-gumi-8565-65-tubeless/;;;true;
https://elektromos-roller.net/6070-70-tomor-gumi-xiaomi-4-pro-elektromos-rollerhez;/6070-70-tomor-gumi-xiaomi-4-pro-elektromos-rollerhez;termek;60/70-7.0 Tömör gumi piros csíkkal - Xiaomi 4 Pro elektromos rollerhez ;1746;TM18/18-42/ULIP318;6070-70-tomor-gumi-xiaomi-4-pro-elektromos-rollerhez;/termek/6070-70-tomor-gumi-xiaomi-4-pro-elektromos-rollerhez/;;;true;
https://elektromos-roller.net/elektromos-roller-alkatresz-kulso-gumi-10x2125-6;/elektromos-roller-alkatresz-kulso-gumi-10x2125-6;termek; Külső gumi - 10X2.125-6 - Elektromos roller alkatrész ;1748;KG20/dobozban;elektromos-roller-alkatresz-kulso-gumi-10x2125-6;/termek/elektromos-roller-alkatresz-kulso-gumi-10x2125-6/;;;true;
https://elektromos-roller.net/tubeless-kulso-gumi-elektromos-rollerhez-9065-6-ulip;/tubeless-kulso-gumi-elektromos-rollerhez-9065-6-ulip;termek;Tubeless külső gumi elektromos rollerhez - 90/65-6 - Ulip;1751;KG13/20-31;tubeless-kulso-gumi-elektromos-rollerhez-9065-6-ulip;/termek/tubeless-kulso-gumi-elektromos-rollerhez-9065-6-ulip/;;;true;
https://elektromos-roller.net/segway-ninebot-elektromos-rollerhez-kulso-gumi-tubeless-9055-7;/segway-ninebot-elektromos-rollerhez-kulso-gumi-tubeless-9055-7;termek;Tubeless terep külső gumi -Segway Ninebot elektromos rollerhez - 90/55-7;1754;KG09;segway-ninebot-elektromos-rollerhez-kulso-gumi-tubeless-9055-7;/termek/segway-ninebot-elektromos-rollerhez-kulso-gumi-tubeless-9055-7/;;;true;
https://elektromos-roller.net/segway-ninebot-elektromos-rollerhez-kulso-gumi-tubeless-defektallo-zsele-reteggel-9055-7-slime;/segway-ninebot-elektromos-rollerhez-kulso-gumi-tubeless-defektallo-zsele-reteggel-9055-7-slime;termek;Tubeless terep gumi - Külső gumi zselé réteggel - defektálló -Segway Ninebot elektromos rollerhez - 90/55-7;1757;KGZS03/21-22+üzlet/ULIP01;segway-ninebot-elektromos-rollerhez-kulso-gumi-tubeless-defektallo-zsele-reteggel-9055-7-slime;/termek/segway-ninebot-elektromos-rollerhez-kulso-gumi-tubeless-defektallo-zsele-reteggel-9055-7-slime/;;;true;
https://elektromos-roller.net/kugookirin-g3-kukirin-g3-elektromos-roller-gazkar;/kugookirin-g3-kukirin-g3-elektromos-roller-gazkar;termek;KugooKirin G3 - Kukirin G3 elektromos roller gázkar;1794;WHSH2024G3GZKR;kugookirin-g3-kukirin-g3-elektromos-roller-gazkar;/termek/kugookirin-g3-kukirin-g3-elektromos-roller-gazkar/;;;true;
https://elektromos-roller.net/segway-350w-os-elektromos-roller-motor-kulso-es-belso-gumival-1797;/segway-350w-os-elektromos-roller-motor-kulso-es-belso-gumival-1797;termek;Segway Ninebot G30 350W-os elektromos roller motor külső és belső gumival;1797;MOTOR07/gumi-ajtó-mellett;segway-350w-os-elektromos-roller-motor-kulso-es-belso-gumival-1797;/termek/segway-350w-os-elektromos-roller-motor-kulso-es-belso-gumival-1797/;segway-350w-os-elektromos-roller-motor-kulso-es-belso-gumival;/termek/segway-350w-os-elektromos-roller-motor-kulso-es-belso-gumival/;true;opcionálisan tisztítható: az -1797 utótag a Shoprenter azonosítója
https://elektromos-roller.net/xiaomi-elektromos-roller-alkatresz-kulso-es-belso-gumi-8_5-x2;/xiaomi-elektromos-roller-alkatresz-kulso-es-belso-gumi-8_5-x2;termek;"8,5"" Xiaomi külső és belső gumi szett - 8.5x2 - Elektromos Roller - Alkatrész ";1798;"KG01,BELSO03";xiaomi-elektromos-roller-alkatresz-kulso-es-belso-gumi-8_5-x2;/termek/xiaomi-elektromos-roller-alkatresz-kulso-es-belso-gumi-8_5-x2/;;;true;
https://elektromos-roller.net/8_5-3-tomor-gumi-elektromos-rollerhez;/8_5-3-tomor-gumi-elektromos-rollerhez;termek;8.5x3.0 tömör gumi elektromos rollerhez;1851;TM09/üzletben;8_5-3-tomor-gumi-elektromos-rollerhez;/termek/8_5-3-tomor-gumi-elektromos-rollerhez/;;;true;
https://elektromos-roller.net/10-es-tomor-gumi-elektromos-rollerhez-10x275-1886;/10-es-tomor-gumi-elektromos-rollerhez-10x275-1886;termek;"10""-es tömör gumi elektromos rollerhez 10x2.75";1886;TM05/18-21;10-es-tomor-gumi-elektromos-rollerhez-10x275-1886;/termek/10-es-tomor-gumi-elektromos-rollerhez-10x275-1886/;10-es-tomor-gumi-elektromos-rollerhez-10x275;/termek/10-es-tomor-gumi-elektromos-rollerhez-10x275/;true;opcionálisan tisztítható: az -1886 utótag a Shoprenter azonosítója
https://elektromos-roller.net/elektromos-roller-yuanxing-kulso-gumi-8565-65-1902;/elektromos-roller-yuanxing-kulso-gumi-8565-65-1902;termek;Elektromos roller külső gumi - 85/65-6.5;1902;WHSH/22.polc;elektromos-roller-yuanxing-kulso-gumi-8565-65-1902;/termek/elektromos-roller-yuanxing-kulso-gumi-8565-65-1902/;elektromos-roller-yuanxing-kulso-gumi-8565-65;/termek/elektromos-roller-yuanxing-kulso-gumi-8565-65/;true;opcionálisan tisztítható: az -1902 utótag a Shoprenter azonosítója
https://elektromos-roller.net/8-os-tomorkulso-gumi-elektromos-rollerhez-200x50-80x20-ulip;/8-os-tomorkulso-gumi-elektromos-rollerhez-200x50-80x20-ulip;termek;"8""-os tömör külső gumi elektromos rollerhez 200x50 (8.0x2.0)";1911;TM04/19-13/ULIP566;8-os-tomorkulso-gumi-elektromos-rollerhez-200x50-80x20-ulip;/termek/8-os-tomorkulso-gumi-elektromos-rollerhez-200x50-80x20-ulip/;;;true;
https://elektromos-roller.net/12-os-tomor-gumi-elektromos-rollerhez-12x2125;/12-os-tomor-gumi-elektromos-rollerhez-12x2125;termek;"12""-os piros pöttyös tömör gumi elektromos rollerhez 12x2,125";1915;TM03/19-11;12-os-tomor-gumi-elektromos-rollerhez-12x2125;/termek/12-os-tomor-gumi-elektromos-rollerhez-12x2125/;;;true;
https://elektromos-roller.net/10-os-tomor-gumi-elektromos-rollerhez-910x2125;/10-os-tomor-gumi-elektromos-rollerhez-910x2125;termek;"10""-os tömör gumi elektromos rollerhez 10x2.125 (10x2,125)";1918;TM13/18-41;10-os-tomor-gumi-elektromos-rollerhez-910x2125;/termek/10-os-tomor-gumi-elektromos-rollerhez-910x2125/;;;true;
https://elektromos-roller.net/elektromos-roller-alkatresz-fekbetet-8-par;/elektromos-roller-alkatresz-fekbetet-8-par;termek;Elektromos roller alkatrész - fékbetét -fékpofa - 8.sz.  - pár;1921;FB08;elektromos-roller-alkatresz-fekbetet-8-par;/termek/elektromos-roller-alkatresz-fekbetet-8-par/;;;true;
https://elektromos-roller.net/elektromos-roller-alkatresz-fekbetet-9-par;/elektromos-roller-alkatresz-fekbetet-9-par;termek;"Elektromos roller alkatrész - fékbetét -fékpofa - 9.sz. - pár - Kukirin G2 Max, Kukirin G2 (2024)";1924;FB09;elektromos-roller-alkatresz-fekbetet-9-par;/termek/elektromos-roller-alkatresz-fekbetet-9-par/;;;true;
https://elektromos-roller.net/elektromos-roller-alkatresz-kulso-gumi-10x2125-ulip;/elektromos-roller-alkatresz-kulso-gumi-10x2125-ulip;termek; Elektromos roller - Alkatrész - Külső gumi - 10X2.125 - Tubeless;1927;KG19/üzletben;elektromos-roller-alkatresz-kulso-gumi-10x2125-ulip;/termek/elektromos-roller-alkatresz-kulso-gumi-10x2125-ulip/;;;true;
https://elektromos-roller.net/85x30-tomor-gumi-elektromos-rollerhez-85x30-tomor-gumi-elektromos-rollerhez-belso-szelesseg-38-mm;/85x30-tomor-gumi-elektromos-rollerhez-85x30-tomor-gumi-elektromos-rollerhez-belso-szelesseg-38-mm;termek;"8.5x3.0 tömör gumi elektromos rollerhez - 8,5""";1935;TM08/18-31/ULIP371;85x30-tomor-gumi-elektromos-rollerhez-85x30-tomor-gumi-elektromos-rollerhez-belso-szelesseg-38-mm;/termek/85x30-tomor-gumi-elektromos-rollerhez-85x30-tomor-gumi-elektromos-rollerhez-belso-szelesseg-38-mm/;;;true;
https://elektromos-roller.net/elektromos-roller-alkatresz-fekbetet-11sz-par-1937;/elektromos-roller-alkatresz-fekbetet-11sz-par-1937;termek;Elektromos roller alkatrész - fékbetét - 11.sz. - pár;1937;FB11;elektromos-roller-alkatresz-fekbetet-11sz-par-1937;/termek/elektromos-roller-alkatresz-fekbetet-11sz-par-1937/;elektromos-roller-alkatresz-fekbetet-11sz-par;/termek/elektromos-roller-alkatresz-fekbetet-11sz-par/;true;opcionálisan tisztítható: az -1937 utótag a Shoprenter azonosítója
https://elektromos-roller.net/elektromos-roller-alkatresz-fekbetet-12sz-par-1940;/elektromos-roller-alkatresz-fekbetet-12sz-par-1940;termek;Elektromos roller alkatrész - fékbetét - 12.sz. - pár;1940;FB12;elektromos-roller-alkatresz-fekbetet-12sz-par-1940;/termek/elektromos-roller-alkatresz-fekbetet-12sz-par-1940/;elektromos-roller-alkatresz-fekbetet-12sz-par;/termek/elektromos-roller-alkatresz-fekbetet-12sz-par/;true;opcionálisan tisztítható: az -1940 utótag a Shoprenter azonosítója
https://elektromos-roller.net/elektromos-roller-alkatresz-fekbetet-13sz-par-1942;/elektromos-roller-alkatresz-fekbetet-13sz-par-1942;termek;Elektromos roller alkatrész - fékbetét - 13.sz. - pár;1942;FB13;elektromos-roller-alkatresz-fekbetet-13sz-par-1942;/termek/elektromos-roller-alkatresz-fekbetet-13sz-par-1942/;elektromos-roller-alkatresz-fekbetet-13sz-par;/termek/elektromos-roller-alkatresz-fekbetet-13sz-par/;true;opcionálisan tisztítható: az -1942 utótag a Shoprenter azonosítója
https://elektromos-roller.net/elektromos-roller-alkatresz-fekbetet-14sz-par;/elektromos-roller-alkatresz-fekbetet-14sz-par;termek;Elektromos roller alkatrész - fékbetét - 14.sz. - pár;1944;FB14;elektromos-roller-alkatresz-fekbetet-14sz-par;/termek/elektromos-roller-alkatresz-fekbetet-14sz-par/;;;true;
https://elektromos-roller.net/elektromos-roller-alkatresz-fekbetet-15sz-par-;/elektromos-roller-alkatresz-fekbetet-15sz-par-;termek;Elektromos roller alkatrész - fékbetét - 15.sz. - pár;1947;FB15;elektromos-roller-alkatresz-fekbetet-15sz-par-;/termek/elektromos-roller-alkatresz-fekbetet-15sz-par-/;;;true;
https://elektromos-roller.net/elektromos-roller-alkatresz-fekbetet-16sz-par;/elektromos-roller-alkatresz-fekbetet-16sz-par;termek;Elektromos roller alkatrész - fékbetét - 16.sz. - pár;1950;FB16;elektromos-roller-alkatresz-fekbetet-16sz-par;/termek/elektromos-roller-alkatresz-fekbetet-16sz-par/;;;true;
https://elektromos-roller.net/magura-mt5-fekbetet-elektromos-roller-alkatresz-par-17;/magura-mt5-fekbetet-elektromos-roller-alkatresz-par-17;termek;Magura MT5 fékbetét - Elektromos roller alkatrész - pár - 17.sz.;1951;FB17;magura-mt5-fekbetet-elektromos-roller-alkatresz-par-17;/termek/magura-mt5-fekbetet-elektromos-roller-alkatresz-par-17/;;;true;
https://elektromos-roller.net/elektromos-roller-alkatresz-fekbetet-fekpofa-18sz-par;/elektromos-roller-alkatresz-fekbetet-fekpofa-18sz-par;termek;Elektromos roller alkatrész - fékbetét -fékpofa - 18.sz. - pár;1952;FB18;elektromos-roller-alkatresz-fekbetet-fekpofa-18sz-par;/termek/elektromos-roller-alkatresz-fekbetet-fekpofa-18sz-par/;;;true;
https://elektromos-roller.net/elektromos-roller-alkatresz-fekbetet-fekpofa-19sz-par;/elektromos-roller-alkatresz-fekbetet-fekpofa-19sz-par;termek;Elektromos roller alkatrész - fékbetét -fékpofa - 19.sz. - pár;1953;FB19;elektromos-roller-alkatresz-fekbetet-fekpofa-19sz-par;/termek/elektromos-roller-alkatresz-fekbetet-fekpofa-19sz-par/;;;true;
https://elektromos-roller.net/elektromos-roller-alkatresz-fekbetet-20sz-par;/elektromos-roller-alkatresz-fekbetet-20sz-par;termek;Elektromos roller alkatrész - fékbetét - 20.sz. - pár;1956;FB20;elektromos-roller-alkatresz-fekbetet-20sz-par;/termek/elektromos-roller-alkatresz-fekbetet-20sz-par/;;;true;
https://elektromos-roller.net/elektromos-roller-alkatresz-fekbetet-21sz-par;/elektromos-roller-alkatresz-fekbetet-21sz-par;termek;Elektromos roller alkatrész - fékbetét - 21.sz. - pár;1957;FB21;elektromos-roller-alkatresz-fekbetet-21sz-par;/termek/elektromos-roller-alkatresz-fekbetet-21sz-par/;;;true;
https://elektromos-roller.net/elektromos-roller-alkatresz-fekbetet-22sz-par;/elektromos-roller-alkatresz-fekbetet-22sz-par;termek;Elektromos roller alkatrész - fékbetét - 22.sz. - pár;1960;FB22;elektromos-roller-alkatresz-fekbetet-22sz-par;/termek/elektromos-roller-alkatresz-fekbetet-22sz-par/;;;true;
https://elektromos-roller.net/elektromos-roller-alkatresz-fekbetet-23sz-par;/elektromos-roller-alkatresz-fekbetet-23sz-par;termek;Elektromos roller alkatrész - fékbetét - 23.sz. - pár;1961;FB23;elektromos-roller-alkatresz-fekbetet-23sz-par;/termek/elektromos-roller-alkatresz-fekbetet-23sz-par/;;;true;
https://elektromos-roller.net/elektromos-roller-alkatresz-fekbetet-24sz-par-1964;/elektromos-roller-alkatresz-fekbetet-24sz-par-1964;termek;Elektromos roller alkatrész - fékbetét - 24.sz. - pár;1964;FB24;elektromos-roller-alkatresz-fekbetet-24sz-par-1964;/termek/elektromos-roller-alkatresz-fekbetet-24sz-par-1964/;elektromos-roller-alkatresz-fekbetet-24sz-par;/termek/elektromos-roller-alkatresz-fekbetet-24sz-par/;true;opcionálisan tisztítható: az -1964 utótag a Shoprenter azonosítója
https://elektromos-roller.net/elektromos-roller-alkatresz-fekbetet-25sz-par;/elektromos-roller-alkatresz-fekbetet-25sz-par;termek;Elektromos roller alkatrész - fékbetét - 25.sz. - pár;1965;FB25;elektromos-roller-alkatresz-fekbetet-25sz-par;/termek/elektromos-roller-alkatresz-fekbetet-25sz-par/;;;true;
https://elektromos-roller.net/elektromos-roller-alkatresz-fekbetet-26sz-par;/elektromos-roller-alkatresz-fekbetet-26sz-par;termek;Elektromos roller alkatrész - fékbetét - 26.sz. - pár;1966;FB26;elektromos-roller-alkatresz-fekbetet-26sz-par;/termek/elektromos-roller-alkatresz-fekbetet-26sz-par/;;;true;
https://elektromos-roller.net/elektromos-roller-alkatresz-fekbetet-27sz-par;/elektromos-roller-alkatresz-fekbetet-27sz-par;termek;Elektromos roller alkatrész - fékbetét - 27.sz. - pár;1967;FB27;elektromos-roller-alkatresz-fekbetet-27sz-par;/termek/elektromos-roller-alkatresz-fekbetet-27sz-par/;;;true;
https://elektromos-roller.net/elektromos-roller-alkatresz-fekbetet-28sz-par;/elektromos-roller-alkatresz-fekbetet-28sz-par;termek;Elektromos roller alkatrész - fékbetét - 28.sz. - pár;1970;FB28;elektromos-roller-alkatresz-fekbetet-28sz-par;/termek/elektromos-roller-alkatresz-fekbetet-28sz-par/;;;true;
https://elektromos-roller.net/elektromos-roller-alkatresz-fekbetet-36sz-par-;/elektromos-roller-alkatresz-fekbetet-36sz-par-;termek;Elektromos roller alkatrész - fékbetét - 36.sz. - pár;1974;FB36;elektromos-roller-alkatresz-fekbetet-36sz-par-;/termek/elektromos-roller-alkatresz-fekbetet-36sz-par-/;;;true;
https://elektromos-roller.net/elektromos-roller-alkatresz-fekbetet-fekpofa-37sz-par;/elektromos-roller-alkatresz-fekbetet-fekpofa-37sz-par;termek;Elektromos roller alkatrész - fékbetét -fékpofa - 37.sz. - pár;1975;FB37;elektromos-roller-alkatresz-fekbetet-fekpofa-37sz-par;/termek/elektromos-roller-alkatresz-fekbetet-fekpofa-37sz-par/;;;true;
https://elektromos-roller.net/elektromos-roller-alkatresz-fekbetet-fekpofa-38sz-par-;/elektromos-roller-alkatresz-fekbetet-fekpofa-38sz-par-;termek;Elektromos roller alkatrész - fékbetét -fékpofa - 38.sz. - pár;1977;FB38;elektromos-roller-alkatresz-fekbetet-fekpofa-38sz-par-;/termek/elektromos-roller-alkatresz-fekbetet-fekpofa-38sz-par-/;;;true;
https://elektromos-roller.net/elektromos-roller-alkatresz-fekbetet-fekpofa-39sz-par-;/elektromos-roller-alkatresz-fekbetet-fekpofa-39sz-par-;termek;Elektromos roller alkatrész - fékbetét -fékpofa - 39.sz. - pár;1979;FB39;elektromos-roller-alkatresz-fekbetet-fekpofa-39sz-par-;/termek/elektromos-roller-alkatresz-fekbetet-fekpofa-39sz-par-/;;;true;
https://elektromos-roller.net/elektromos-roller-akkumulator-eve-cellakbol-48v-13ah-1982;/elektromos-roller-akkumulator-eve-cellakbol-48v-13ah-1982;termek;Elektromos roller akkumulátor EVE cellákból - 36V 7.5 Ah - 315Wh;1982;WHSH2021ALK36V75AhHEVE;elektromos-roller-akkumulator-eve-cellakbol-48v-13ah-1982;/termek/elektromos-roller-akkumulator-eve-cellakbol-48v-13ah-1982/;elektromos-roller-akkumulator-eve-cellakbol-48v-13ah;/termek/elektromos-roller-akkumulator-eve-cellakbol-48v-13ah/;true;opcionálisan tisztítható: az -1982 utótag a Shoprenter azonosítója
https://elektromos-roller.net/elektromos-roller-alkatresz-fekbetet-fekpofa-40sz-par;/elektromos-roller-alkatresz-fekbetet-fekpofa-40sz-par;termek;Elektromos roller alkatrész - fékbetét -fékpofa - 40.sz. - pár;1984;FB40;elektromos-roller-alkatresz-fekbetet-fekpofa-40sz-par;/termek/elektromos-roller-alkatresz-fekbetet-fekpofa-40sz-par/;;;true;
https://elektromos-roller.net/elektromos-roller-alkatresz-fekbetet-fekpofa-43sz-par;/elektromos-roller-alkatresz-fekbetet-fekpofa-43sz-par;termek;Elektromos roller alkatrész - fékbetét -fékpofa - 43.sz. - pár;1985;FB43;elektromos-roller-alkatresz-fekbetet-fekpofa-43sz-par;/termek/elektromos-roller-alkatresz-fekbetet-fekpofa-43sz-par/;;;true;
https://elektromos-roller.net/elektromos-roller-alkatresz-fekbetet-fekpofa-41sz-par;/elektromos-roller-alkatresz-fekbetet-fekpofa-41sz-par;termek;Elektromos roller alkatrész - fékbetét -fékpofa - 41.sz. - pár;1986;FB41;elektromos-roller-alkatresz-fekbetet-fekpofa-41sz-par;/termek/elektromos-roller-alkatresz-fekbetet-fekpofa-41sz-par/;;;true;
https://elektromos-roller.net/bogist-c1-pro-elektromos-roller-alkatresz-elso-sarvedo;/bogist-c1-pro-elektromos-roller-alkatresz-elso-sarvedo;termek;Bogist C1 Pro  - Elektromos roller alkatrész - első sárvédő;1990;SV22/131;bogist-c1-pro-elektromos-roller-alkatresz-elso-sarvedo;/termek/bogist-c1-pro-elektromos-roller-alkatresz-elso-sarvedo/;;;true;
https://elektromos-roller.net/bogist-m5-pro-elektromos-roller-alkatresz-elso-sarvedo;/bogist-m5-pro-elektromos-roller-alkatresz-elso-sarvedo;termek;Bogist M5 Pro  - Elektromos roller alkatrész - első sárvédő;1991;SV20/121;bogist-m5-pro-elektromos-roller-alkatresz-elso-sarvedo;/termek/bogist-m5-pro-elektromos-roller-alkatresz-elso-sarvedo/;;;true;
https://elektromos-roller.net/bogist-c1-pro-elektromos-roller-alkatresz-hatso-sarvedo-;/bogist-c1-pro-elektromos-roller-alkatresz-hatso-sarvedo-;termek;Bogist C1 Pro  - Elektromos roller alkatrész - hátsó sárvédő;1994;SV23/1-141/1-5;bogist-c1-pro-elektromos-roller-alkatresz-hatso-sarvedo-;/termek/bogist-c1-pro-elektromos-roller-alkatresz-hatso-sarvedo-/;;;true;
https://elektromos-roller.net/kukirin-g3-kijelzo-lampa-elektromos-roller-alkatresz;/kukirin-g3-kijelzo-lampa-elektromos-roller-alkatresz;termek;Kukirin G3 kijelző és elektromos lámpa elektromos rollerhez;2034;KIJ01/13-411;kukirin-g3-kijelzo-lampa-elektromos-roller-alkatresz;/termek/kukirin-g3-kijelzo-lampa-elektromos-roller-alkatresz/;;;true;
https://elektromos-roller.net/kugoo-g2-pro-kijelzo-elektromos-rollerhez;/kugoo-g2-pro-kijelzo-elektromos-rollerhez;termek;Kugoo G2 Pro kijelző elektromos rollerhez;2055;KIJ04/13-431;kugoo-g2-pro-kijelzo-elektromos-rollerhez;/termek/kugoo-g2-pro-kijelzo-elektromos-rollerhez/;;;true;
https://elektromos-roller.net/elektromos-roller-alkatresz-fektarcsa-110-es;/elektromos-roller-alkatresz-fektarcsa-110-es;termek;Elektromos roller alkatrész - féktárcsa - 110-es (FT01);2061;FT01/9422;elektromos-roller-alkatresz-fektarcsa-110-es;/termek/elektromos-roller-alkatresz-fektarcsa-110-es/;;;true;
https://elektromos-roller.net/fektarcsa-130mm-5-csavaros-elektromos-rollerhez;/fektarcsa-130mm-5-csavaros-elektromos-rollerhez;termek;Elektromos roller alkatrész - féktárcsa - 130-as - 5 pontos (FT03);2063;FT03/9422;fektarcsa-130mm-5-csavaros-elektromos-rollerhez;/termek/fektarcsa-130mm-5-csavaros-elektromos-rollerhez/;;;true;
https://elektromos-roller.net/fektarcsa-135mm-5-csavaros;/fektarcsa-135mm-5-csavaros;termek;Elektromos roller alkatrész - féktárcsa - 135 mm - 5 pontos (FT04);2069;FT04/9422;fektarcsa-135mm-5-csavaros;/termek/fektarcsa-135mm-5-csavaros/;;;true;
https://elektromos-roller.net/elektromos-roller-alkatresz-fektarcsa-140-mm-6-pontos-ft07;/elektromos-roller-alkatresz-fektarcsa-140-mm-6-pontos-ft07;termek;Féktárcsa - 140 mm - 6 pontos (FT07) - elektromos roller alkatrész;2070;FT07/9422;elektromos-roller-alkatresz-fektarcsa-140-mm-6-pontos-ft07;/termek/elektromos-roller-alkatresz-fektarcsa-140-mm-6-pontos-ft07/;;;true;
https://elektromos-roller.net/fektarcsa-140mm-6-csavaros-roller-alkatresz;/fektarcsa-140mm-6-csavaros-roller-alkatresz;termek;Féktárcsa - 140 mm - 6 pontos (FT08) - elektromos roller alkatrész;2073;FT08/9422;fektarcsa-140mm-6-csavaros-roller-alkatresz;/termek/fektarcsa-140mm-6-csavaros-roller-alkatresz/;;;true;
https://elektromos-roller.net/fektarcsa-145mm-6-csavaros-elektromos-rollerhez;/fektarcsa-145mm-6-csavaros-elektromos-rollerhez;termek;Elektromos roller alkatrész - féktárcsa - 145 mm - 6 pontos (FT09);2076;FT09/9421;fektarcsa-145mm-6-csavaros-elektromos-rollerhez;/termek/fektarcsa-145mm-6-csavaros-elektromos-rollerhez/;;;true;
https://elektromos-roller.net/elektromos-roller-alkatresz-fektarcsa-160-mm-6-pontos-ft10;/elektromos-roller-alkatresz-fektarcsa-160-mm-6-pontos-ft10;termek;Elektromos roller alkatrész - féktárcsa - 160 mm - 6 pontos (FT10);2077;FT10/9421;elektromos-roller-alkatresz-fektarcsa-160-mm-6-pontos-ft10;/termek/elektromos-roller-alkatresz-fektarcsa-160-mm-6-pontos-ft10/;;;true;
https://elektromos-roller.net/elektromos-roller-alkatresz-fektarcsa-160-mm-6-pontos-ft11;/elektromos-roller-alkatresz-fektarcsa-160-mm-6-pontos-ft11;termek;Elektromos roller alkatrész - féktárcsa - 160 mm - 6 pontos (FT11);2080;FT11/9421;elektromos-roller-alkatresz-fektarcsa-160-mm-6-pontos-ft11;/termek/elektromos-roller-alkatresz-fektarcsa-160-mm-6-pontos-ft11/;;;true;
https://elektromos-roller.net/elektromos-roller-alkatresz-fektarcsa-180-mm-6-pontos-ft14;/elektromos-roller-alkatresz-fektarcsa-180-mm-6-pontos-ft14;termek;Elektromos roller alkatrész - féktárcsa - 180 mm - 6 pontos (FT14);2083;FT14/9421;elektromos-roller-alkatresz-fektarcsa-180-mm-6-pontos-ft14;/termek/elektromos-roller-alkatresz-fektarcsa-180-mm-6-pontos-ft14/;;;true;
https://elektromos-roller.net/elektromos-roller-alkatresz-fektarcsa-203-mm-6-pontos-ft15;/elektromos-roller-alkatresz-fektarcsa-203-mm-6-pontos-ft15;termek;Elektromos roller alkatrész - féktárcsa - 203 mm - 6 pontos (FT15);2086;FT15/9421;elektromos-roller-alkatresz-fektarcsa-203-mm-6-pontos-ft15;/termek/elektromos-roller-alkatresz-fektarcsa-203-mm-6-pontos-ft15/;;;true;
https://elektromos-roller.net/elektromos-roller-alkatresz-fektarcsa-180-mm-6-pontos-ft13;/elektromos-roller-alkatresz-fektarcsa-180-mm-6-pontos-ft13;termek;Elektromos roller alkatrész - féktárcsa - 180 mm - 6 pontos (FT13);2087;FT13/9421;elektromos-roller-alkatresz-fektarcsa-180-mm-6-pontos-ft13;/termek/elektromos-roller-alkatresz-fektarcsa-180-mm-6-pontos-ft13/;;;true;
https://elektromos-roller.net/kukirin-g2-max-alkatresz-elektromos-roller-motor-1000w;/kukirin-g2-max-alkatresz-elektromos-roller-motor-1000w;termek;Kukirin G2 Max elektromos roller motor - 1000W - külső és belső gumival;2101;MOTOR01/gumi-ajtó-mellett;kukirin-g2-max-alkatresz-elektromos-roller-motor-1000w;/termek/kukirin-g2-max-alkatresz-elektromos-roller-motor-1000w/;;;true;
https://elektromos-roller.net/kukirin-g2-pro-elektromos-roller-motor-600w;/kukirin-g2-pro-elektromos-roller-motor-600w;termek;Kukirin G2 Pro elektromos roller motor 600W;2104;MOTOR02/gumi-ajtó-mellett;kukirin-g2-pro-elektromos-roller-motor-600w;/termek/kukirin-g2-pro-elektromos-roller-motor-600w/;;;true;
https://elektromos-roller.net/gazkaros-kijelzo-elektromos-roller-alkatresz-tf-100-6-pin;/gazkaros-kijelzo-elektromos-roller-alkatresz-tf-100-6-pin;termek;Gázkaros kijelző - Elektromos roller alkatrész - TF-100 - 6 PIN;2143;KJGK01-2/12-221;gazkaros-kijelzo-elektromos-roller-alkatresz-tf-100-6-pin;/termek/gazkaros-kijelzo-elektromos-roller-alkatresz-tf-100-6-pin/;;;true;
https://elektromos-roller.net/8-5-2-os-belso-gumi-0-os-szeleppel-elektromos-roller-belso-gumi;/8-5-2-os-belso-gumi-0-os-szeleppel-elektromos-roller-belso-gumi;termek;"8,5x2-es belső gumi - 0°-os szeleppel - Elektromos roller belső gumi";2208;BELSO09/16-332;8-5-2-os-belso-gumi-0-os-szeleppel-elektromos-roller-belso-gumi;/termek/8-5-2-os-belso-gumi-0-os-szeleppel-elektromos-roller-belso-gumi/;;;true;
https://elektromos-roller.net/9-es-belso-gumi-45-os-szeleppel-elektromos-roller-belso-gumi-9x2;/9-es-belso-gumi-45-os-szeleppel-elektromos-roller-belso-gumi-9x2;termek;"9""-os belső gumi - 45°-os szeleppel -  CST- Elektromos roller belső gumi - 9x2";2209;BELSO10/16-331;9-es-belso-gumi-45-os-szeleppel-elektromos-roller-belso-gumi-9x2;/termek/9-es-belso-gumi-45-os-szeleppel-elektromos-roller-belso-gumi-9x2/;;;true;
https://elektromos-roller.net/10-os-belso-gumi-90-os-szeleppel-elektromos-roller-belso-gumi-10x25-2212;/10-os-belso-gumi-90-os-szeleppel-elektromos-roller-belso-gumi-10x25-2212;termek;"10""-os belső gumi - 90°-os szeleppel - Elektromos roller belső gumi - 10x3 - 255x80";2212;BELSO11/16-312;10-os-belso-gumi-90-os-szeleppel-elektromos-roller-belso-gumi-10x25-2212;/termek/10-os-belso-gumi-90-os-szeleppel-elektromos-roller-belso-gumi-10x25-2212/;10-os-belso-gumi-90-os-szeleppel-elektromos-roller-belso-gumi-10x25;/termek/10-os-belso-gumi-90-os-szeleppel-elektromos-roller-belso-gumi-10x25/;true;opcionálisan tisztítható: az -2212 utótag a Shoprenter azonosítója
https://elektromos-roller.net/10-os-belso-gumi-90-os-szeleppel-elektromos-roller-belso-gumi-10x2;/10-os-belso-gumi-90-os-szeleppel-elektromos-roller-belso-gumi-10x2;termek;"10""-os belső gumi - 90°-os szeleppel - Elektromos rollerhez - 10X2";2214;BELSO12/16-311;10-os-belso-gumi-90-os-szeleppel-elektromos-roller-belso-gumi-10x2;/termek/10-os-belso-gumi-90-os-szeleppel-elektromos-roller-belso-gumi-10x2/;;;true;
https://elektromos-roller.net/125-os-belso-gumi-125x2-45-os-szeleppel-elektromos-roller-belso-gumi-2216;/125-os-belso-gumi-125x2-45-os-szeleppel-elektromos-roller-belso-gumi-2216;termek;"12,5""-os belső gumi - 12,5x1,75 - 45°-os szeleppel - Elektromos roller belső gumi";2216;BELSO14/16-11;125-os-belso-gumi-125x2-45-os-szeleppel-elektromos-roller-belso-gumi-2216;/termek/125-os-belso-gumi-125x2-45-os-szeleppel-elektromos-roller-belso-gumi-2216/;125-os-belso-gumi-125x2-45-os-szeleppel-elektromos-roller-belso-gumi;/termek/125-os-belso-gumi-125x2-45-os-szeleppel-elektromos-roller-belso-gumi/;true;opcionálisan tisztítható: az -2216 utótag a Shoprenter azonosítója
https://elektromos-roller.net/10-os-tomor-gumi-piros-csikkal-elektromos-rollerhez-10x25-belso-szelesseg-36mm;/10-os-tomor-gumi-piros-csikkal-elektromos-rollerhez-10x25-belso-szelesseg-36mm;termek;"10""-os Tömör gumi piros csíkkal - elektromos rollerhez 10x2.5 / Belső szélesség 36mm";2218;TM19/20-41;10-os-tomor-gumi-piros-csikkal-elektromos-rollerhez-10x25-belso-szelesseg-36mm;/termek/10-os-tomor-gumi-piros-csikkal-elektromos-rollerhez-10x25-belso-szelesseg-36mm/;;;true;
https://elektromos-roller.net/elektromos-rollerhez-10x300-6-os-kulso-gumi;/elektromos-rollerhez-10x300-6-os-kulso-gumi;termek;"10""-os külső gumi elektromos rollerhez - 10x3.00-6";2222;ULIP07;elektromos-rollerhez-10x300-6-os-kulso-gumi;/termek/elektromos-rollerhez-10x300-6-os-kulso-gumi/;;;true;
https://elektromos-roller.net/10-os-belso-gumi-90-os-szeleppel-10x2-2-125-2-5-elektromos-roller-belso-gumi-2224;/10-os-belso-gumi-90-os-szeleppel-10x2-2-125-2-5-elektromos-roller-belso-gumi-2224;termek;"10""-os belső gumi - 90°-os szeleppel - 10x2 /10x2,125/10x2,5 - Elektromos roller belső gumi";2224;ULIP13;10-os-belso-gumi-90-os-szeleppel-10x2-2-125-2-5-elektromos-roller-belso-gumi-2224;/termek/10-os-belso-gumi-90-os-szeleppel-10x2-2-125-2-5-elektromos-roller-belso-gumi-2224/;10-os-belso-gumi-90-os-szeleppel-10x2-2-125-2-5-elektromos-roller-belso-gumi;/termek/10-os-belso-gumi-90-os-szeleppel-10x2-2-125-2-5-elektromos-roller-belso-gumi/;true;opcionálisan tisztítható: az -2224 utótag a Shoprenter azonosítója
https://elektromos-roller.net/tuovt-10x3-kulso-gumi-elektromos-rollerhez;/tuovt-10x3-kulso-gumi-elektromos-rollerhez;termek;"10""-os külső gumi - 10x3.0 - 80/65-6 - 255x80 - Kukirin elektromos rollerhez";2226;ULIP16/24A-13;tuovt-10x3-kulso-gumi-elektromos-rollerhez;/termek/tuovt-10x3-kulso-gumi-elektromos-rollerhez/;;;true;
https://elektromos-roller.net/10-os-belso-gumi-egyenes-szeleppel-elektromos-roller-belso-gumi-10x2-ulip;/10-os-belso-gumi-egyenes-szeleppel-elektromos-roller-belso-gumi-10x2-ulip;termek;"10x2 - 10""-os belső gumi - egyenes szeleppel - Elektromos roller belső gumi ";2230;ULIP37;10-os-belso-gumi-egyenes-szeleppel-elektromos-roller-belso-gumi-10x2-ulip;/termek/10-os-belso-gumi-egyenes-szeleppel-elektromos-roller-belso-gumi-10x2-ulip/;;;true;
https://elektromos-roller.net/elektromos-roller-alkatresz-kulso-gumi-10x2-6;/elektromos-roller-alkatresz-kulso-gumi-10x2-6;termek;Külső gumi - 10x2-6.1- Ulip - Tubeless - elektromos roller alkatrész;2234;ULIP58;elektromos-roller-alkatresz-kulso-gumi-10x2-6;/termek/elektromos-roller-alkatresz-kulso-gumi-10x2-6/;;;true;
https://elektromos-roller.net/10-os-tomor-gumi-elektromos-rollerhez-10x25-60-70-65;/10-os-tomor-gumi-elektromos-rollerhez-10x25-60-70-65;termek;Ulip 10x2.5 (60/70-6.5) tömör gumi piros csíkkal (belső szélesség: 45mm-es) Segway Max G30 elektromos rollerhez;2238;ULIP216;10-os-tomor-gumi-elektromos-rollerhez-10x25-60-70-65;/termek/10-os-tomor-gumi-elektromos-rollerhez-10x25-60-70-65/;;;true;
https://elektromos-roller.net/ulip-60-65-6-9-tomor-gumi-piros-csikkal-belso-szelesseg-44mm-es-segway-max-g30-elektromos-rollerhez-2239;/ulip-60-65-6-9-tomor-gumi-piros-csikkal-belso-szelesseg-44mm-es-segway-max-g30-elektromos-rollerhez-2239;termek;Ulip 60/65-6.9 tömör gumi piros csíkkal (belső szélesség: 44 mm) Segway Ninebot Max G2 G65 elektromos rollerhez;2239;ULIP260;ulip-60-65-6-9-tomor-gumi-piros-csikkal-belso-szelesseg-44mm-es-segway-max-g30-elektromos-rollerhez-2239;/termek/ulip-60-65-6-9-tomor-gumi-piros-csikkal-belso-szelesseg-44mm-es-segway-max-g30-elektromos-rollerhez-2239/;ulip-60-65-6-9-tomor-gumi-piros-csikkal-belso-szelesseg-44mm-es-segway-max-g30-elektromos-rollerhez;/termek/ulip-60-65-6-9-tomor-gumi-piros-csikkal-belso-szelesseg-44mm-es-segway-max-g30-elektromos-rollerhez/;true;opcionálisan tisztítható: az -2239 utótag a Shoprenter azonosítója
https://elektromos-roller.net/ulip-60-65-69-tomor-gumi-szines-csikkal-belso-szelesseg-44-mm-segway-ninebot-max-g2-g65-elektromos-rollerhez-2241;/ulip-60-65-69-tomor-gumi-szines-csikkal-belso-szelesseg-44-mm-segway-ninebot-max-g2-g65-elektromos-rollerhez-2241;termek;Ulip 60/65-6.9 tömör gumi színes csíkkal (belső szélesség: 44 mm) Segway Ninebot Max G2 G65 elektromos rollerhez;2241;ULIP86;ulip-60-65-69-tomor-gumi-szines-csikkal-belso-szelesseg-44-mm-segway-ninebot-max-g2-g65-elektromos-rollerhez-2241;/termek/ulip-60-65-69-tomor-gumi-szines-csikkal-belso-szelesseg-44-mm-segway-ninebot-max-g2-g65-elektromos-rollerhez-2241/;ulip-60-65-69-tomor-gumi-szines-csikkal-belso-szelesseg-44-mm-segway-ninebot-max-g2-g65-elektromos-rollerhez;/termek/ulip-60-65-69-tomor-gumi-szines-csikkal-belso-szelesseg-44-mm-segway-ninebot-max-g2-g65-elektromos-rollerhez/;true;opcionálisan tisztítható: az -2241 utótag a Shoprenter azonosítója
https://elektromos-roller.net/ulip-6065-69-tomor-gumi-belso-szelesseg-44-mm-segway-ninebot-max-g2-g65-elektromos-rollerhez-2244;/ulip-6065-69-tomor-gumi-belso-szelesseg-44-mm-segway-ninebot-max-g2-g65-elektromos-rollerhez-2244;termek;Ulip 60/65-6.9 tömör gumi (belső szélesség: 44 mm) Segway Ninebot Max G2 G65 elektromos rollerhez;2244;ULIP237/19-12;ulip-6065-69-tomor-gumi-belso-szelesseg-44-mm-segway-ninebot-max-g2-g65-elektromos-rollerhez-2244;/termek/ulip-6065-69-tomor-gumi-belso-szelesseg-44-mm-segway-ninebot-max-g2-g65-elektromos-rollerhez-2244/;ulip-6065-69-tomor-gumi-belso-szelesseg-44-mm-segway-ninebot-max-g2-g65-elektromos-rollerhez;/termek/ulip-6065-69-tomor-gumi-belso-szelesseg-44-mm-segway-ninebot-max-g2-g65-elektromos-rollerhez/;true;opcionálisan tisztítható: az -2244 utótag a Shoprenter azonosítója
https://elektromos-roller.net/85x30-tomor-gumi-elektromos-rollerhez-2247;/85x30-tomor-gumi-elektromos-rollerhez-2247;termek;8.5x3.0 (50-134) tömör gumi elektromos rollerhez;2247;ULIP120;85x30-tomor-gumi-elektromos-rollerhez-2247;/termek/85x30-tomor-gumi-elektromos-rollerhez-2247/;85x30-tomor-gumi-elektromos-rollerhez;/termek/85x30-tomor-gumi-elektromos-rollerhez/;true;opcionálisan tisztítható: az -2247 utótag a Shoprenter azonosítója
https://elektromos-roller.net/ulip-10x2125-tomor-gumi-belso-szelesseg-36mm-elektromos-rollerhez-2248;/ulip-10x2125-tomor-gumi-belso-szelesseg-36mm-elektromos-rollerhez-2248;termek;Ulip 10x2.125 tömör gumi elektromos rollerekhez (belső szélesség: 36 mm);2248;ULIP188;ulip-10x2125-tomor-gumi-belso-szelesseg-36mm-elektromos-rollerhez-2248;/termek/ulip-10x2125-tomor-gumi-belso-szelesseg-36mm-elektromos-rollerhez-2248/;ulip-10x2125-tomor-gumi-belso-szelesseg-36mm-elektromos-rollerhez;/termek/ulip-10x2125-tomor-gumi-belso-szelesseg-36mm-elektromos-rollerhez/;true;opcionálisan tisztítható: az -2248 utótag a Shoprenter azonosítója
https://elektromos-roller.net/10-os-tomor-gumi-elektromos-rollerhez-10x2125-2252;/10-os-tomor-gumi-elektromos-rollerhez-10x2125-2252;termek;"Ulip 10""-os tömör gumi - színes csíkkal - elektromos rollerhez 10x2,125 (belső szélesség 36 mm)";2252;ULIP639;10-os-tomor-gumi-elektromos-rollerhez-10x2125-2252;/termek/10-os-tomor-gumi-elektromos-rollerhez-10x2125-2252/;10-os-tomor-gumi-elektromos-rollerhez-10x2125;/termek/10-os-tomor-gumi-elektromos-rollerhez-10x2125/;true;opcionálisan tisztítható: az -2252 utótag a Shoprenter azonosítója
https://elektromos-roller.net/ulip-10-os-tomor-gumi-piros-csikkal-elektromos-rollerhez-10x2125-belso-szelesseg-36-mm-2255;/ulip-10-os-tomor-gumi-piros-csikkal-elektromos-rollerhez-10x2125-belso-szelesseg-36-mm-2255;termek;"Ulip 10""-os tömör gumi - piros csíkkal - elektromos rollerhez 10x2,125 (belső szélesség 36 mm)";2255;ULIP640;ulip-10-os-tomor-gumi-piros-csikkal-elektromos-rollerhez-10x2125-belso-szelesseg-36-mm-2255;/termek/ulip-10-os-tomor-gumi-piros-csikkal-elektromos-rollerhez-10x2125-belso-szelesseg-36-mm-2255/;ulip-10-os-tomor-gumi-piros-csikkal-elektromos-rollerhez-10x2125-belso-szelesseg-36-mm;/termek/ulip-10-os-tomor-gumi-piros-csikkal-elektromos-rollerhez-10x2125-belso-szelesseg-36-mm/;true;opcionálisan tisztítható: az -2255 utótag a Shoprenter azonosítója
https://elektromos-roller.net/ulip-10-os-tomor-gumi-kek-csikkal-elektromos-rollerhez-10x2125-belso-szelesseg-36-mm-2257;/ulip-10-os-tomor-gumi-kek-csikkal-elektromos-rollerhez-10x2125-belso-szelesseg-36-mm-2257;termek;"Ulip 10""-os tömör gumi - kék csíkkal - elektromos rollerhez 10x2.125 (belső szélesség 36 mm)";2257;ULIP641;ulip-10-os-tomor-gumi-kek-csikkal-elektromos-rollerhez-10x2125-belso-szelesseg-36-mm-2257;/termek/ulip-10-os-tomor-gumi-kek-csikkal-elektromos-rollerhez-10x2125-belso-szelesseg-36-mm-2257/;ulip-10-os-tomor-gumi-kek-csikkal-elektromos-rollerhez-10x2125-belso-szelesseg-36-mm;/termek/ulip-10-os-tomor-gumi-kek-csikkal-elektromos-rollerhez-10x2125-belso-szelesseg-36-mm/;true;opcionálisan tisztítható: az -2257 utótag a Shoprenter azonosítója
https://elektromos-roller.net/kulso-gumi-elektromos-rollerhez-9-3-5-5;/kulso-gumi-elektromos-rollerhez-9-3-5-5;termek;"Külső gumi 9x3.0-5.5 - 9"" - Új Kukirin G2 Pro elektromos rollerhez - 9x3-5.5";2259;ULIP642/24A-12;kulso-gumi-elektromos-rollerhez-9-3-5-5;/termek/kulso-gumi-elektromos-rollerhez-9-3-5-5/;;;true;
https://elektromos-roller.net/elektromos-roller-alkatresz-kulso-gumi-3-50-6-szeleppel;/elektromos-roller-alkatresz-kulso-gumi-3-50-6-szeleppel;termek;Külső gumi szett- 2 db 3.50-6 gumi 2 db PVR50 szeleppel -  Elektromos roller alkatrész;2260;ULIP407;elektromos-roller-alkatresz-kulso-gumi-3-50-6-szeleppel;/termek/elektromos-roller-alkatresz-kulso-gumi-3-50-6-szeleppel/;;;true;
https://elektromos-roller.net/kulso-gumi-elektromos-rollerhez-90-90-12;/kulso-gumi-elektromos-rollerhez-90-90-12;termek;Külső gumi elektromos rollerhez - 90/90-12;2261;ULIP643;kulso-gumi-elektromos-rollerhez-90-90-12;/termek/kulso-gumi-elektromos-rollerhez-90-90-12/;;;true;
https://elektromos-roller.net/kulso-gumi-elektromos-roller-ulip-3-50-10;/kulso-gumi-elektromos-roller-ulip-3-50-10;termek;Külső gumi elektromos rollerhez - Ulip - 3.50-10;2262;ULIP644;kulso-gumi-elektromos-roller-ulip-3-50-10;/termek/kulso-gumi-elektromos-roller-ulip-3-50-10/;;;true;
https://elektromos-roller.net/kulso-gumi-elektromos-rollerhez-ulip-3-00-10;/kulso-gumi-elektromos-rollerhez-ulip-3-00-10;termek;Külső gumi elektromos rollerhez - Ulip - 3.00-10 - magas kopásállóság - magas csúszásgátlás;2264;ULIP645;kulso-gumi-elektromos-rollerhez-ulip-3-00-10;/termek/kulso-gumi-elektromos-rollerhez-ulip-3-00-10/;;;true;
https://elektromos-roller.net/kulso-gumi-20-3;/kulso-gumi-20-3;termek;Külső gumi 20x3.0;2266;ULIP21;kulso-gumi-20-3;/termek/kulso-gumi-20-3/;;;true;
https://elektromos-roller.net/belso-gumi-20x30;/belso-gumi-20x30;termek;"20"" - Belső gumi - 20x3.0";2268;ULIP582;belso-gumi-20x30;/termek/belso-gumi-20x30/;;;true;
https://elektromos-roller.net/85-os-belso-gumi-45-os-szeleppel-elektromos-roller-belso-gumi-85x2-ulip;/85-os-belso-gumi-45-os-szeleppel-elektromos-roller-belso-gumi-85x2-ulip;termek;"8,5""-os belső gumi - 45°-os szeleppel - Elektromos roller belső gumi - 8.5x2 - Ulip";2282;BELSO04;85-os-belso-gumi-45-os-szeleppel-elektromos-roller-belso-gumi-85x2-ulip;/termek/85-os-belso-gumi-45-os-szeleppel-elektromos-roller-belso-gumi-85x2-ulip/;;;true;
https://elektromos-roller.net/9-3-00-6-os-kulso-gumi-elektromos-rollerhez-ulip;/9-3-00-6-os-kulso-gumi-elektromos-rollerhez-ulip;termek;Külső gumi elektromos rollerhez - 9x3.00-6;2291;ULIP650;9-3-00-6-os-kulso-gumi-elektromos-rollerhez-ulip;/termek/9-3-00-6-os-kulso-gumi-elektromos-rollerhez-ulip/;;;true;
https://elektromos-roller.net/16-os-belso-gumi-16x2125-45-os-szeleppel-elektromos-roller-belso-gumi;/16-os-belso-gumi-16x2125-45-os-szeleppel-elektromos-roller-belso-gumi;termek;"16""-os belső gumi - 16x2.125 - 45°-os szeleppel - Elektromos roller belső gumi";2294;ULIP651;16-os-belso-gumi-16x2125-45-os-szeleppel-elektromos-roller-belso-gumi;/termek/16-os-belso-gumi-16x2125-45-os-szeleppel-elektromos-roller-belso-gumi/;;;true;
https://elektromos-roller.net/14-os-belso-gumi-14x2125-45-os-szeleppel-elektromos-roller-belso-gumi;/14-os-belso-gumi-14x2125-45-os-szeleppel-elektromos-roller-belso-gumi;termek;"14""-os belső gumi - 14x2.125 - 45°-os szeleppel - Elektromos roller belső gumi";2297;ULIP652;14-os-belso-gumi-14x2125-45-os-szeleppel-elektromos-roller-belso-gumi;/termek/14-os-belso-gumi-14x2125-45-os-szeleppel-elektromos-roller-belso-gumi/;;;true;
https://elektromos-roller.net/kulso-gumi-elektromos-rollerhez-13-5-6-5;/kulso-gumi-elektromos-rollerhez-13-5-6-5;termek;Külső gumi elektromos rollerhez - 13x5.00-6.5;2301;ULIP654;kulso-gumi-elektromos-rollerhez-13-5-6-5;/termek/kulso-gumi-elektromos-rollerhez-13-5-6-5/;;;true;
https://elektromos-roller.net/elektromos-roller-kulso-gumi-cst-13-2-125;/elektromos-roller-kulso-gumi-cst-13-2-125;termek;Elektromos roller külső gumi - CST - 16x2.125 (57-305);2302;ULIP655;elektromos-roller-kulso-gumi-cst-13-2-125;/termek/elektromos-roller-kulso-gumi-cst-13-2-125/;;;true;
https://elektromos-roller.net/85x30-tomor-gumi-elektromos-rollerhez-szines;/85x30-tomor-gumi-elektromos-rollerhez-szines;termek;"8,5x3.0  tömör gumi elektromos rollerhez - színes csíkkal";2309;ULIP198;85x30-tomor-gumi-elektromos-rollerhez-szines;/termek/85x30-tomor-gumi-elektromos-rollerhez-szines/;;;true;
https://elektromos-roller.net/250x64-tomor-gumi-elektromos-rollerhez-szines-csikkal;/250x64-tomor-gumi-elektromos-rollerhez-szines-csikkal;termek;"250x64  tömör gumi elektromos rollerhez - színes csíkkal - 10""";2310;ULIP280;250x64-tomor-gumi-elektromos-rollerhez-szines-csikkal;/termek/250x64-tomor-gumi-elektromos-rollerhez-szines-csikkal/;;;true;
https://elektromos-roller.net/10x3-255-80-80-65-6tomor-gumi-elektromos-rollerhez-szines-csikkal;/10x3-255-80-80-65-6tomor-gumi-elektromos-rollerhez-szines-csikkal;termek;"Ulip 10x3-6 / 255x80 (80/65-6)  tömör gumi elektromos rollerhez - színes csíkkal - 10""";2311;ULIP658;10x3-255-80-80-65-6tomor-gumi-elektromos-rollerhez-szines-csikkal;/termek/10x3-255-80-80-65-6tomor-gumi-elektromos-rollerhez-szines-csikkal/;;;true;
https://elektromos-roller.net/kulso-gumi-350-6-gumi-elektromos-roller-alkatresz;/kulso-gumi-350-6-gumi-elektromos-roller-alkatresz;termek;"Külső gumi 3.50-6 - 10"" - Tubeless -  Elektromos roller alkatrész";2319;ULIP368;kulso-gumi-350-6-gumi-elektromos-roller-alkatresz;/termek/kulso-gumi-350-6-gumi-elektromos-roller-alkatresz/;;;true;
https://elektromos-roller.net/85-os-kulso-gumi-elektromos-rollerhez-utcai-85x3;/85-os-kulso-gumi-elektromos-rollerhez-utcai-85x3;termek;"8,5""-os külső gumi elektromos rollerhez - utcai - 8,5x3";2320;ULIP390;85-os-kulso-gumi-elektromos-rollerhez-utcai-85x3;/termek/85-os-kulso-gumi-elektromos-rollerhez-utcai-85x3/;;;true;
https://elektromos-roller.net/10-os-kulso-gumi-elektromos-rollerhez-10x30-utcai;/10-os-kulso-gumi-elektromos-rollerhez-10x30-utcai;termek;"10""-os külső gumi Kugookirin, Kukirin elektromos rollerhez - 10x3.0 - 80/65-6 - utcai";2322;ULIP108/24B-43;10-os-kulso-gumi-elektromos-rollerhez-10x30-utcai;/termek/10-os-kulso-gumi-elektromos-rollerhez-10x30-utcai/;;;true;
https://elektromos-roller.net/elektromos-roller-kulso-gumi-cst-12x2-125-62-203;/elektromos-roller-kulso-gumi-cst-12x2-125-62-203;termek;"Elektromos roller külső gumi - CST - 12x2.125 vagy 12,5 x 2 1/4 (62-203)";2324;ULIP623;elektromos-roller-kulso-gumi-cst-12x2-125-62-203;/termek/elektromos-roller-kulso-gumi-cst-12x2-125-62-203/;;;true;
https://elektromos-roller.net/100-90-10-kulso-gumi-elektromos-rollerhez;/100-90-10-kulso-gumi-elektromos-rollerhez;termek;100/90-10 külső gumi elektromos rollerhez - Tubeless - ULIP;2327;ULIP659;100-90-10-kulso-gumi-elektromos-rollerhez;/termek/100-90-10-kulso-gumi-elektromos-rollerhez/;;;true;
https://elektromos-roller.net/85x25-tomor-gumi-elektromos-rollerhez-szines-csikkal;/85x25-tomor-gumi-elektromos-rollerhez-szines-csikkal;termek;"8.5x2.5  tömör gumi elektromos rollerhez - színes csíkkal - 8,5""";2330;ULIP433;85x25-tomor-gumi-elektromos-rollerhez-szines-csikkal;/termek/85x25-tomor-gumi-elektromos-rollerhez-szines-csikkal/;;;true;
https://elektromos-roller.net/elektromos-roller-gumi-zsele-defektallo-100-65-6-5;/elektromos-roller-gumi-zsele-defektallo-100-65-6-5;termek;Elektromos roller külső gumi belső zselé réteggel - defektálló - 100/65-6.5;2333;ULIP346/üzletben;elektromos-roller-gumi-zsele-defektallo-100-65-6-5;/termek/elektromos-roller-gumi-zsele-defektallo-100-65-6-5/;;;true;
https://elektromos-roller.net/12-os-belso-gumi-12x2125-elektromos-roller-belso-gumi;/12-os-belso-gumi-12x2125-elektromos-roller-belso-gumi;termek;"12""-os belső gumi - 12x2.125 - Elektromos roller belső gumi";2336;ULIP510;12-os-belso-gumi-12x2125-elektromos-roller-belso-gumi;/termek/12-os-belso-gumi-12x2125-elektromos-roller-belso-gumi/;;;true;
https://elektromos-roller.net/elektromos-roller-alkatresz-kulso-gumi-tubeless-10x2125;/elektromos-roller-alkatresz-kulso-gumi-tubeless-10x2125;termek;Külső gumi - Tubeless - 10X2.125 -  Elektromos roller alkatrész;2338;ULIP526;elektromos-roller-alkatresz-kulso-gumi-tubeless-10x2125;/termek/elektromos-roller-alkatresz-kulso-gumi-tubeless-10x2125/;;;true;
https://elektromos-roller.net/kulso-gumi-elektromos-rollerhez-9x300-6-tubeless;/kulso-gumi-elektromos-rollerhez-9x300-6-tubeless;termek;Külső gumi elektromos rollerhez - 9x3.00-6 - Tubeless;2339;ULIP661;kulso-gumi-elektromos-rollerhez-9x300-6-tubeless;/termek/kulso-gumi-elektromos-rollerhez-9x300-6-tubeless/;;;true;
https://elektromos-roller.net/85x25-tomor-gumi-elektromos-rollerhez;/85x25-tomor-gumi-elektromos-rollerhez;termek;"8.5x2.5  tömör gumi elektromos rollerhez - 8,5""";2340;ULIP405;85x25-tomor-gumi-elektromos-rollerhez;/termek/85x25-tomor-gumi-elektromos-rollerhez/;;;true;
https://elektromos-roller.net/10-os-tomor-gumi-elektromos-rollerhez-10x25-belso-szelesseg-37mm;/10-os-tomor-gumi-elektromos-rollerhez-10x25-belso-szelesseg-37mm;termek;"10""-os Tömör gumi - elektromos rollerhez 10x2.5 / Belső szélesség 37mm";2347;ULIP538;10-os-tomor-gumi-elektromos-rollerhez-10x25-belso-szelesseg-37mm;/termek/10-os-tomor-gumi-elektromos-rollerhez-10x25-belso-szelesseg-37mm/;;;true;
https://elektromos-roller.net/ulip-10x3255x808065-6-tomor-gumi-elektromos-rollerhez-piros;/ulip-10x3255x808065-6-tomor-gumi-elektromos-rollerhez-piros;termek;"Ulip 10x3/255x80(80/65-6)  tömör gumi elektromos rollerhez - piros csíkkal - 10""";2351;ULIP288;ulip-10x3255x808065-6-tomor-gumi-elektromos-rollerhez-piros;/termek/ulip-10x3255x808065-6-tomor-gumi-elektromos-rollerhez-piros/;;;true;
https://elektromos-roller.net/ulip-10x3255x808065-6-tomor-gumi-elektromos-rollerhez;/ulip-10x3255x808065-6-tomor-gumi-elektromos-rollerhez;termek;Ulip 10x3/255x80(80/65-6)  tömör gumi elektromos rollerhez;2354;ULIP484;ulip-10x3255x808065-6-tomor-gumi-elektromos-rollerhez;/termek/ulip-10x3255x808065-6-tomor-gumi-elektromos-rollerhez/;;;true;
https://elektromos-roller.net/250x64-tomor-gumi-elektromos-rollerhez-fekete;/250x64-tomor-gumi-elektromos-rollerhez-fekete;termek;"250x64  tömör gumi elektromos rollerhez - 10"" - belső szélesség 45 mm";2356;ULIP440;250x64-tomor-gumi-elektromos-rollerhez-fekete;/termek/250x64-tomor-gumi-elektromos-rollerhez-fekete/;;;true;
https://elektromos-roller.net/250x64-tomor-gumi-elektromos-rollerhez-10-piros;/250x64-tomor-gumi-elektromos-rollerhez-10-piros;termek;"250x64  tömör gumi elektromos rollerhez - piros csíkkal - 10"" - belső szélesség: 45 mm";2359;ULIP243;250x64-tomor-gumi-elektromos-rollerhez-10-piros;/termek/250x64-tomor-gumi-elektromos-rollerhez-10-piros/;;;true;
https://elektromos-roller.net/10-os-ulip-belso-gumi-egyenes-szeleppel-elektromos-roller-belso-gumi-10x2-5;/10-os-ulip-belso-gumi-egyenes-szeleppel-elektromos-roller-belso-gumi-10x2-5;termek;"10""-os ULIP belső gumi - egyenes szeleppel - Elektromos roller belső gumi - 10X2.5";2373;ULIP132/földön gumis polcnál;10-os-ulip-belso-gumi-egyenes-szeleppel-elektromos-roller-belso-gumi-10x2-5;/termek/10-os-ulip-belso-gumi-egyenes-szeleppel-elektromos-roller-belso-gumi-10x2-5/;;;true;
https://elektromos-roller.net/cst-kulso-gumi-elektromos-rollerhez-95-25-tubeless;/cst-kulso-gumi-elektromos-rollerhez-95-25-tubeless;termek;CST külső gumi elektromos rollerhez - 9.5x2.5 - Tubeless;2376;ULIP619;cst-kulso-gumi-elektromos-rollerhez-95-25-tubeless;/termek/cst-kulso-gumi-elektromos-rollerhez-95-25-tubeless/;;;true;
https://elektromos-roller.net/ulip-kulso-gumi-elektromos-rollerhez-95x25-tubeless;/ulip-kulso-gumi-elektromos-rollerhez-95x25-tubeless;termek;ULIP külső gumi elektromos rollerhez - 9.5x2.5 - Tubeless;2377;ULIP626;ulip-kulso-gumi-elektromos-rollerhez-95x25-tubeless;/termek/ulip-kulso-gumi-elektromos-rollerhez-95x25-tubeless/;;;true;
https://elektromos-roller.net/10-os-kulso-gumi-elektromos-rollerhez-10x30-ulip;/10-os-kulso-gumi-elektromos-rollerhez-10x30-ulip;termek;"10""-os külső gumi elektromos rollerhez - tubeless - 10x3.0 - ULIP";2379;ULIP518;10-os-kulso-gumi-elektromos-rollerhez-10x30-ulip;/termek/10-os-kulso-gumi-elektromos-rollerhez-10x30-ulip/;;;true;
https://elektromos-roller.net/kulso-gumi-255x80-tubeless-elektromos-rollerhez-ulip;/kulso-gumi-255x80-tubeless-elektromos-rollerhez-ulip;termek;"10"" külső gumi - 255x80 - tubeless - Ulip - Kukirin G2 Max, G2 Master elektromos rollerhez ";2382;KG10/ULIP567/20-43;kulso-gumi-255x80-tubeless-elektromos-rollerhez-ulip;/termek/kulso-gumi-255x80-tubeless-elektromos-rollerhez-ulip/;;;true;
https://elektromos-roller.net/ulip-kulso-gumi-defektallo-elektromos-rollerhez-9065-65;/ulip-kulso-gumi-defektallo-elektromos-rollerhez-9065-65;termek;"11""-os ULIP külső gumi zselé réteggel - defektálló - elektromos rollerhez - 90/65-6.5";2383;KGZS08;ulip-kulso-gumi-defektallo-elektromos-rollerhez-9065-65;/termek/ulip-kulso-gumi-defektallo-elektromos-rollerhez-9065-65/;;;true;
https://elektromos-roller.net/10-os-tubeless-kulso-gumi-elektromos-rollerhez-6070-7-ulip;/10-os-tubeless-kulso-gumi-elektromos-rollerhez-6070-7-ulip;termek;"10""-os Tubeless külső gumi elektromos rollerhez - 60/70-7 - ULIP";2384;ULIP398;10-os-tubeless-kulso-gumi-elektromos-rollerhez-6070-7-ulip;/termek/10-os-tubeless-kulso-gumi-elektromos-rollerhez-6070-7-ulip/;;;true;
https://elektromos-roller.net/6070-70-tomor-gumi-fekete-elektromos-rollerhez;/6070-70-tomor-gumi-fekete-elektromos-rollerhez;termek;60/70-7.0 Tömör gumi Xiaomi 4 Pro  elektromos rollerhez ;2386;ULIP366/TM24/19-23;6070-70-tomor-gumi-fekete-elektromos-rollerhez;/termek/6070-70-tomor-gumi-fekete-elektromos-rollerhez/;;;true;
https://elektromos-roller.net/tubeless-kulso-gumi-elektromos-rollerhez-9065-65-ulip;/tubeless-kulso-gumi-elektromos-rollerhez-9065-65-ulip;termek;Tubeless külső gumi elektromos rollerhez - 90/65-6.5 - Ulip - Kukirin G4;2388;ULIP245;tubeless-kulso-gumi-elektromos-rollerhez-9065-65-ulip;/termek/tubeless-kulso-gumi-elektromos-rollerhez-9065-65-ulip/;;;true;
https://elektromos-roller.net/tubeless-elektromos-roller-kulso-gumi-100-65-65;/tubeless-elektromos-roller-kulso-gumi-100-65-65;termek;Elektromos roller külső gumi - tubeless - 100/65-6.5;2394;ULIP665/20-43;tubeless-elektromos-roller-kulso-gumi-100-65-65;/termek/tubeless-elektromos-roller-kulso-gumi-100-65-65/;;;true;
https://elektromos-roller.net/kukirin-g2-master-elektromos-roller-alkatresz-elso-sarvedo;/kukirin-g2-master-elektromos-roller-alkatresz-elso-sarvedo;termek;Első sárvédő - Kukirin G2 Master - elektromos roller alkatrész;2398;SV35/1-341;kukirin-g2-master-elektromos-roller-alkatresz-elso-sarvedo;/termek/kukirin-g2-master-elektromos-roller-alkatresz-elso-sarvedo/;;;true;
https://elektromos-roller.net/kulso-gumi-10x2-61-elektromos-roller-alkatresz;/kulso-gumi-10x2-61-elektromos-roller-alkatresz;termek;Külső gumi - 10x2-6.1- elektromos roller alkatrész;2401;ULIP271;kulso-gumi-10x2-61-elektromos-roller-alkatresz;/termek/kulso-gumi-10x2-61-elektromos-roller-alkatresz/;;;true;
https://elektromos-roller.net/10-os-kulso-gumi-elektromos-rollerhez-6070-65;/10-os-kulso-gumi-elektromos-rollerhez-6070-65;termek;"10""-os külső gumi - 60/70-6.5 - Segway Ninebot G30 elektromos rollerhez";2407;KG23/24B-21;10-os-kulso-gumi-elektromos-rollerhez-6070-65;/termek/10-os-kulso-gumi-elektromos-rollerhez-6070-65/;;;true;
https://elektromos-roller.net/ulip-10x25-6070-65-tomor-gumi-fekete;/ulip-10x25-6070-65-tomor-gumi-fekete;termek;Ulip 10x2.5 (60/70-6.5) tömör gumi (belső szélesség: 45mm-es) - elektromos rollerhez alkatrész;2410;ULIP179;ulip-10x25-6070-65-tomor-gumi-fekete;/termek/ulip-10x25-6070-65-tomor-gumi-fekete/;;;true;
https://elektromos-roller.net/fektarcsa-120-as-5-pontos-xiaomi-elektromos-roller-alkatresz-ft02-2415;/fektarcsa-120-as-5-pontos-xiaomi-elektromos-roller-alkatresz-ft02-2415;termek;Féktárcsa - 120-as - 6 pontos - Elektromos roller alkatrész (FT16);2415;FT16/9-422;fektarcsa-120-as-5-pontos-xiaomi-elektromos-roller-alkatresz-ft02-2415;/termek/fektarcsa-120-as-5-pontos-xiaomi-elektromos-roller-alkatresz-ft02-2415/;fektarcsa-120-as-5-pontos-xiaomi-elektromos-roller-alkatresz-ft02;/termek/fektarcsa-120-as-5-pontos-xiaomi-elektromos-roller-alkatresz-ft02/;true;opcionálisan tisztítható: az -2415 utótag a Shoprenter azonosítója
https://elektromos-roller.net/elektromos-roller-alkatresz-fekbetet-fekpofa-44sz;/elektromos-roller-alkatresz-fekbetet-fekpofa-44sz;termek;"Elektromos roller alkatrész - fékbetét -44.sz. - pár - Magura M5, M7, MT5, MT7";2418;FB44;elektromos-roller-alkatresz-fekbetet-fekpofa-44sz;/termek/elektromos-roller-alkatresz-fekbetet-fekpofa-44sz/;;;true;
https://elektromos-roller.net/nutt-hidraulikus-fek-szett-elektromos-roller-alkatresz-2;/nutt-hidraulikus-fek-szett-elektromos-roller-alkatresz-2;termek;Nutt hidraulikus fék szett (2) - Elektromos roller alkatrész;2421;FKSZ03/10-431;nutt-hidraulikus-fek-szett-elektromos-roller-alkatresz-2;/termek/nutt-hidraulikus-fek-szett-elektromos-roller-alkatresz-2/;;;true;
https://elektromos-roller.net/elektromos-roller-alkatresz-fekbetet-45sz;/elektromos-roller-alkatresz-fekbetet-45sz;termek;"Elektromos roller alkatrész - fékbetét - 45.sz. - pár - Kukirin G2 Master, G3 Pro, G4, G2 (2025-ös)";2430;FB45;elektromos-roller-alkatresz-fekbetet-45sz;/termek/elektromos-roller-alkatresz-fekbetet-45sz/;;;true;
https://elektromos-roller.net/elektromos-roller-alkatresz-fekbetet-fekpofa-46sz;/elektromos-roller-alkatresz-fekbetet-fekpofa-46sz;termek;Elektromos roller alkatrész - fékbetét -fékpofa - 46.sz.  - pár;2431;FB46;elektromos-roller-alkatresz-fekbetet-fekpofa-46sz;/termek/elektromos-roller-alkatresz-fekbetet-fekpofa-46sz/;;;true;
https://elektromos-roller.net/elektromos-roller-alkatresz-fekbetet-fekpofa-47sz;/elektromos-roller-alkatresz-fekbetet-fekpofa-47sz;termek;Elektromos roller alkatrész - fékbetét - 47.sz. - pár;2432;FB47/9-432;elektromos-roller-alkatresz-fekbetet-fekpofa-47sz;/termek/elektromos-roller-alkatresz-fekbetet-fekpofa-47sz/;;;true;
https://elektromos-roller.net/elektromos-roller-alkatresz-fekbetet-fekpofa-48sz;/elektromos-roller-alkatresz-fekbetet-fekpofa-48sz;termek;"Elektromos roller alkatrész - fékbetét - 48.sz. - pár - Kukirin G2 Master, G3 Pro, G4";2434;FB48;elektromos-roller-alkatresz-fekbetet-fekpofa-48sz;/termek/elektromos-roller-alkatresz-fekbetet-fekpofa-48sz/;;;true;
https://elektromos-roller.net/elektromos-roller-alkatresz-fekbetet-fekpofa-49sz;/elektromos-roller-alkatresz-fekbetet-fekpofa-49sz;termek;Elektromos roller alkatrész - fékbetét -fékpofa - 49.sz. - pár;2436;FB49;elektromos-roller-alkatresz-fekbetet-fekpofa-49sz;/termek/elektromos-roller-alkatresz-fekbetet-fekpofa-49sz/;;;true;
https://elektromos-roller.net/elektromos-roller-alkatresz-fekbetet-fekpofa-50sz;/elektromos-roller-alkatresz-fekbetet-fekpofa-50sz;termek;Elektromos roller alkatrész - fékbetét -fékpofa - 50.sz.  - pár;2438;FB50;elektromos-roller-alkatresz-fekbetet-fekpofa-50sz;/termek/elektromos-roller-alkatresz-fekbetet-fekpofa-50sz/;;;true;
https://elektromos-roller.net/kapcsolo-panel-kukirin-g2pro-elektromos-roller-alkatresz;/kapcsolo-panel-kukirin-g2pro-elektromos-roller-alkatresz;termek;Kapcsoló panel - Kukirin G2 Pro elektromos rollerhez;2443;KAPCS07/11-31;kapcsolo-panel-kukirin-g2pro-elektromos-roller-alkatresz;/termek/kapcsolo-panel-kukirin-g2pro-elektromos-roller-alkatresz/;;;true;
https://elektromos-roller.net/hatso-lampa-ninebot-xiaomi-feklampa;/hatso-lampa-ninebot-xiaomi-feklampa;termek;"Hátsó sárvédő lámpa NINEBOT F és D, illetve Xiaomi Mi4 GO elektromos rollerhez";2445;LMP32/5;hatso-lampa-ninebot-xiaomi-feklampa;/termek/hatso-lampa-ninebot-xiaomi-feklampa/;;;true;
https://elektromos-roller.net/hatso-lampa-xiaomi-mi4-lite-elektromos-rollerhez;/hatso-lampa-xiaomi-mi4-lite-elektromos-rollerhez;termek;Hátsó sárvédő lámpa Xiaomi MI4/MI4 Lite (1. generáció) elektromos rollerhez;2448;LMP33/5;hatso-lampa-xiaomi-mi4-lite-elektromos-rollerhez;/termek/hatso-lampa-xiaomi-mi4-lite-elektromos-rollerhez/;;;true;
https://elektromos-roller.net/hatso-sarvedo-lampa-xiaomi-mi4pro-1-generacio-elektromos-roller;/hatso-sarvedo-lampa-xiaomi-mi4pro-1-generacio-elektromos-roller;termek;Hátsó sárvédő lámpa Mi4 Pro (1. generációs) elektromos rollerhez;2449;LMP35/5;hatso-sarvedo-lampa-xiaomi-mi4pro-1-generacio-elektromos-roller;/termek/hatso-sarvedo-lampa-xiaomi-mi4pro-1-generacio-elektromos-roller/;;;true;
https://elektromos-roller.net/elektromos-roller-alkatresz-kulcsos-gyujtaskapcsolo-kukirin-g2pro;/elektromos-roller-alkatresz-kulcsos-gyujtaskapcsolo-kukirin-g2pro;termek;Kulcsos kapcsoló gázkarral - Kukirin G2 pro elektromos rollerhez (2024-es verzió);2451;KAPCS12/11-31;elektromos-roller-alkatresz-kulcsos-gyujtaskapcsolo-kukirin-g2pro;/termek/elektromos-roller-alkatresz-kulcsos-gyujtaskapcsolo-kukirin-g2pro/;;;true;
https://elektromos-roller.net/kulso-gumi-9x30-55-elektromos-rollerhez-9-2468;/kulso-gumi-9x30-55-elektromos-rollerhez-9-2468;termek;"Tömör gumi 9x3.0-5.5 - 9"" - Új Kukirin G2 Pro elektromos rollerhez - 9x3-5.5";2468;TM25;kulso-gumi-9x30-55-elektromos-rollerhez-9-2468;/termek/kulso-gumi-9x30-55-elektromos-rollerhez-9-2468/;kulso-gumi-9x30-55-elektromos-rollerhez-9;/termek/kulso-gumi-9x30-55-elektromos-rollerhez-9/;true;opcionálisan tisztítható: az -2468 utótag a Shoprenter azonosítója
https://elektromos-roller.net/90-50-65-tubeless-kulso-gumi-elektromos-rollerhez;/90-50-65-tubeless-kulso-gumi-elektromos-rollerhez;termek;Wanda 90/50-6.5 tubeless külső gumi elektromos rollerhez;2476;KG24;90-50-65-tubeless-kulso-gumi-elektromos-rollerhez;/termek/90-50-65-tubeless-kulso-gumi-elektromos-rollerhez/;;;true;
https://elektromos-roller.net/85x2-50-134-tomor-gumi-elektromos-rollerhez;/85x2-50-134-tomor-gumi-elektromos-rollerhez;termek;"8,5x2 (50-134) tömör gumi elektromos rollerhez";2479;TM26;85x2-50-134-tomor-gumi-elektromos-rollerhez;/termek/85x2-50-134-tomor-gumi-elektromos-rollerhez/;;;true;
https://elektromos-roller.net/elso-sarvedo-segway-ninebot-g30-elektromos-rollerhez;/elso-sarvedo-segway-ninebot-g30-elektromos-rollerhez;termek;Első sárvédő - Segway  Ninebot G30 - elektromos rollerhez;2499;SV11/10-322;elso-sarvedo-segway-ninebot-g30-elektromos-rollerhez;/termek/elso-sarvedo-segway-ninebot-g30-elektromos-rollerhez/;;;true;
https://elektromos-roller.net/xtech-hb100-feknyereg-kek-felhidraulikus-rollerhez;/xtech-hb100-feknyereg-kek-felhidraulikus-rollerhez;termek;XTECH HB-100 kék féknyereg – félhidraulikus rendszer elektromos rollerekhez;2509;FNY11/11-411;xtech-hb100-feknyereg-kek-felhidraulikus-rollerhez;/termek/xtech-hb100-feknyereg-kek-felhidraulikus-rollerhez/;;;true;
https://elektromos-roller.net/gazkaros-kijelzo-elektromos-rollerhez-6pin-kukirin;/gazkaros-kijelzo-elektromos-rollerhez-6pin-kukirin;termek;Gázkaros kijelző - Kukirin - Elektromos roller alkatrész - 6 PIN;2512;KJGK12/12-231;gazkaros-kijelzo-elektromos-rollerhez-6pin-kukirin;/termek/gazkaros-kijelzo-elektromos-rollerhez-6pin-kukirin/;;;true;
https://elektromos-roller.net/g30-max-fekkar-elektromos-rollerhez;/g30-max-fekkar-elektromos-rollerhez;termek;Fékkar - Segway Ninebot G30 Max elektromos rollerhez;2517;FK08/10-422;g30-max-fekkar-elektromos-rollerhez;/termek/g30-max-fekkar-elektromos-rollerhez/;;;true;
https://elektromos-roller.net/fekkar-bal-kukirin-g2-g3-g4-elektromos-rollerhez;/fekkar-bal-kukirin-g2-g3-g4-elektromos-rollerhez;termek;Fékkar- bal - Kukirin G2/G3/G4 elektromos rollerhez;2528;FK12/10-421;fekkar-bal-kukirin-g2-g3-g4-elektromos-rollerhez;/termek/fekkar-bal-kukirin-g2-g3-g4-elektromos-rollerhez/;;;true;
https://elektromos-roller.net/10-os-kulso-gumi-elektromos-rollerhez-10x2-50;/10-os-kulso-gumi-elektromos-rollerhez-10x2-50;termek;"10""-os külső gumi elektromos rollerhez - 10x2.5";2533;KG25/24A-22;10-os-kulso-gumi-elektromos-rollerhez-10x2-50;/termek/10-os-kulso-gumi-elektromos-rollerhez-10x2-50/;;;true;
https://elektromos-roller.net/85-os-belso-gumi-90-os-szeleppel-elektromos-roller-alkatresz-ulip-2536;/85-os-belso-gumi-90-os-szeleppel-elektromos-roller-alkatresz-ulip-2536;termek;8.5x3.0-as belső gumi - 90°-os hosszú szeleppel - Kukirin G2 Pro elektromos rollerhez;2536;BELSO17;85-os-belso-gumi-90-os-szeleppel-elektromos-roller-alkatresz-ulip-2536;/termek/85-os-belso-gumi-90-os-szeleppel-elektromos-roller-alkatresz-ulip-2536/;85-os-belso-gumi-90-os-szeleppel-elektromos-roller-alkatresz-ulip;/termek/85-os-belso-gumi-90-os-szeleppel-elektromos-roller-alkatresz-ulip/;true;opcionálisan tisztítható: az -2536 utótag a Shoprenter azonosítója
https://elektromos-roller.net/85x30-as-belso-gumi-90-os-hosszu-szeleppel-kukirin-g2-pro-elektromos-rollerhez-2540;/85x30-as-belso-gumi-90-os-hosszu-szeleppel-kukirin-g2-pro-elektromos-rollerhez-2540;termek;8.5x2.0-as belső gumi - 90°-os hosszú szeleppel ;2540;BELSO18/16-332;85x30-as-belso-gumi-90-os-hosszu-szeleppel-kukirin-g2-pro-elektromos-rollerhez-2540;/termek/85x30-as-belso-gumi-90-os-hosszu-szeleppel-kukirin-g2-pro-elektromos-rollerhez-2540/;85x30-as-belso-gumi-90-os-hosszu-szeleppel-kukirin-g2-pro-elektromos-rollerhez;/termek/85x30-as-belso-gumi-90-os-hosszu-szeleppel-kukirin-g2-pro-elektromos-rollerhez/;true;opcionálisan tisztítható: az -2540 utótag a Shoprenter azonosítója
https://elektromos-roller.net/85-os-kulso-gumi-elektromos-rollerhez-terep-85x3-kukirin-g2-pro-elektromos-rollerhez-2541;/85-os-kulso-gumi-elektromos-rollerhez-terep-85x3-kukirin-g2-pro-elektromos-rollerhez-2541;termek;"8,5""-os külső gumi zselé réteggel elektromos rollerhez - 8.5x3 - Kukirin G2 Pro elektromos rollerhez";2541;KGZS13;85-os-kulso-gumi-elektromos-rollerhez-terep-85x3-kukirin-g2-pro-elektromos-rollerhez-2541;/termek/85-os-kulso-gumi-elektromos-rollerhez-terep-85x3-kukirin-g2-pro-elektromos-rollerhez-2541/;85-os-kulso-gumi-elektromos-rollerhez-terep-85x3-kukirin-g2-pro-elektromos-rollerhez;/termek/85-os-kulso-gumi-elektromos-rollerhez-terep-85x3-kukirin-g2-pro-elektromos-rollerhez/;true;opcionálisan tisztítható: az -2541 utótag a Shoprenter azonosítója
https://elektromos-roller.net/kukirin-g2-g4-elektromos-rollerhez-eredeti-led-lampa;/kukirin-g2-g4-elektromos-rollerhez-eredeti-led-lampa;termek;"Lámpa - Kukirin G2, G4 elektromos rollerhez";2543;LMP36;kukirin-g2-g4-elektromos-rollerhez-eredeti-led-lampa;/termek/kukirin-g2-g4-elektromos-rollerhez-eredeti-led-lampa/;;;true;
https://elektromos-roller.net/elektromos-roller-alkatresz-kulso-gumi-225-55-8;/elektromos-roller-alkatresz-kulso-gumi-225-55-8;termek;Külső gumi 18x9.5-8 - 225/55-8;2549;225/55-8;elektromos-roller-alkatresz-kulso-gumi-225-55-8;/termek/elektromos-roller-alkatresz-kulso-gumi-225-55-8/;;;true;
https://elektromos-roller.net/xiaomi-elektromos-roller-alkatresz-bal-fekkar-csengovel;/xiaomi-elektromos-roller-alkatresz-bal-fekkar-csengovel;termek;Bal fékkar - csengővel - Xiaomi M365 / 1S / Pro / Pro2 elektromos rollerhez;2555;FK17 - 10/421;xiaomi-elektromos-roller-alkatresz-bal-fekkar-csengovel;/termek/xiaomi-elektromos-roller-alkatresz-bal-fekkar-csengovel/;;;true;
https://elektromos-roller.net/kulso-gumi-elektromos-rollerhez-9x300-6-tubeless-2558;/kulso-gumi-elektromos-rollerhez-9x300-6-tubeless-2558;termek;Külső gumi elektromos rollerhez - 9x2.3;2558;KG27;kulso-gumi-elektromos-rollerhez-9x300-6-tubeless-2558;/termek/kulso-gumi-elektromos-rollerhez-9x300-6-tubeless-2558/;;;true;"azonosító-utótag (-2558), de a ""kulso-gumi-elektromos-rollerhez-9x300-6-tubeless"" slug már foglalt – maradjon változatlan"
https://elektromos-roller.net/elektromos-roller-kulso-gumi-12x3;/elektromos-roller-kulso-gumi-12x3;termek;Külső gumi 12x3;2563;KG28;elektromos-roller-kulso-gumi-12x3;/termek/elektromos-roller-kulso-gumi-12x3/;;;true;
https://elektromos-roller.net/11-os-belso-gumi-11-90-6-5;/11-os-belso-gumi-11-90-6-5;termek;"11""-os belső gumi - 110/90-6.5 - 90°-os szeleppel - Elektromos roller belső gumi";2568;BELSO19;11-os-belso-gumi-11-90-6-5;/termek/11-os-belso-gumi-11-90-6-5/;;;true;
https://elektromos-roller.net/10-os-kerek-belso-kulso-gumival-es-felnivel-elektromos-rollerhez-10x2-70-6-50;/10-os-kerek-belso-kulso-gumival-es-felnivel-elektromos-rollerhez-10x2-70-6-50;termek;"10""-os kerék  - külső-belső gumi és felni - elektromos rollerhez (10x2.70-6.5)";2570;FELNI08/ajtó mellett gumis rész;10-os-kerek-belso-kulso-gumival-es-felnivel-elektromos-rollerhez-10x2-70-6-50;/termek/10-os-kerek-belso-kulso-gumival-es-felnivel-elektromos-rollerhez-10x2-70-6-50/;;;true;
https://elektromos-roller.net/ulip-10x25-6070-65-tomor-gumi-belso-szelesseg-38mm-es-elektromos-rollerhez-alkatresz-2573;/ulip-10x25-6070-65-tomor-gumi-belso-szelesseg-38mm-es-elektromos-rollerhez-alkatresz-2573;termek;Ulip 10x2.5 (60/70-6.5) tömör gumi (belső szélesség: 36mm-es) - elektromos rollerhez alkatrész;2573;TM28;ulip-10x25-6070-65-tomor-gumi-belso-szelesseg-38mm-es-elektromos-rollerhez-alkatresz-2573;/termek/ulip-10x25-6070-65-tomor-gumi-belso-szelesseg-38mm-es-elektromos-rollerhez-alkatresz-2573/;ulip-10x25-6070-65-tomor-gumi-belso-szelesseg-38mm-es-elektromos-rollerhez-alkatresz;/termek/ulip-10x25-6070-65-tomor-gumi-belso-szelesseg-38mm-es-elektromos-rollerhez-alkatresz/;true;opcionálisan tisztítható: az -2573 utótag a Shoprenter azonosítója
https://elektromos-roller.net/10x3255x808065-6-tomor-gumi-elektromos-rollerhez;/10x3255x808065-6-tomor-gumi-elektromos-rollerhez;termek;10x3 / 255x80 tömör gumi elektromos rollerhez;2578;TM29;10x3255x808065-6-tomor-gumi-elektromos-rollerhez;/termek/10x3255x808065-6-tomor-gumi-elektromos-rollerhez/;;;true;
https://elektromos-roller.net/elektromos-roller-alkatresz-kulso-gumi-10x2125-tubeless-2586;/elektromos-roller-alkatresz-kulso-gumi-10x2125-tubeless-2586;termek; Elektromos roller - Alkatrész - Külső gumi - 10x2.30-6.5 - Tubeless;2586;KG32;elektromos-roller-alkatresz-kulso-gumi-10x2125-tubeless-2586;/termek/elektromos-roller-alkatresz-kulso-gumi-10x2125-tubeless-2586/;elektromos-roller-alkatresz-kulso-gumi-10x2125-tubeless;/termek/elektromos-roller-alkatresz-kulso-gumi-10x2125-tubeless/;true;opcionálisan tisztítható: az -2586 utótag a Shoprenter azonosítója
https://elektromos-roller.net/kukirin-g2-master-elektromos-roller-motor-1000w-48v-1;/kukirin-g2-master-elektromos-roller-motor-1000w-48v-1;termek;Kukirin G2 Master elektromos roller motor - 1000W - 48V;2588;MOTOR08/gumi-ajtó-mellett;kukirin-g2-master-elektromos-roller-motor-1000w-48v-1;/termek/kukirin-g2-master-elektromos-roller-motor-1000w-48v-1/;;;true;
https://elektromos-roller.net/lampa-kukirin-g2-master-elektromos-rollerhez;/lampa-kukirin-g2-master-elektromos-rollerhez;termek;Lámpa - Kukirin G2 Master elektromos rollerhez;2602;LMP42/5-3;lampa-kukirin-g2-master-elektromos-rollerhez;/termek/lampa-kukirin-g2-master-elektromos-rollerhez/;;;true;
https://elektromos-roller.net/80-65-6-5-kulso-gumi-elektromos-roller;/80-65-6-5-kulso-gumi-elektromos-roller;termek;80/65-6.5 külső gumi elektromos rollerhez;2607;KG36;80-65-6-5-kulso-gumi-elektromos-roller;/termek/80-65-6-5-kulso-gumi-elektromos-roller/;;;true;
https://elektromos-roller.net/lampa-kukirin-g2-pro-hatso-elektromos-rollerhez;/lampa-kukirin-g2-pro-hatso-elektromos-rollerhez;termek;Hátsó lámpa - Kukirin G2 Pro elektromos rollerhez;2621;LMP37;lampa-kukirin-g2-pro-hatso-elektromos-rollerhez;/termek/lampa-kukirin-g2-pro-hatso-elektromos-rollerhez/;;;true;
https://elektromos-roller.net/xiaomi-elektromos-roller-alkatresz-elso-villa;/xiaomi-elektromos-roller-alkatresz-elso-villa;termek;Xiaomi elektromos roller alkatrész - első villa ;2636;VILLA05 / 2-52;xiaomi-elektromos-roller-alkatresz-elso-villa;/termek/xiaomi-elektromos-roller-alkatresz-elso-villa/;;;true;
https://elektromos-roller.net/85-kulso-gumi-85x2-xiaomi-elektromos-roller-alkatresz-2641;/85-kulso-gumi-85x2-xiaomi-elektromos-roller-alkatresz-2641;termek;"8,5"" külső gumi 8.5''x2 - Xiaomi Elektromos Roller alkatrész";2641;KG01/B/21-4;85-kulso-gumi-85x2-xiaomi-elektromos-roller-alkatresz-2641;/termek/85-kulso-gumi-85x2-xiaomi-elektromos-roller-alkatresz-2641/;85-kulso-gumi-85x2-xiaomi-elektromos-roller-alkatresz;/termek/85-kulso-gumi-85x2-xiaomi-elektromos-roller-alkatresz/;true;opcionálisan tisztítható: az -2641 utótag a Shoprenter azonosítója
https://elektromos-roller.net/cst-85x200-55-kulso-gumi-elektromos-roller-alkatresz;/cst-85x200-55-kulso-gumi-elektromos-roller-alkatresz;termek;CST 8.5x2.00-5.5 külső gumi - Elektromos Roller alkatrész;2653;KG44;cst-85x200-55-kulso-gumi-elektromos-roller-alkatresz;/termek/cst-85x200-55-kulso-gumi-elektromos-roller-alkatresz/;;;true;
https://elektromos-roller.net/9065-65-tomor-gumi-elektromos-rollerhez;/9065-65-tomor-gumi-elektromos-rollerhez;termek;90/65-6.5 tömör gumi elektromos rollerhez;2662;TM33;9065-65-tomor-gumi-elektromos-rollerhez;/termek/9065-65-tomor-gumi-elektromos-rollerhez/;;;true;
https://elektromos-roller.net/7060-75-tomor-gumi-elektromos-rollerhez;/7060-75-tomor-gumi-elektromos-rollerhez;termek;70/60-7.5 tömör gumi elektromos rollerhez;2669;TM32;7060-75-tomor-gumi-elektromos-rollerhez;/termek/7060-75-tomor-gumi-elektromos-rollerhez/;;;true;
https://elektromos-roller.net/tomorkulso-gumi-elektromos-rollerhez-200x50-80x20;/tomorkulso-gumi-elektromos-rollerhez-200x50-80x20;termek;Tömör külső gumi elektromos rollerhez 200x50 (8.0x2.125);2671;TM37;tomorkulso-gumi-elektromos-rollerhez-200x50-80x20;/termek/tomorkulso-gumi-elektromos-rollerhez-200x50-80x20/;;;true;
https://elektromos-roller.net/9x2125-tomor-gumi-elektromos-rollerhez;/9x2125-tomor-gumi-elektromos-rollerhez;termek;9x2.125 tömör gumi elektromos rollerhez;2676;TM27;9x2125-tomor-gumi-elektromos-rollerhez;/termek/9x2125-tomor-gumi-elektromos-rollerhez/;;;true;
https://elektromos-roller.net/tomor-gumi-9x3-6-elektromos-rollerhez;/tomor-gumi-9x3-6-elektromos-rollerhez;termek;Tömör gumi 9x3-6 - elektromos rollerhez;2679;TM36;tomor-gumi-9x3-6-elektromos-rollerhez;/termek/tomor-gumi-9x3-6-elektromos-rollerhez/;;;true;
https://elektromos-roller.net/10-os-kulso-gumi-elektromos-rollerhez-defektturo-6070-7-ulip;/10-os-kulso-gumi-elektromos-rollerhez-defektturo-6070-7-ulip;termek;"10""-os külső gumi elektromos rollerhez - zselé réteggel - defekttűrő - 60/70-7 - ULIP";2688;KGZS07;10-os-kulso-gumi-elektromos-rollerhez-defektturo-6070-7-ulip;/termek/10-os-kulso-gumi-elektromos-rollerhez-defektturo-6070-7-ulip/;;;true;
https://elektromos-roller.net/kulso-gumi-zsele-reteggel-defektturo-10x2125;/kulso-gumi-zsele-reteggel-defektturo-10x2125;termek;Külső gumi zselé réteggel - defekttűrő - 10x2.125 ;2689;KGZS04;kulso-gumi-zsele-reteggel-defektturo-10x2125;/termek/kulso-gumi-zsele-reteggel-defektturo-10x2125/;;;true;
https://elektromos-roller.net/elektromos-roller-alkatresz-kulso-gumi-zsele-reteggel-10x230-65-defektturo;/elektromos-roller-alkatresz-kulso-gumi-zsele-reteggel-10x230-65-defektturo;termek; Elektromos roller - Alkatrész - Külső gumi zselé réteggel - 10x2.30-6.5 - defekttűrő;2693;KGZS14;elektromos-roller-alkatresz-kulso-gumi-zsele-reteggel-10x230-65-defektturo;/termek/elektromos-roller-alkatresz-kulso-gumi-zsele-reteggel-10x230-65-defektturo/;;;true;
https://elektromos-roller.net/9050r65-r-rain-rage-pmt-kulso-gumi-elektromos-rollerhez;/9050r65-r-rain-rage-pmt-kulso-gumi-elektromos-rollerhez;termek;90/50R6.5” R RAIN RAGE - PMT külső gumi elektromos rollerhez;2712;KG46;9050r65-r-rain-rage-pmt-kulso-gumi-elektromos-rollerhez;/termek/9050r65-r-rain-rage-pmt-kulso-gumi-elektromos-rollerhez/;;;true;
https://elektromos-roller.net/tuovt-kulso-gumi-9055-6;/tuovt-kulso-gumi-9055-6;termek;TUOVT külső gumi - 90/55-6;2713;KG17;tuovt-kulso-gumi-9055-6;/termek/tuovt-kulso-gumi-9055-6/;;;true;
https://elektromos-roller.net/tubeless-kulso-gumi-9055-6-elektromos-rollerre;/tubeless-kulso-gumi-9055-6-elektromos-rollerre;termek;Tubeless külső gumi - 90/55-6 - elektromos rollerre;2721;KG48/21-31;tubeless-kulso-gumi-9055-6-elektromos-rollerre;/termek/tubeless-kulso-gumi-9055-6-elektromos-rollerre/;;;true;
https://elektromos-roller.net/vezerlo-kukirin-g2-ultra-elektromos-roller-controller-motorvezerlo-elektronika-48v-18a-2744;/vezerlo-kukirin-g2-ultra-elektromos-roller-controller-motorvezerlo-elektronika-48v-18a-2744;termek;Vezérlő - KuKirin G2 Ultra- Elektromos roller Controller - Motorvezérlő elektronika 48V - 18Ah;2744;GLTRVZRLO;vezerlo-kukirin-g2-ultra-elektromos-roller-controller-motorvezerlo-elektronika-48v-18a-2744;/termek/vezerlo-kukirin-g2-ultra-elektromos-roller-controller-motorvezerlo-elektronika-48v-18a-2744/;vezerlo-kukirin-g2-ultra-elektromos-roller-controller-motorvezerlo-elektronika-48v-18a;/termek/vezerlo-kukirin-g2-ultra-elektromos-roller-controller-motorvezerlo-elektronika-48v-18a/;true;opcionálisan tisztítható: az -2744 utótag a Shoprenter azonosítója
https://elektromos-roller.net/kukirin-g2-ultra-kijelzo;/kukirin-g2-ultra-kijelzo;termek;Kukirin G2 Ultra kijelző ;2746;KKRNGLTRKIJ;kukirin-g2-ultra-kijelzo;/termek/kukirin-g2-ultra-kijelzo/;;;true;
https://elektromos-roller.net/xiaomi-m365-elektromos-roller-akkumulator-36v-12ah;/xiaomi-m365-elektromos-roller-akkumulator-36v-12ah;termek;"Xiaomi Mi Pro 2 elektromos roller akkumulátor - 36V - 12,8Ah";776;WHSH2021KIEGXMMPRO2AKKU;xiaomi-m365-elektromos-roller-akkumulator-36v-12ah;/termek/xiaomi-m365-elektromos-roller-akkumulator-36v-12ah/;;;true;
https://elektromos-roller.net/xiaomi-m365-essential-1s-akkumulator-lg-36v-7-8ah;/xiaomi-m365-essential-1s-akkumulator-lg-36v-7-8ah;termek;"Xiaomi M365, Essential, 1S elektromos roller akkumulátor -LG cellákból - 36V - 7,8Ah";1872;AKK04/11-2;xiaomi-m365-essential-1s-akkumulator-lg-36v-7-8ah;/termek/xiaomi-m365-essential-1s-akkumulator-lg-36v-7-8ah/;;;true;
https://elektromos-roller.net/xiaomi-akkumulator-elektromos-roller-36v-7-5ah;/xiaomi-akkumulator-elektromos-roller-36v-7-5ah;termek;"Whoosh akkumulátor - Xiaomi elektromos rollerhez - 36V - 7,5Ah - 270Wh";2049;AKK02/11-2;xiaomi-akkumulator-elektromos-roller-36v-7-5ah;/termek/xiaomi-akkumulator-elektromos-roller-36v-7-5ah/;;;true;
https://elektromos-roller.net/elektromos-roller-tomor-lyukacsos-gumi-705;/elektromos-roller-tomor-lyukacsos-gumi-705;termek;"8""-os külső tömör lyukacsos gumi Kugoo S1 Pro, S1 Plus elektromos rollerhez - 8x2.0";708;TM11/19-32/üzletben;elektromos-roller-tomor-lyukacsos-gumi-705;/termek/elektromos-roller-tomor-lyukacsos-gumi-705/;;;true;
https://elektromos-roller.net/85-os-hatso-kerek-tomor-gumival-xiaomi-m365-elektromos-rollerhez-85x2-1143;/85-os-hatso-kerek-tomor-gumival-xiaomi-m365-elektromos-rollerhez-85x2-1143;termek;"8,5""-os hátsó kerék tömör gumival Xiaomi M365, 1S, Essential  elektromos rollerhez - 8,5x2";1143;ULIP157;85-os-hatso-kerek-tomor-gumival-xiaomi-m365-elektromos-rollerhez-85x2-1143;/termek/85-os-hatso-kerek-tomor-gumival-xiaomi-m365-elektromos-rollerhez-85x2-1143/;85-os-hatso-kerek-tomor-gumival-xiaomi-m365-elektromos-rollerhez-85x2;/termek/85-os-hatso-kerek-tomor-gumival-xiaomi-m365-elektromos-rollerhez-85x2/;true;opcionálisan tisztítható: az -1143 utótag a Shoprenter azonosítója
https://elektromos-roller.net/85-os-hatso-kerek-tomor-gumival-xiaomi-pro-elektromos-rollerhez-85x2-1145;/85-os-hatso-kerek-tomor-gumival-xiaomi-pro-elektromos-rollerhez-85x2-1145;termek;"8,5""-os hátsó kerék tömör gumival Xiaomi Pro, Pro 2 elektromos rollerhez - 8,5x2";1145;ULIP146;85-os-hatso-kerek-tomor-gumival-xiaomi-pro-elektromos-rollerhez-85x2-1145;/termek/85-os-hatso-kerek-tomor-gumival-xiaomi-pro-elektromos-rollerhez-85x2-1145/;85-os-hatso-kerek-tomor-gumival-xiaomi-pro-elektromos-rollerhez-85x2;/termek/85-os-hatso-kerek-tomor-gumival-xiaomi-pro-elektromos-rollerhez-85x2/;true;opcionálisan tisztítható: az -1145 utótag a Shoprenter azonosítója
https://elektromos-roller.net/85-os-tomor-lyukacsos-gumi-xiaomi-elektromos-rollerhez;/85-os-tomor-lyukacsos-gumi-xiaomi-elektromos-rollerhez;termek;"8,5""-os  tömör lyukacsos gumi - XIAOMI elektromos rollerhez - 8.5x2 - ";1193;TM12/19-33/ULIP26;85-os-tomor-lyukacsos-gumi-xiaomi-elektromos-rollerhez;/termek/85-os-tomor-lyukacsos-gumi-xiaomi-elektromos-rollerhez/;;;true;
https://elektromos-roller.net/85-os-tomor-szegecses-gumi-xiaomi-elektromos-rollerhez-85x2;/85-os-tomor-szegecses-gumi-xiaomi-elektromos-rollerhez-85x2;termek;"8,5""-os  tömör szegecses gumi Xiaomi elektromos rollerhez - 8,5x2";1214;TM10/19-31/üzletben;85-os-tomor-szegecses-gumi-xiaomi-elektromos-rollerhez-85x2;/termek/85-os-tomor-szegecses-gumi-xiaomi-elektromos-rollerhez-85x2/;;;true;
https://elektromos-roller.net/85-os-piros-pottyos-tomor-gumi-xiaomi-elektromos-rollerhez-85x2;/85-os-piros-pottyos-tomor-gumi-xiaomi-elektromos-rollerhez-85x2;termek;"8,5""-os piros pöttyös tömör gumi Xiaomi elektromos rollerhez - 8,5x2";1242;TM15/19-43/ULIP177;85-os-piros-pottyos-tomor-gumi-xiaomi-elektromos-rollerhez-85x2;/termek/85-os-piros-pottyos-tomor-gumi-xiaomi-elektromos-rollerhez-85x2/;;;true;
https://elektromos-roller.net/risingsun-kulso-tomor-gumi-kugoo-kirin-x1-elektromos-rollerhez-200x60;/risingsun-kulso-tomor-gumi-kugoo-kirin-x1-elektromos-rollerhez-200x60;termek;Risingsun külső tömör gumi Kugoo Kirin X1 elektromos rollerhez - 200x60;1248;WHSH2021KIEG200X60TMRGM;risingsun-kulso-tomor-gumi-kugoo-kirin-x1-elektromos-rollerhez-200x60;/termek/risingsun-kulso-tomor-gumi-kugoo-kirin-x1-elektromos-rollerhez-200x60/;;;true;
https://elektromos-roller.net/10-os-tomor-gumi-elektromos-rollerhez-10x250;/10-os-tomor-gumi-elektromos-rollerhez-10x250;termek;"10""-os tömör gumi elektromos rollerhez 10x2.50 -  Segway F és G szériás elektromos rollerhez";1265;TM06/18-23;10-os-tomor-gumi-elektromos-rollerhez-10x250;/termek/10-os-tomor-gumi-elektromos-rollerhez-10x250/;;;true;
https://elektromos-roller.net/10-os-tomor-piros-potyos-gumi-elektromos-rollerhez-10x2-5;/10-os-tomor-piros-potyos-gumi-elektromos-rollerhez-10x2-5;termek;"10""-os tömör piros pöttyös gumi elektromos rollerhez 10x2.50";1268;WHSH2021ALK10CLPTTYTMRGM10x2-5;10-os-tomor-piros-potyos-gumi-elektromos-rollerhez-10x2-5;/termek/10-os-tomor-piros-potyos-gumi-elektromos-rollerhez-10x2-5/;;;true;
https://elektromos-roller.net/85-os-hatso-kerek-felfujhato-gumival-xiaomi-pro-elektromos-rollerhez-85x2-1329;/85-os-hatso-kerek-felfujhato-gumival-xiaomi-pro-elektromos-rollerhez-85x2-1329;termek;"8,5""-os hátsó kerék felfújható gumival Xiaomi Pro, Pro 2 elektromos rollerhez - 8,5x2";1329;FELNI04/17-14/17-23;85-os-hatso-kerek-felfujhato-gumival-xiaomi-pro-elektromos-rollerhez-85x2-1329;/termek/85-os-hatso-kerek-felfujhato-gumival-xiaomi-pro-elektromos-rollerhez-85x2-1329/;85-os-hatso-kerek-felfujhato-gumival-xiaomi-pro-elektromos-rollerhez-85x2;/termek/85-os-hatso-kerek-felfujhato-gumival-xiaomi-pro-elektromos-rollerhez-85x2/;true;opcionálisan tisztítható: az -1329 utótag a Shoprenter azonosítója
https://elektromos-roller.net/85-os-hatso-kerek-felfujhato-hota-gumival-xiaomi-m365-elektromos-rollerhez-85x2-1421;/85-os-hatso-kerek-felfujhato-hota-gumival-xiaomi-m365-elektromos-rollerhez-85x2-1421;termek;"8,5""-os hátsó kerék felfújható gumival Xiaomi M365, 1S, Essential elektromos rollerhez - 8,5x2";1421;FELNI07/cső alatt;85-os-hatso-kerek-felfujhato-hota-gumival-xiaomi-m365-elektromos-rollerhez-85x2-1421;/termek/85-os-hatso-kerek-felfujhato-hota-gumival-xiaomi-m365-elektromos-rollerhez-85x2-1421/;85-os-hatso-kerek-felfujhato-hota-gumival-xiaomi-m365-elektromos-rollerhez-85x2;/termek/85-os-hatso-kerek-felfujhato-hota-gumival-xiaomi-m365-elektromos-rollerhez-85x2/;true;opcionálisan tisztítható: az -1421 utótag a Shoprenter azonosítója
https://elektromos-roller.net/9-os-kulso-gumi-elektromos-rollerhez-9x2-230x50-155;/9-os-kulso-gumi-elektromos-rollerhez-9x2-230x50-155;termek;"9""-os külső gumi elektromos rollerhez 9x2 - 230x50-155";1509;KG45 - cső mögött;9-os-kulso-gumi-elektromos-rollerhez-9x2-230x50-155;/termek/9-os-kulso-gumi-elektromos-rollerhez-9x2-230x50-155/;;;true;
https://elektromos-roller.net/85-os-tomor-lyukacsos-gumi-xiaomi-elektromos-rollerhez-85x2;/85-os-tomor-lyukacsos-gumi-xiaomi-elektromos-rollerhez-85x2;termek;"8,5""-os  tömör lyukacsos gumi Xiaomi elektromos rollerhez - 8,5x2 - piros";1547;TM20/üzletben/ULIP662;85-os-tomor-lyukacsos-gumi-xiaomi-elektromos-rollerhez-85x2;/termek/85-os-tomor-lyukacsos-gumi-xiaomi-elektromos-rollerhez-85x2/;;;true;
https://elektromos-roller.net/tubeless-kulso-gumi-belso-zsele-reteggel-elektromos-rollerekhez;/tubeless-kulso-gumi-belso-zsele-reteggel-elektromos-rollerekhez;termek;"8,5""-os Tubeless külső gumi zselé réteggel - defektálló - 8,5x2 - Xiaomi típusú elektromos rollerhez";1571;KGZS01/23-11;tubeless-kulso-gumi-belso-zsele-reteggel-elektromos-rollerekhez;/termek/tubeless-kulso-gumi-belso-zsele-reteggel-elektromos-rollerekhez/;;;true;
https://elektromos-roller.net/85-os-kek-csikos-tomor-gumi-elektromos-rollerhez-85x25-feszitorud;/85-os-kek-csikos-tomor-gumi-elektromos-rollerhez-85x25-feszitorud;termek;"8,5""-os kék csíkos tömör gumi elektromos rollerhez + 25 cm feszítőrúd - 8.5x2.5 - belső szélesség: 56 mm";1674;ULIP55;85-os-kek-csikos-tomor-gumi-elektromos-rollerhez-85x25-feszitorud;/termek/85-os-kek-csikos-tomor-gumi-elektromos-rollerhez-85x25-feszitorud/;;;true;
https://elektromos-roller.net/85-os-piros-csikos-tomor-gumi-xiaomi-elektromos-rollerhez-85x2-1909;/85-os-piros-csikos-tomor-gumi-xiaomi-elektromos-rollerhez-85x2-1909;termek;"8,5""-os piros csíkos tömör gumi elektromos rollerhez - 8,5x2 (50-134)";1909;WHSH2024TMRGM8SFLx250134;85-os-piros-csikos-tomor-gumi-xiaomi-elektromos-rollerhez-85x2-1909;/termek/85-os-piros-csikos-tomor-gumi-xiaomi-elektromos-rollerhez-85x2-1909/;85-os-piros-csikos-tomor-gumi-xiaomi-elektromos-rollerhez-85x2;/termek/85-os-piros-csikos-tomor-gumi-xiaomi-elektromos-rollerhez-85x2/;true;opcionálisan tisztítható: az -1909 utótag a Shoprenter azonosítója
https://elektromos-roller.net/85-os-kulso-gumi-elektromos-rollerhez-85x2-50-75-61;/85-os-kulso-gumi-elektromos-rollerhez-85x2-50-75-61;termek;"8,5""-os Ulip külső gumi - tubeless - 8.5x2 (50/75-6.1) - elektromos rollerhez";1925;ULIP105/24B-41;85-os-kulso-gumi-elektromos-rollerhez-85x2-50-75-61;/termek/85-os-kulso-gumi-elektromos-rollerhez-85x2-50-75-61/;;;true;
https://elektromos-roller.net/10-os-nylon-kulso-gumi-belso-zsele-reteggel-elektromos-rollerhez-10x250-65;/10-os-nylon-kulso-gumi-belso-zsele-reteggel-elektromos-rollerhez-10x250-65;termek;"10""-os külső gumi zselé réteggel - defektálló - elektromos rollerhez - 10x2.50-6.5 - Ulip";1926;KGZS10/üzletben/ULIP32;10-os-nylon-kulso-gumi-belso-zsele-reteggel-elektromos-rollerhez-10x250-65;/termek/10-os-nylon-kulso-gumi-belso-zsele-reteggel-elektromos-rollerhez-10x250-65/;;;true;
https://elektromos-roller.net/85-os-piros-csikos-tomor-gumi-elektromos-rollerhez-85x25;/85-os-piros-csikos-tomor-gumi-elektromos-rollerhez-85x25;termek;"8,5""-os piros csíkos tömör gumi elektromos rollerhez - 8.5x2.5 ";1929;TM35;85-os-piros-csikos-tomor-gumi-elektromos-rollerhez-85x25;/termek/85-os-piros-csikos-tomor-gumi-elektromos-rollerhez-85x25/;;;true;
https://elektromos-roller.net/85-os-piros-csikos-tomor-gumi-xiaomi-elektromos-rollerhez-85x2-1932;/85-os-piros-csikos-tomor-gumi-xiaomi-elektromos-rollerhez-85x2-1932;termek;"8,5""-os piros csíkos tömör gumi Xiaomi elektromos rollerhez - 8.5x2 ";1932;TM17/19-42;85-os-piros-csikos-tomor-gumi-xiaomi-elektromos-rollerhez-85x2-1932;/termek/85-os-piros-csikos-tomor-gumi-xiaomi-elektromos-rollerhez-85x2-1932/;85-os-piros-csikos-tomor-gumi-xiaomi-elektromos-rollerhez-85x2;/termek/85-os-piros-csikos-tomor-gumi-xiaomi-elektromos-rollerhez-85x2/;true;opcionálisan tisztítható: az -1932 utótag a Shoprenter azonosítója
https://elektromos-roller.net/kulso-gumi-belso-zsele-reteggel-defektallo-elektromos-rollerhez-100-55-65-ulip;/kulso-gumi-belso-zsele-reteggel-defektallo-elektromos-rollerhez-100-55-65-ulip;termek;Külső gumi zselé réteggel - defektálló - 100/55-6.5 - elektromos rollerhez -  ulip;1973;KGZS09/üzletben/ULIP388;kulso-gumi-belso-zsele-reteggel-defektallo-elektromos-rollerhez-100-55-65-ulip;/termek/kulso-gumi-belso-zsele-reteggel-defektallo-elektromos-rollerhez-100-55-65-ulip/;;;true;
https://elektromos-roller.net/10-os-kulso-gumi-zsele-reteggel-defektallo-elektromos-rollerhez-80-55-7-cordial;/10-os-kulso-gumi-zsele-reteggel-defektallo-elektromos-rollerhez-80-55-7-cordial;termek;80/55-7.0 (10.5x3.0) Külső gumi zselé réteggel - defektálló - elektromos rollerhez ;2232;ULIP46;10-os-kulso-gumi-zsele-reteggel-defektallo-elektromos-rollerhez-80-55-7-cordial;/termek/10-os-kulso-gumi-zsele-reteggel-defektallo-elektromos-rollerhez-80-55-7-cordial/;;;true;
https://elektromos-roller.net/kulso-gumi-100-55-65-elektromos-rollerhez-ulip;/kulso-gumi-100-55-65-elektromos-rollerhez-ulip;termek;Külső gumi - 100/55-6.5 - elektromos rollerhez -  Ulip;2237;ULIP156;kulso-gumi-100-55-65-elektromos-rollerhez-ulip;/termek/kulso-gumi-100-55-65-elektromos-rollerhez-ulip/;;;true;
https://elektromos-roller.net/85-os-tubeless-kulso-gumi-zsele-reteggel-defektallo-85x2-xiaomi-tipusu-elektromos-rollerhez-2251;/85-os-tubeless-kulso-gumi-zsele-reteggel-defektallo-85x2-xiaomi-tipusu-elektromos-rollerhez-2251;termek;Külső gumi zselé réteggel - defektálló - CST 250x54 - elektromos rollerhez;2251;ULIP284;85-os-tubeless-kulso-gumi-zsele-reteggel-defektallo-85x2-xiaomi-tipusu-elektromos-rollerhez-2251;/termek/85-os-tubeless-kulso-gumi-zsele-reteggel-defektallo-85x2-xiaomi-tipusu-elektromos-rollerhez-2251/;85-os-tubeless-kulso-gumi-zsele-reteggel-defektallo-85x2-xiaomi-tipusu-elektromos-rollerhez;/termek/85-os-tubeless-kulso-gumi-zsele-reteggel-defektallo-85x2-xiaomi-tipusu-elektromos-rollerhez/;true;opcionálisan tisztítható: az -2251 utótag a Shoprenter azonosítója
https://elektromos-roller.net/kulso-gumi-zsele-reteggel-defektallo-elektromos-rollerhez-125-2125;/kulso-gumi-zsele-reteggel-defektallo-elektromos-rollerhez-125-2125;termek;Külső gumi zselé réteggel - defektálló - elektromos rollerhez - 12.5x2.125 (57-203) - Ulip;2270;ULIP646;kulso-gumi-zsele-reteggel-defektallo-elektromos-rollerhez-125-2125;/termek/kulso-gumi-zsele-reteggel-defektallo-elektromos-rollerhez-125-2125/;;;true;
https://elektromos-roller.net/9-os-kulso-gumi-elektromos-rollerhez-92-2;/9-os-kulso-gumi-elektromos-rollerhez-92-2;termek;"9""-os külső gumi elektromos rollerhez 9.2x2 - Xiaomi M365 1S Pro Pro2 elektromos rollerhez";2271;ULIP647;9-os-kulso-gumi-elektromos-rollerhez-92-2;/termek/9-os-kulso-gumi-elektromos-rollerhez-92-2/;;;true;
https://elektromos-roller.net/kulso-gumi-zsele-reteggel-defektallo-elektromos-rollerhez-70-80-65;/kulso-gumi-zsele-reteggel-defektallo-elektromos-rollerhez-70-80-65;termek;Külső gumi zselé réteggel - defektálló - elektromos rollerhez - 70/80-6.5 - Ulip;2273;ULIP648;kulso-gumi-zsele-reteggel-defektallo-elektromos-rollerhez-70-80-65;/termek/kulso-gumi-zsele-reteggel-defektallo-elektromos-rollerhez-70-80-65/;;;true;
https://elektromos-roller.net/60-65-9-5-kulso-gumi-zsele-reteggel-defektallo-elektromos-rollerhez;/60-65-9-5-kulso-gumi-zsele-reteggel-defektallo-elektromos-rollerhez;termek;60/65-6.9 Külső gumi zselé réteggel - defektálló - elektromos rollerhez ;2279;ULIP175;60-65-9-5-kulso-gumi-zsele-reteggel-defektallo-elektromos-rollerhez;/termek/60-65-9-5-kulso-gumi-zsele-reteggel-defektallo-elektromos-rollerhez/;;;true;
https://elektromos-roller.net/60-65-69-kulso-gumi-elektromos-rollerhez-ulip;/60-65-69-kulso-gumi-elektromos-rollerhez-ulip;termek;"60/65-6.9 Külső gumi - Ulip - Ninebot Max G2, G65 elektromos rollerhez ";2285;ULIP319;60-65-69-kulso-gumi-elektromos-rollerhez-ulip;/termek/60-65-69-kulso-gumi-elektromos-rollerhez-ulip/;;;true;
https://elektromos-roller.net/kulso-gumi-70-65-6-5-elektromos-rollerhez-ulip;/kulso-gumi-70-65-6-5-elektromos-rollerhez-ulip;termek;Külső gumi - 70/65-6.5 - elektromos rollerhez -  Ulip;2288;ULIP331;kulso-gumi-70-65-6-5-elektromos-rollerhez-ulip;/termek/kulso-gumi-70-65-6-5-elektromos-rollerhez-ulip/;;;true;
https://elektromos-roller.net/80-55-7-105x30-kulso-gumi-elektromos-rollerhez-cordial;/80-55-7-105x30-kulso-gumi-elektromos-rollerhez-cordial;termek;80/55-7.0 (10.5x3.0) Külső gumi  - elektromos rollerhez - Cordial;2292;ULIP147;80-55-7-105x30-kulso-gumi-elektromos-rollerhez-cordial;/termek/80-55-7-105x30-kulso-gumi-elektromos-rollerhez-cordial/;;;true;
https://elektromos-roller.net/10-os-kulso-gumi-zsele-reteggel-defektallo-elektromos-rollerhez-10x270-65-ulip;/10-os-kulso-gumi-zsele-reteggel-defektallo-elektromos-rollerhez-10x270-65-ulip;termek;"10""-os külső gumi zselé réteggel - defektálló - elektromos rollerhez - 10x2.70-6.5 - Ulip";2299;ULIP653;10-os-kulso-gumi-zsele-reteggel-defektallo-elektromos-rollerhez-10x270-65-ulip;/termek/10-os-kulso-gumi-zsele-reteggel-defektallo-elektromos-rollerhez-10x270-65-ulip/;;;true;
https://elektromos-roller.net/10-5-2-75-kulso-gumi-elektromos-rollerhez;/10-5-2-75-kulso-gumi-elektromos-rollerhez;termek;Külső gumi  - elektromos rollerhez - 10.5x2.75 - Ulip;2304;ULIP656;10-5-2-75-kulso-gumi-elektromos-rollerhez;/termek/10-5-2-75-kulso-gumi-elektromos-rollerhez/;;;true;
https://elektromos-roller.net/kulso-gumi-250x54-elektromos-rollerhez-ulip;/kulso-gumi-250x54-elektromos-rollerhez-ulip;termek;Külső gumi -  250x54 - Xiaomi 4 elektromos rollerhez - Ulip;2307;ULIP657/21-42;kulso-gumi-250x54-elektromos-rollerhez-ulip;/termek/kulso-gumi-250x54-elektromos-rollerhez-ulip/;;;true;
https://elektromos-roller.net/60-70-65-kulso-gumi-zsele-reteggel-defektallo-elektromos-rollerhez;/60-70-65-kulso-gumi-zsele-reteggel-defektallo-elektromos-rollerhez;termek;"60/70-6.5 Külső gumi zselé réteggel - defektálló - elektromos rollerhez- 10""";2308;ULIP234/24B-12;60-70-65-kulso-gumi-zsele-reteggel-defektallo-elektromos-rollerhez;/termek/60-70-65-kulso-gumi-zsele-reteggel-defektallo-elektromos-rollerhez/;;;true;
https://elektromos-roller.net/kulso-gumi-7065-65-elektromos-rollerhez-ulip-2314;/kulso-gumi-7065-65-elektromos-rollerhez-ulip-2314;termek;Külső gumi - 70/65-6.5 - Tubeless - utcai - elektromos rollerhez -  Ulip;2314;ULIP492;kulso-gumi-7065-65-elektromos-rollerhez-ulip-2314;/termek/kulso-gumi-7065-65-elektromos-rollerhez-ulip-2314/;kulso-gumi-7065-65-elektromos-rollerhez-ulip;/termek/kulso-gumi-7065-65-elektromos-rollerhez-ulip/;true;opcionálisan tisztítható: az -2314 utótag a Shoprenter azonosítója
https://elektromos-roller.net/10x270-65-os-kulso-gumi-elektromos-rollerhez-tubeless;/10x270-65-os-kulso-gumi-elektromos-rollerhez-tubeless;termek;"10""-os külső gumi elektromos rollerhez - 10x2.70-6.5 - Ulip - Tubeless";2315;ULIP392;10x270-65-os-kulso-gumi-elektromos-rollerhez-tubeless;/termek/10x270-65-os-kulso-gumi-elektromos-rollerhez-tubeless/;;;true;
https://elektromos-roller.net/85-os-kek-csikos-tomor-gumi-elektromos-rollerhez-25-cm-feszitorud-85x25-belso-szelesseg-56-mm-2343;/85-os-kek-csikos-tomor-gumi-elektromos-rollerhez-25-cm-feszitorud-85x25-belso-szelesseg-56-mm-2343;termek;"8,5""-os kék csíkos tömör gumi elektromos rollerhez - 8.5x2.5 - belső szélesség: 56 mm";2343;ULIP367;85-os-kek-csikos-tomor-gumi-elektromos-rollerhez-25-cm-feszitorud-85x25-belso-szelesseg-56-mm-2343;/termek/85-os-kek-csikos-tomor-gumi-elektromos-rollerhez-25-cm-feszitorud-85x25-belso-szelesseg-56-mm-2343/;85-os-kek-csikos-tomor-gumi-elektromos-rollerhez-25-cm-feszitorud-85x25-belso-szelesseg-56-mm;/termek/85-os-kek-csikos-tomor-gumi-elektromos-rollerhez-25-cm-feszitorud-85x25-belso-szelesseg-56-mm/;true;opcionálisan tisztítható: az -2343 utótag a Shoprenter azonosítója
https://elektromos-roller.net/kulso-gumi-elektromos-rollerhez-8x3-5;/kulso-gumi-elektromos-rollerhez-8x3-5;termek;Külső gumi  - elektromos rollerhez - 8x3.00-5 - Tubeless;2344;ULIP221;kulso-gumi-elektromos-rollerhez-8x3-5;/termek/kulso-gumi-elektromos-rollerhez-8x3-5/;;;true;
https://elektromos-roller.net/6070-65-kulso-gumi-zsele-reteggel-defektallo-elektromos-rollerhez-innova;/6070-65-kulso-gumi-zsele-reteggel-defektallo-elektromos-rollerhez-innova;termek;"60/70-6.5 Külső gumi zselé réteggel - defektálló - elektromos rollerhez- 10"" - Innova";2348;ULIP464;6070-65-kulso-gumi-zsele-reteggel-defektallo-elektromos-rollerhez-innova;/termek/6070-65-kulso-gumi-zsele-reteggel-defektallo-elektromos-rollerhez-innova/;;;true;
https://elektromos-roller.net/9-5-2-5-kulso-gumi-zsele-reteggel-defektallo-elektromos-rollerhez;/9-5-2-5-kulso-gumi-zsele-reteggel-defektallo-elektromos-rollerhez;termek;"9.5x2.5 Külső gumi zselé réteggel - defektálló - elektromos rollerhez - 9,5""";2362;ULIP268;9-5-2-5-kulso-gumi-zsele-reteggel-defektallo-elektromos-rollerhez;/termek/9-5-2-5-kulso-gumi-zsele-reteggel-defektallo-elektromos-rollerhez/;;;true;
https://elektromos-roller.net/tomor-gumi-elektromos-rollerhez-10x270-65-piros-csik;/tomor-gumi-elektromos-rollerhez-10x270-65-piros-csik;termek;"10""-os tömör gumi piros csíkkal - 10x2.70-6.5 (10x2.75)- elektromos roller alkatrész";2365;ULIP663;tomor-gumi-elektromos-rollerhez-10x270-65-piros-csik;/termek/tomor-gumi-elektromos-rollerhez-10x270-65-piros-csik/;;;true;
https://elektromos-roller.net/kulso-gumi-elektromos-rollerhez-10x270-65-chaoyang-tubeless;/kulso-gumi-elektromos-rollerhez-10x270-65-chaoyang-tubeless;termek;"10""-os külső gumi elektromos rollerhez - 10x2.70-6.5 - Chaoyang - Tubeless";2372;ULIP275/24A-42;kulso-gumi-elektromos-rollerhez-10x270-65-chaoyang-tubeless;/termek/kulso-gumi-elektromos-rollerhez-10x270-65-chaoyang-tubeless/;;;true;
https://elektromos-roller.net/10-os-tomor-gumi-elektromos-rollerhez-10x270-65-fekete;/10-os-tomor-gumi-elektromos-rollerhez-10x270-65-fekete;termek;"10""-os tömör gumi - 10x2.70-6.5 (10x2.75)- elektromos roller alkatrész";2374;ULIP301;10-os-tomor-gumi-elektromos-rollerhez-10x270-65-fekete;/termek/10-os-tomor-gumi-elektromos-rollerhez-10x270-65-fekete/;;;true;
https://elektromos-roller.net/tomor-gumi-10x270-65-54-3mm-elektromos-roller-alkatresz;/tomor-gumi-10x270-65-54-3mm-elektromos-roller-alkatresz;termek;"10""-os tömör gumi - 10x2.70-6.5- elektromos roller alkatrész (belső szélesség: 51 mm)";2375;ULIP374;tomor-gumi-10x270-65-54-3mm-elektromos-roller-alkatresz;/termek/tomor-gumi-10x270-65-54-3mm-elektromos-roller-alkatresz/;;;true;
https://elektromos-roller.net/kulso-gumi-elektromos-rollerhez-7080-65-ulip;/kulso-gumi-elektromos-rollerhez-7080-65-ulip;termek;Ulip külső gumi - elektromos rollerhez - 70/80-6.5 - Tubeless;2387;ULIP298;kulso-gumi-elektromos-rollerhez-7080-65-ulip;/termek/kulso-gumi-elektromos-rollerhez-7080-65-ulip/;;;true;
https://elektromos-roller.net/10-os-kulso-gumi-elektromos-rollerhez-10x270-65-ulip;/10-os-kulso-gumi-elektromos-rollerhez-10x270-65-ulip;termek;"10""-os külső gumi -tubeless - 10x2.70-6.5 - Ulip - elektromos rollerhez";2389;ULIP637;10-os-kulso-gumi-elektromos-rollerhez-10x270-65-ulip;/termek/10-os-kulso-gumi-elektromos-rollerhez-10x270-65-ulip/;;;true;
https://elektromos-roller.net/85-os-ulip-kulso-gumi-zsele-reteggel-defektallo-elektromos-rollerhez-85x2-5075-61-2391;/85-os-ulip-kulso-gumi-zsele-reteggel-defektallo-elektromos-rollerhez-85x2-5075-61-2391;termek;"8,5""-os Ulip külső gumi zselé réteggel - defektálló - elektromos rollerhez - 8.5x2 (50/75-6.1)";2391;KGZS02/22-41/üzletben/ULIP569;85-os-ulip-kulso-gumi-zsele-reteggel-defektallo-elektromos-rollerhez-85x2-5075-61-2391;/termek/85-os-ulip-kulso-gumi-zsele-reteggel-defektallo-elektromos-rollerhez-85x2-5075-61-2391/;85-os-ulip-kulso-gumi-zsele-reteggel-defektallo-elektromos-rollerhez-85x2-5075-61;/termek/85-os-ulip-kulso-gumi-zsele-reteggel-defektallo-elektromos-rollerhez-85x2-5075-61/;true;opcionálisan tisztítható: az -2391 utótag a Shoprenter azonosítója
https://elektromos-roller.net/tubeless-kulso-gumi-zsele-reteggel-defektallo-10-275-65;/tubeless-kulso-gumi-zsele-reteggel-defektallo-10-275-65;termek;"10""-os Tubeless külső gumi zselé réteggel - defektálló - 10x2.75-6.5 - Kukirin G2 elektromos rollerhez";2477;KGZS12;tubeless-kulso-gumi-zsele-reteggel-defektallo-10-275-65;/termek/tubeless-kulso-gumi-zsele-reteggel-defektallo-10-275-65/;;;true;
https://elektromos-roller.net/kulso-gumi-cst-250x54-elektromos-rollerhez;/kulso-gumi-cst-250x54-elektromos-rollerhez;termek;Külső gumi - CST 250x54 - elektromos rollerhez;2581;KG30;kulso-gumi-cst-250x54-elektromos-rollerhez;/termek/kulso-gumi-cst-250x54-elektromos-rollerhez/;;;true;
https://elektromos-roller.net/kulso-gumi-cst-250x64-elektromos-rollerhez-2583;/kulso-gumi-cst-250x64-elektromos-rollerhez-2583;termek;Külső gumi - CST 250x64 - elektromos rollerhez;2583;KG31;kulso-gumi-cst-250x64-elektromos-rollerhez-2583;/termek/kulso-gumi-cst-250x64-elektromos-rollerhez-2583/;kulso-gumi-cst-250x64-elektromos-rollerhez;/termek/kulso-gumi-cst-250x64-elektromos-rollerhez/;true;opcionálisan tisztítható: az -2583 utótag a Shoprenter azonosítója
https://elektromos-roller.net/10-os-kulso-gumi-elektromos-rollerhez-10x250-60-85-6;/10-os-kulso-gumi-elektromos-rollerhez-10x250-60-85-6;termek;"10x2.50 - 60/85-6 - 10""-os külső gumi  elektromos rollerhez ";2599;KG33;10-os-kulso-gumi-elektromos-rollerhez-10x250-60-85-6;/termek/10-os-kulso-gumi-elektromos-rollerhez-10x250-60-85-6/;;;true;
https://elektromos-roller.net/10-os-kulso-gumi-elektromos-rollerhez-10x250-65-ulip-2601;/10-os-kulso-gumi-elektromos-rollerhez-10x250-65-ulip-2601;termek;"10""-os tubeless külső gumi - elektromos rollerhez - 10x2.50-6.5 - Ulip";2601;KG34;10-os-kulso-gumi-elektromos-rollerhez-10x250-65-ulip-2601;/termek/10-os-kulso-gumi-elektromos-rollerhez-10x250-65-ulip-2601/;10-os-kulso-gumi-elektromos-rollerhez-10x250-65-ulip;/termek/10-os-kulso-gumi-elektromos-rollerhez-10x250-65-ulip/;true;opcionálisan tisztítható: az -2601 utótag a Shoprenter azonosítója
https://elektromos-roller.net/10-os-kulso-gumi-10x275-65-tubeless-kukirin-g2-g2-master-2025-m4-max-elektromos-rollerhez-2604;/10-os-kulso-gumi-10x275-65-tubeless-kukirin-g2-g2-master-2025-m4-max-elektromos-rollerhez-2604;termek;"10""-os külső gumi - 10x2.75-6.5  - Tubeless - Kukirin G2, G2 Master (2025), M4 Max elektromos rollerhez";2604;KG35;10-os-kulso-gumi-10x275-65-tubeless-kukirin-g2-g2-master-2025-m4-max-elektromos-rollerhez-2604;/termek/10-os-kulso-gumi-10x275-65-tubeless-kukirin-g2-g2-master-2025-m4-max-elektromos-rollerhez-2604/;10-os-kulso-gumi-10x275-65-tubeless-kukirin-g2-g2-master-2025-m4-max-elektromos-rollerhez;/termek/10-os-kulso-gumi-10x275-65-tubeless-kukirin-g2-g2-master-2025-m4-max-elektromos-rollerhez/;true;opcionálisan tisztítható: az -2604 utótag a Shoprenter azonosítója
https://elektromos-roller.net/tomor-gumi-81x20;/tomor-gumi-81x20;termek;Tömör gumi 8.1x2.0;2682;TM30;tomor-gumi-81x20;/termek/tomor-gumi-81x20/;;;true;
https://elektromos-roller.net/tomor-gumi-6070-7-szines-csikkal;/tomor-gumi-6070-7-szines-csikkal;termek;Tömör gumi 60/70-7 - színes csíkkal;2683;TM31;tomor-gumi-6070-7-szines-csikkal;/termek/tomor-gumi-6070-7-szines-csikkal/;;;true;
https://elektromos-roller.net/kulso-gumi-zsele-reteggel-defektallo-95x25;/kulso-gumi-zsele-reteggel-defektallo-95x25;termek;Külső gumi zselé réteggel - defektálló - 9.5x2.5;2686;KGZS05;kulso-gumi-zsele-reteggel-defektallo-95x25;/termek/kulso-gumi-zsele-reteggel-defektallo-95x25/;;;true;
https://elektromos-roller.net/7060-75-kulso-gumi-zsele-reteggel-defektallo-elektromos-rollerhez-10;/7060-75-kulso-gumi-zsele-reteggel-defektallo-elektromos-rollerhez-10;termek;"70/60-7.5 Külső gumi zselé réteggel - defektálló - elektromos rollerhez- 10""";2692;KGZS15;7060-75-kulso-gumi-zsele-reteggel-defektallo-elektromos-rollerhez-10;/termek/7060-75-kulso-gumi-zsele-reteggel-defektallo-elektromos-rollerhez-10/;;;true;
https://elektromos-roller.net/9-os-kulso-gumi-elektromos-rollerhez-9x2;/9-os-kulso-gumi-elektromos-rollerhez-9x2;termek;"9""-os külső gumi elektromos rollerhez 9x2 ";2709;KG39;9-os-kulso-gumi-elektromos-rollerhez-9x2;/termek/9-os-kulso-gumi-elektromos-rollerhez-9x2/;;;true;
https://elektromos-roller.net/95-es-tomor-gumi-elektromos-rollerhez-95x25;/95-es-tomor-gumi-elektromos-rollerhez-95x25;termek;"9,5""-os tömör gumi elektromos rollerhez 9.5x2.5";1914;TM16/19-41;95-es-tomor-gumi-elektromos-rollerhez-95x25;/termek/95-es-tomor-gumi-elektromos-rollerhez-95x25/;;;true;
https://elektromos-roller.net/elektromos-roller-alkatresz-kugoo-g-booster-hatso-lengescsillapito;/elektromos-roller-alkatresz-kugoo-g-booster-hatso-lengescsillapito;termek;Kugoo G-Booster  - Elektromos roller alkatrész - Hátsó lengéscsillapító;629;LENCSI02/3-4;elektromos-roller-alkatresz-kugoo-g-booster-hatso-lengescsillapito;/termek/elektromos-roller-alkatresz-kugoo-g-booster-hatso-lengescsillapito/;;;true;
https://elektromos-roller.net/elektromos-roller-alkatresz-e-leoprad-e-scorpion-hatso-lengescsillapito;/elektromos-roller-alkatresz-e-leoprad-e-scorpion-hatso-lengescsillapito;termek;"Whoosh E-Leopard, E-Scorpion - Elektromos roller alkatrész - Hátsó lengéscsillapító";648;WHSH2021ALKWHSHELPRDESCPNHTSLNGCS;elektromos-roller-alkatresz-e-leoprad-e-scorpion-hatso-lengescsillapito;/termek/elektromos-roller-alkatresz-e-leoprad-e-scorpion-hatso-lengescsillapito/;;;true;
https://elektromos-roller.net/xiaomi-m365-elektromos-roller-alkatresz-kijelzo;/xiaomi-m365-elektromos-roller-alkatresz-kijelzo;termek;Kijelző - Xiaomi m365 - Elektromos Roller - Alkatrész;619;KIJ08/13-441;xiaomi-m365-elektromos-roller-alkatresz-kijelzo;/termek/xiaomi-m365-elektromos-roller-alkatresz-kijelzo/;;;true;
https://elektromos-roller.net/kugoo-s1-plus-elektromos-roller-kijelzo-783;/kugoo-s1-plus-elektromos-roller-kijelzo-783;termek;Kugoo S1 Plus elektromos roller kijelző;783;KIJ17/12-52;kugoo-s1-plus-elektromos-roller-kijelzo-783;/termek/kugoo-s1-plus-elektromos-roller-kijelzo-783/;kugoo-s1-plus-elektromos-roller-kijelzo;/termek/kugoo-s1-plus-elektromos-roller-kijelzo/;true;opcionálisan tisztítható: az -783 utótag a Shoprenter azonosítója
https://elektromos-roller.net/xiaomi-pro-elektromos-roller-alkatresz-kijelzo;/xiaomi-pro-elektromos-roller-alkatresz-kijelzo;termek;Kijelző - Xiaomi Pro - Elektromos Roller - Alkatrész;1290;KIJ10/13-411;xiaomi-pro-elektromos-roller-alkatresz-kijelzo;/termek/xiaomi-pro-elektromos-roller-alkatresz-kijelzo/;;;true;
https://elektromos-roller.net/xiaomi-pro2-elektromos-roller-alkatresz-kijelzo;/xiaomi-pro2-elektromos-roller-alkatresz-kijelzo;termek;"Xiaomi Pro2, 1S, Essential - Elektromos Roller - Alkatrész - Kijelző";1292;KIJ11/12-411;xiaomi-pro2-elektromos-roller-alkatresz-kijelzo;/termek/xiaomi-pro2-elektromos-roller-alkatresz-kijelzo/;;;true;
https://elektromos-roller.net/kijelzo-xiaomi-4-lite-kijelzo-elektromos-roller-alkatresz;/kijelzo-xiaomi-4-lite-kijelzo-elektromos-roller-alkatresz;termek;Kijelző - Xiaomi 4 Lite (I.gen) - Elektromos Roller - Alkatrész;2569;KIJ26/12-441;kijelzo-xiaomi-4-lite-kijelzo-elektromos-roller-alkatresz;/termek/kijelzo-xiaomi-4-lite-kijelzo-elektromos-roller-alkatresz/;;;true;
https://elektromos-roller.net/elektromos-roller-alkatresz-xiaomi-m365-roller-hatso-lampa-feklampa;/elektromos-roller-alkatresz-xiaomi-m365-roller-hatso-lampa-feklampa;termek;"Xiaomi m365 - Elektromos roller - Alkatrész - Hátsó lámpa, Féklámpa";618;LMP04/5;elektromos-roller-alkatresz-xiaomi-m365-roller-hatso-lampa-feklampa;/termek/elektromos-roller-alkatresz-xiaomi-m365-roller-hatso-lampa-feklampa/;;;true;
https://elektromos-roller.net/elektromos-roller-alkatresz-xiaomi-m365-elso-sarvedo;/elektromos-roller-alkatresz-xiaomi-m365-elso-sarvedo;termek;Xiaomi m365 - pro - Elektromos Roller - Alkatrész - Első sárvédő ;609;SV05/10-211;elektromos-roller-alkatresz-xiaomi-m365-elso-sarvedo;/termek/elektromos-roller-alkatresz-xiaomi-m365-elso-sarvedo/;;;true;
https://elektromos-roller.net/elektromos-roller-alkatresz-xiaomi-m365-hatso-sarvedo;/elektromos-roller-alkatresz-xiaomi-m365-hatso-sarvedo;termek;Xiaomi m365 - Elektromos Roller - Alkatrész - Hátsó sárvédő - Fehér;610;SV34/10-321;elektromos-roller-alkatresz-xiaomi-m365-hatso-sarvedo;/termek/elektromos-roller-alkatresz-xiaomi-m365-hatso-sarvedo/;;;true;
https://elektromos-roller.net/xiaomi-m365-elektromos-roller-alkatresz-hatso-sarvedo-fekete;/xiaomi-m365-elektromos-roller-alkatresz-hatso-sarvedo-fekete;termek;Hátsó sárvédő Xiaomi m365 elektromos rollerhez;925;SV02/9321;xiaomi-m365-elektromos-roller-alkatresz-hatso-sarvedo-fekete;/termek/xiaomi-m365-elektromos-roller-alkatresz-hatso-sarvedo-fekete/;;;true;
https://elektromos-roller.net/hatso-sarvedo-kukirin-g2-pro-elektromos-rollerhez;/hatso-sarvedo-kukirin-g2-pro-elektromos-rollerhez;termek;Hátsó sárvédő Kukirin G2 Pro elektromos rollerhez (2024-es modell);2440;SV33/1-341;hatso-sarvedo-kukirin-g2-pro-elektromos-rollerhez;/termek/hatso-sarvedo-kukirin-g2-pro-elektromos-rollerhez/;;;true;
https://elektromos-roller.net/elso-sarvedo-xiaomi-m365-feher-elektromos-rollerhez;/elso-sarvedo-xiaomi-m365-feher-elektromos-rollerhez;termek;Első sárvédő -  Xiaomi m365 elektromos rollerhez / fehér;2502;SV07/10-312;elso-sarvedo-xiaomi-m365-feher-elektromos-rollerhez;/termek/elso-sarvedo-xiaomi-m365-feher-elektromos-rollerhez/;;;true;
https://elektromos-roller.net/hatso-sarvedo-kukirin-g2-g3-g4-elektromos-rollerhez;/hatso-sarvedo-kukirin-g2-g3-g4-elektromos-rollerhez;termek;Hátsó sárvédő prizmával - Kukirin G2 - G3 - G4 elektromos rollerhez;2504;SV24/1-332;hatso-sarvedo-kukirin-g2-g3-g4-elektromos-rollerhez;/termek/hatso-sarvedo-kukirin-g2-g3-g4-elektromos-rollerhez/;;;true;
https://elektromos-roller.net/hatso-sarvedo-kukirin-g2-pro-elektromos-rollerhez-sarv34;/hatso-sarvedo-kukirin-g2-pro-elektromos-rollerhez-sarv34;termek;Hátsó sárvédő Kukirin G2 Pro elektromos rollerhez;2554;SV28/1-341;hatso-sarvedo-kukirin-g2-pro-elektromos-rollerhez-sarv34;/termek/hatso-sarvedo-kukirin-g2-pro-elektromos-rollerhez-sarv34/;;;true;
https://elektromos-roller.net/hatso-sarvedo-xiaomi-4-lite-2gen-elektromos-rollerhez;/hatso-sarvedo-xiaomi-4-lite-2gen-elektromos-rollerhez;termek;Hátsó sárvédő Xiaomi 4 Lite - (2Gen) elektromos rollerhez;2657;SV31 / 10-321;hatso-sarvedo-xiaomi-4-lite-2gen-elektromos-rollerhez;/termek/hatso-sarvedo-xiaomi-4-lite-2gen-elektromos-rollerhez/;;;true;
https://elektromos-roller.net/elektromos-roller-alkatresz-xiaomi-m365-roller-elso-lampa;/elektromos-roller-alkatresz-xiaomi-m365-roller-elso-lampa;termek;Xiaomi m365 - Elektromos roller - Alkatrész - Első lámpa;621;WHSH2021KIEGXMLDLMP;elektromos-roller-alkatresz-xiaomi-m365-roller-elso-lampa;/termek/elektromos-roller-alkatresz-xiaomi-m365-roller-elso-lampa/;;;true;
https://elektromos-roller.net/segway-ninebot-f30e-elektromos-roller-36v-300w-102ah-berles;/segway-ninebot-f30e-elektromos-roller-36v-300w-102ah-berles;termek;"Bérlés - Segway Ninebot F30E - elektromos roller - 36V - 300W - 10,2Ah";1349;WHSH2020SGWYNNBTF30E-bérlés;segway-ninebot-f30e-elektromos-roller-36v-300w-102ah-berles;/termek/segway-ninebot-f30e-elektromos-roller-36v-300w-102ah-berles/;;;true;
https://elektromos-roller.net/forca-evoking-iv-48v-1000w-13ah-s-elektromos-roller-elektromos-motor-berles;/forca-evoking-iv-48v-1000w-13ah-s-elektromos-roller-elektromos-motor-berles;termek;Bérlés - Veszprémben - Forca Evoking IV - 48V - 1000W - 13Ah-s elektromos roller - elektromos motor;1357;WHSH2020FEIV13AH-bérlés;forca-evoking-iv-48v-1000w-13ah-s-elektromos-roller-elektromos-motor-berles;/termek/forca-evoking-iv-48v-1000w-13ah-s-elektromos-roller-elektromos-motor-berles/;;;true;
https://elektromos-roller.net/hero-s9-feher-48v-600w-16ah-viz-es-porallo-elektromos-varosi-roller-berles;/hero-s9-feher-48v-600w-16ah-viz-es-porallo-elektromos-varosi-roller-berles;termek;Bérlés Veszprémben - Hero S9 Fehér - 48V - 600W - 16Ah - elektromos roller;1479;WHSH2020HRS916FHR-Bérlés;hero-s9-feher-48v-600w-16ah-viz-es-porallo-elektromos-varosi-roller-berles;/termek/hero-s9-feher-48v-600w-16ah-viz-es-porallo-elektromos-varosi-roller-berles/;;;true;
https://elektromos-roller.net/hero-s10-elektromos-roller-48v-1000w-21ah-hidraulikus-fekekkel-berles;/hero-s10-elektromos-roller-48v-1000w-21ah-hidraulikus-fekekkel-berles;termek;Bérlés Veszprémben - Hero S10 - elektromos roller - 48V - 1000W - 21Ah - Hidraulikus fékekkel;1482;WHSH2021HRS101000W21AH-bérlés;hero-s10-elektromos-roller-48v-1000w-21ah-hidraulikus-fekekkel-berles;/termek/hero-s10-elektromos-roller-48v-1000w-21ah-hidraulikus-fekekkel-berles/;;;true;
https://elektromos-roller.net/folia;/folia;kategoria;Roller fólia – prémium fóliaszettek elektromos rollerre | Whoosh;;;folia;/termek-kategoria/folia/;;;true;
https://elektromos-roller.net/kedvezmenyes-csomagajanlatok-whoosh-elektromos-roller;/kedvezmenyes-csomagajanlatok-whoosh-elektromos-roller;kategoria;Kedvezményes csomagajánlatok elektromos rollerhez;;;kedvezmenyes-csomagajanlatok-whoosh-elektromos-roller;/termek-kategoria/kedvezmenyes-csomagajanlatok-whoosh-elektromos-roller/;;;true;
https://elektromos-roller.net/elektromos-rollerek;/elektromos-rollerek;kategoria;Elektromos rollerek;;;elektromos-rollerek;/termek-kategoria/elektromos-rollerek/;;;true;
https://elektromos-roller.net/elektromos-rollerek/joyor-elektromos-rollerek;/elektromos-rollerek/joyor-elektromos-rollerek;kategoria;Joyor elektromos rollerek;;;joyor-elektromos-rollerek;/termek-kategoria/joyor-elektromos-rollerek/;;;false;
https://elektromos-roller.net/elektromos-rollerek/nami-elektromos-rollerek;/elektromos-rollerek/nami-elektromos-rollerek;kategoria;NAMI elektromos rollerek;;;nami-elektromos-rollerek;/termek-kategoria/nami-elektromos-rollerek/;;;false;
https://elektromos-roller.net/elektromos-rollerek/whoosh-elektromos-roller;/elektromos-rollerek/whoosh-elektromos-roller;kategoria;Whoosh elektromos rollerek;;;whoosh-elektromos-roller;/termek-kategoria/whoosh-elektromos-roller/;;;false;
https://elektromos-roller.net/elektromos-rollerek/segway-ninebot-elektromos-rollerek;/elektromos-rollerek/segway-ninebot-elektromos-rollerek;kategoria;Segway Ninebot elektromos rollerek;;;segway-ninebot-elektromos-rollerek;/termek-kategoria/segway-ninebot-elektromos-rollerek/;;;false;
https://elektromos-roller.net/elektromos-rollerek/xiaomi-elektromos-rollerek;/elektromos-rollerek/xiaomi-elektromos-rollerek;kategoria;Xiaomi elektromos rollerek - Whoosh - elektromos roller;;;xiaomi-elektromos-rollerek;/termek-kategoria/xiaomi-elektromos-rollerek/;;;false;
https://elektromos-roller.net/elektromos-rollerek/kukirin-kugoo-elektromos-rollerek;/elektromos-rollerek/kukirin-kugoo-elektromos-rollerek;kategoria;Kukirin / Kugoo elektromos rollerek;;;kukirin-kugoo-elektromos-rollerek;/termek-kategoria/kukirin-kugoo-elektromos-rollerek/;;;false;
https://elektromos-roller.net/elektromos-rollerek/hasznalt-elektromos-rollerek;/elektromos-rollerek/hasznalt-elektromos-rollerek;kategoria;Használt elektromos rollerek;;;hasznalt-elektromos-rollerek;/termek-kategoria/hasznalt-elektromos-rollerek/;;;false;
https://elektromos-roller.net/elektromos-rollerek/elektromos-roller-gyerekeknek-holgyeknek;/elektromos-rollerek/elektromos-roller-gyerekeknek-holgyeknek;kategoria;"Elektromos roller gyerekeknek, hölgyeknek";;;elektromos-roller-gyerekeknek-holgyeknek;/termek-kategoria/elektromos-roller-gyerekeknek-holgyeknek/;;;false;
https://elektromos-roller.net/elektromos-rollerek/felnott-elektromos-rollerek;/elektromos-rollerek/felnott-elektromos-rollerek;kategoria;Felnőtt elektromos rollerek;;;felnott-elektromos-rollerek;/termek-kategoria/felnott-elektromos-rollerek/;;;false;
https://elektromos-roller.net/elektromos-rollerek/jogositvany-nelkul-hasznalhato-elektromos-rollerek-max-350w;/elektromos-rollerek/jogositvany-nelkul-hasznalhato-elektromos-rollerek-max-350w;kategoria;Jogosítvány nélkül használható elektromos rollerek (max 350W);;;jogositvany-nelkul-hasznalhato-elektromos-rollerek-max-350w;/termek-kategoria/jogositvany-nelkul-hasznalhato-elektromos-rollerek-max-350w/;;;false;
https://elektromos-roller.net/akcios-termekek;/akcios-termekek;kategoria;Akciós termékek;;;akcios-termekek;/termek-kategoria/akcios-termekek/;;;true;
https://elektromos-roller.net/e-bike-elektromos-kerekpar;/e-bike-elektromos-kerekpar;kategoria;E-Bike - Elektromos kerékpár;;;e-bike-elektromos-kerekpar;/termek-kategoria/e-bike-elektromos-kerekpar/;;;true;
https://elektromos-roller.net/kiegeszitok;/kiegeszitok;kategoria;Kiegészítők - Whoosh - elektromos roller;;;kiegeszitok;/termek-kategoria/kiegeszitok/;;;true;
https://elektromos-roller.net/kiegeszitok/az-osszes-kiegeszito-224;/kiegeszitok/az-osszes-kiegeszito-224;kategoria;AZ ÖSSZES KIEGÉSZÍTŐ - Whoosh - elektromos roller;;;az-osszes-kiegeszito-224;/termek-kategoria/az-osszes-kiegeszito-224/;;;false;
https://elektromos-roller.net/kiegeszitok/bukosisakok-200;/kiegeszitok/bukosisakok-200;kategoria;Bukósisakok - Whoosh - elektromos roller;;;bukosisakok-200;/termek-kategoria/bukosisakok-200/;;;false;
https://elektromos-roller.net/kiegeszitok/bukosisakok-200/funkcio-szerint-234;/kiegeszitok/bukosisakok-200/funkcio-szerint-234;kategoria;Funkció szerint - Whoosh - elektromos roller;;;funkcio-szerint-234;/termek-kategoria/funkcio-szerint-234/;;;false;
https://elektromos-roller.net/kiegeszitok/bukosisakok-200/funkcio-szerint-234/hagyomanyos-236;/kiegeszitok/bukosisakok-200/funkcio-szerint-234/hagyomanyos-236;kategoria;Hagyományos - Whoosh - elektromos roller;;;hagyomanyos-236;/termek-kategoria/hagyomanyos-236/;;;false;
https://elektromos-roller.net/kiegeszitok/bukosisakok-200/funkcio-szerint-234/led-lampaval-felszerelt-239;/kiegeszitok/bukosisakok-200/funkcio-szerint-234/led-lampaval-felszerelt-239;kategoria;LED lámpával felszerelt - Whoosh - elektromos roller;;;led-lampaval-felszerelt-239;/termek-kategoria/led-lampaval-felszerelt-239/;;;false;
https://elektromos-roller.net/kiegeszitok/bukosisakok-200/meret-szerint-233;/kiegeszitok/bukosisakok-200/meret-szerint-233;kategoria;Méret szerint - Whoosh - elektromos roller;;;meret-szerint-233;/termek-kategoria/meret-szerint-233/;;;false;
https://elektromos-roller.net/kiegeszitok/bukosisakok-200/meret-szerint-233/l-es-meret-202;/kiegeszitok/bukosisakok-200/meret-szerint-233/l-es-meret-202;kategoria;L-es méret - Whoosh - elektromos roller;;;l-es-meret-202;/termek-kategoria/l-es-meret-202/;;;false;
https://elektromos-roller.net/kiegeszitok/bukosisakok-200/meret-szerint-233/m-es-meret-205;/kiegeszitok/bukosisakok-200/meret-szerint-233/m-es-meret-205;kategoria;M-es méret - Whoosh - elektromos roller;;;m-es-meret-205;/termek-kategoria/m-es-meret-205/;;;false;
https://elektromos-roller.net/kiegeszitok/bukosisakok-200/meret-szerint-233/s-es-meret-208;/kiegeszitok/bukosisakok-200/meret-szerint-233/s-es-meret-208;kategoria;S-es méret - Whoosh - elektromos roller;;;s-es-meret-208;/termek-kategoria/s-es-meret-208/;;;false;
https://elektromos-roller.net/kiegeszitok/csengo-duda-229;/kiegeszitok/csengo-duda-229;kategoria;"Csengő, duda - Whoosh - elektromos roller";;;csengo-duda-229;/termek-kategoria/csengo-duda-229/;;;false;
https://elektromos-roller.net/kiegeszitok/egyeb-kiegeszitok-232;/kiegeszitok/egyeb-kiegeszitok-232;kategoria;Egyéb kiegészítők - Whoosh - elektromos roller;;;egyeb-kiegeszitok-232;/termek-kategoria/egyeb-kiegeszitok-232/;;;false;
https://elektromos-roller.net/kiegeszitok/kijelzovedu-211;/kiegeszitok/kijelzovedu-211;kategoria;Kijelzővédő - Whoosh - elektromos roller;;;kijelzovedu-211;/termek-kategoria/kijelzovedu-211/;;;false;
https://elektromos-roller.net/kiegeszitok/kitamaszto-223;/kiegeszitok/kitamaszto-223;kategoria;Kitámasztó - Whoosh - elektromos roller;;;kitamaszto-223;/termek-kategoria/kitamaszto-223/;;;false;
https://elektromos-roller.net/kiegeszitok/kompresszor-pumpa-228;/kiegeszitok/kompresszor-pumpa-228;kategoria;"Kompresszor, pumpa - Whoosh - elektromos roller";;;kompresszor-pumpa-228;/termek-kategoria/kompresszor-pumpa-228/;;;false;
https://elektromos-roller.net/kiegeszitok/kormany-kiegeszitok-227;/kiegeszitok/kormany-kiegeszitok-227;kategoria;Kormány kiegészítők - Whoosh - elektromos roller;;;kormany-kiegeszitok-227;/termek-kategoria/kormany-kiegeszitok-227/;;;false;
https://elektromos-roller.net/kiegeszitok/markolatok-222;/kiegeszitok/markolatok-222;kategoria;Markolatok - Whoosh - elektromos roller;;;markolatok-222;/termek-kategoria/markolatok-222/;;;false;
https://elektromos-roller.net/kiegeszitok/taskak-218;/kiegeszitok/taskak-218;kategoria;Táskák - Whoosh - elektromos roller;;;taskak-218;/termek-kategoria/taskak-218/;;;false;
https://elektromos-roller.net/kiegeszitok/telefontarto-209;/kiegeszitok/telefontarto-209;kategoria;Telefontartó - Whoosh - elektromos roller;;;telefontarto-209;/termek-kategoria/telefontarto-209/;;;false;
https://elektromos-roller.net/kiegeszitok/tolto-214;/kiegeszitok/tolto-214;kategoria;Töltő - Whoosh - elektromos roller;;;tolto-214;/termek-kategoria/tolto-214/;;;false;
https://elektromos-roller.net/kiegeszitok/visszapillanto-tukor-219;/kiegeszitok/visszapillanto-tukor-219;kategoria;Visszapillantó tükör - Whoosh - elektromos roller;;;visszapillanto-tukor-219;/termek-kategoria/visszapillanto-tukor-219/;;;false;
https://elektromos-roller.net/kiegeszitok/zar-lakat-210;/kiegeszitok/zar-lakat-210;kategoria;"Zár, lakat - Whoosh - elektromos roller";;;zar-lakat-210;/termek-kategoria/zar-lakat-210/;;;false;
https://elektromos-roller.net/elektromos-roller-alkatreszek;/elektromos-roller-alkatreszek;kategoria;Elektromos roller alkatrészek;;;elektromos-roller-alkatreszek;/termek-kategoria/elektromos-roller-alkatreszek/;;;true;
https://elektromos-roller.net/elektromos-roller-alkatreszek/elektromos-roller-akkumulatorok;/elektromos-roller-alkatreszek/elektromos-roller-akkumulatorok;kategoria;Elektromos roller akkumulátorok;;;elektromos-roller-akkumulatorok;/termek-kategoria/elektromos-roller-akkumulatorok/;;;false;
https://elektromos-roller.net/elektromos-roller-alkatreszek/elektromos-roller-akkumulatorok/gyari-kesz-akkumulatorok-257;/elektromos-roller-alkatreszek/elektromos-roller-akkumulatorok/gyari-kesz-akkumulatorok-257;kategoria;"Gyári, illetve épített akkumulátorok - Whoosh - elektromos roller";;;gyari-kesz-akkumulatorok-257;/termek-kategoria/gyari-kesz-akkumulatorok-257/;;;false;
https://elektromos-roller.net/elektromos-roller-alkatreszek/fekrendszerhez-kapcsolodo-alkatreszek-309;/elektromos-roller-alkatreszek/fekrendszerhez-kapcsolodo-alkatreszek-309;kategoria;FÉKRENDSZERHEZ kapcsolódó alkatrészek - Whoosh - elektromos roller;;;fekrendszerhez-kapcsolodo-alkatreszek-309;/termek-kategoria/fekrendszerhez-kapcsolodo-alkatreszek-309/;;;false;
https://elektromos-roller.net/elektromos-roller-alkatreszek/fekrendszerhez-kapcsolodo-alkatreszek-309/fekbetet-fekpofa-elektromos-rollerhez-268;/elektromos-roller-alkatreszek/fekrendszerhez-kapcsolodo-alkatreszek-309/fekbetet-fekpofa-elektromos-rollerhez-268;kategoria;"FÉKBETÉT, FÉKPOFA elektromos rollerhez - Whoosh - elektromos roller";;;fekbetet-fekpofa-elektromos-rollerhez-268;/termek-kategoria/fekbetet-fekpofa-elektromos-rollerhez-268/;;;false;
https://elektromos-roller.net/elektromos-roller-alkatreszek/fekrendszerhez-kapcsolodo-alkatreszek-309/fekkar-elekromos-rollerhez-286;/elektromos-roller-alkatreszek/fekrendszerhez-kapcsolodo-alkatreszek-309/fekkar-elekromos-rollerhez-286;kategoria;FÉKKAR elekromos rollerhez - Whoosh - elektromos roller;;;fekkar-elekromos-rollerhez-286;/termek-kategoria/fekkar-elekromos-rollerhez-286/;;;false;
https://elektromos-roller.net/elektromos-roller-alkatreszek/fekrendszerhez-kapcsolodo-alkatreszek-309/feknyereg-elektromos-rollerhez-287;/elektromos-roller-alkatreszek/fekrendszerhez-kapcsolodo-alkatreszek-309/feknyereg-elektromos-rollerhez-287;kategoria;FÉKNYEREG elektromos rollerhez - Whoosh - elektromos roller;;;feknyereg-elektromos-rollerhez-287;/termek-kategoria/feknyereg-elektromos-rollerhez-287/;;;false;
https://elektromos-roller.net/elektromos-roller-alkatreszek/fekrendszerhez-kapcsolodo-alkatreszek-309/fektarcsa-elektromos-rollerhez-281;/elektromos-roller-alkatreszek/fekrendszerhez-kapcsolodo-alkatreszek-309/fektarcsa-elektromos-rollerhez-281;kategoria;FÉKTÁRCSA elektromos rollerhez - Whoosh - elektromos roller;;;fektarcsa-elektromos-rollerhez-281;/termek-kategoria/fektarcsa-elektromos-rollerhez-281/;;;false;
https://elektromos-roller.net/elektromos-roller-alkatreszek/fekrendszerhez-kapcsolodo-alkatreszek-309/hidraulikus-elektromos-rollerhez-289;/elektromos-roller-alkatreszek/fekrendszerhez-kapcsolodo-alkatreszek-309/hidraulikus-elektromos-rollerhez-289;kategoria;HIDRAULIKUS fékszett - Whoosh - elektromos roller;;;hidraulikus-elektromos-rollerhez-289;/termek-kategoria/hidraulikus-elektromos-rollerhez-289/;;;false;
https://elektromos-roller.net/elektromos-roller-alkatreszek/fekrendszerhez-kapcsolodo-alkatreszek-309/fekbowden-elektromos-rollerhez-284;/elektromos-roller-alkatreszek/fekrendszerhez-kapcsolodo-alkatreszek-309/fekbowden-elektromos-rollerhez-284;kategoria;FÉKBOWDEN elektromos rollerhez - Whoosh - elektromos roller;;;fekbowden-elektromos-rollerhez-284;/termek-kategoria/fekbowden-elektromos-rollerhez-284/;;;false;
https://elektromos-roller.net/elektromos-roller-alkatreszek/kulso-es-belso-gumik-elektromos-rollerekhez;/elektromos-roller-alkatreszek/kulso-es-belso-gumik-elektromos-rollerekhez;kategoria;Külső és belső gumik elektromos rollerekhez;;;kulso-es-belso-gumik-elektromos-rollerekhez;/termek-kategoria/kulso-es-belso-gumik-elektromos-rollerekhez/;;;false;
https://elektromos-roller.net/kulso-gumi-zsele-reteggel-defektallo-250x64-elektromos-rollerhez;/kulso-gumi-zsele-reteggel-defektallo-250x64-elektromos-rollerhez;kategoria;Külső és belső gumik elektromos rollerekhez;;;kulso-gumi-zsele-reteggel-defektallo-250x64-elektromos-rollerhez;/termek-kategoria/kulso-gumi-zsele-reteggel-defektallo-250x64-elektromos-rollerhez/;;;true;
https://elektromos-roller.net/elektromos-roller-alkatreszek/kulso-es-belso-gumik-elektromos-rollerekhez/belso-gumik-elektromos-rollerhez;/elektromos-roller-alkatreszek/kulso-es-belso-gumik-elektromos-rollerekhez/belso-gumik-elektromos-rollerhez;kategoria;Belső gumik elektromos rollerhez;;;belso-gumik-elektromos-rollerhez;/termek-kategoria/belso-gumik-elektromos-rollerhez/;;;false;
https://elektromos-roller.net/elektromos-roller-alkatreszek/kulso-es-belso-gumik-elektromos-rollerekhez/belso-gumik-elektromos-rollerhez/meret-szerint-242;/elektromos-roller-alkatreszek/kulso-es-belso-gumik-elektromos-rollerekhez/belso-gumik-elektromos-rollerhez/meret-szerint-242;kategoria;Méret szerint - Whoosh - elektromos roller;;;meret-szerint-242;/termek-kategoria/meret-szerint-242/;;;false;
https://elektromos-roller.net/elektromos-roller-alkatreszek/kulso-es-belso-gumik-elektromos-rollerekhez/belso-gumik-elektromos-rollerhez/meret-szerint-242/85-belso-gumi-elektromos-rollerhez-294;/elektromos-roller-alkatreszek/kulso-es-belso-gumik-elektromos-rollerekhez/belso-gumik-elektromos-rollerhez/meret-szerint-242/85-belso-gumi-elektromos-rollerhez-294;kategoria;"8 - 8,5 belső gumi elektromos rollerhez - Whoosh - elektromos roller";;;85-belso-gumi-elektromos-rollerhez-294;/termek-kategoria/85-belso-gumi-elektromos-rollerhez-294/;;;false;
https://elektromos-roller.net/elektromos-roller-alkatreszek/kulso-es-belso-gumik-elektromos-rollerekhez/belso-gumik-elektromos-rollerhez/meret-szerint-242/10-belso-gumi-elektromos-rollerhez-297;/elektromos-roller-alkatreszek/kulso-es-belso-gumik-elektromos-rollerekhez/belso-gumik-elektromos-rollerhez/meret-szerint-242/10-belso-gumi-elektromos-rollerhez-297;kategoria;10 belső gumi elektromos rollerhez - Whoosh - elektromos roller;;;10-belso-gumi-elektromos-rollerhez-297;/termek-kategoria/10-belso-gumi-elektromos-rollerhez-297/;;;false;
https://elektromos-roller.net/elektromos-roller-alkatreszek/kulso-es-belso-gumik-elektromos-rollerekhez/belso-gumik-elektromos-rollerhez/meret-szerint-242/11-125-13-belso-gumi-elektromos-rollerhez-299;/elektromos-roller-alkatreszek/kulso-es-belso-gumik-elektromos-rollerekhez/belso-gumik-elektromos-rollerhez/meret-szerint-242/11-125-13-belso-gumi-elektromos-rollerhez-299;kategoria;"11 - 12,5 - 13 belső gumi elektromos rollerhez - Whoosh - elektromos roller";;;11-125-13-belso-gumi-elektromos-rollerhez-299;/termek-kategoria/11-125-13-belso-gumi-elektromos-rollerhez-299/;;;false;
https://elektromos-roller.net/elektromos-roller-alkatreszek/kulso-es-belso-gumik-elektromos-rollerekhez/belso-gumik-elektromos-rollerhez/szelep-szoge-szerint-243;/elektromos-roller-alkatreszek/kulso-es-belso-gumik-elektromos-rollerekhez/belso-gumik-elektromos-rollerhez/szelep-szoge-szerint-243;kategoria;90°-os szeleppel - Whoosh - elektromos roller;;;szelep-szoge-szerint-243;/termek-kategoria/szelep-szoge-szerint-243/;;;false;
https://elektromos-roller.net/elektromos-roller-alkatreszek/kulso-es-belso-gumik-elektromos-rollerekhez/belso-gumik-elektromos-rollerhez/szelep-szoge-szerint-243/0-os-szeleppel-261;/elektromos-roller-alkatreszek/kulso-es-belso-gumik-elektromos-rollerekhez/belso-gumik-elektromos-rollerhez/szelep-szoge-szerint-243/0-os-szeleppel-261;kategoria;90°-os szeleppel - Whoosh - elektromos roller;;;0-os-szeleppel-261;/termek-kategoria/0-os-szeleppel-261/;;;false;
https://elektromos-roller.net/elektromos-roller-alkatreszek/kulso-es-belso-gumik-elektromos-rollerekhez/belso-gumik-elektromos-rollerhez/szelep-szoge-szerint-243/45-os-szeleppel-262;/elektromos-roller-alkatreszek/kulso-es-belso-gumik-elektromos-rollerekhez/belso-gumik-elektromos-rollerhez/szelep-szoge-szerint-243/45-os-szeleppel-262;kategoria;90°-os szeleppel - Whoosh - elektromos roller;;;45-os-szeleppel-262;/termek-kategoria/45-os-szeleppel-262/;;;false;
https://elektromos-roller.net/elektromos-roller-alkatreszek/kulso-es-belso-gumik-elektromos-rollerekhez/belso-gumik-elektromos-rollerhez/szelep-szoge-szerint-243/90-os-szeleppel-264;/elektromos-roller-alkatreszek/kulso-es-belso-gumik-elektromos-rollerekhez/belso-gumik-elektromos-rollerhez/szelep-szoge-szerint-243/90-os-szeleppel-264;kategoria;90°-os szeleppel - Whoosh - elektromos roller;;;90-os-szeleppel-264;/termek-kategoria/90-os-szeleppel-264/;;;false;
https://elektromos-roller.net/elektromos-roller-alkatreszek/kulso-es-belso-gumik-elektromos-rollerekhez/belso-gumik-elektromos-rollerhez/szelep-szoge-szerint-243/egyenes-szeleppel-265;/elektromos-roller-alkatreszek/kulso-es-belso-gumik-elektromos-rollerekhez/belso-gumik-elektromos-rollerhez/szelep-szoge-szerint-243/egyenes-szeleppel-265;kategoria;90°-os szeleppel - Whoosh - elektromos roller;;;egyenes-szeleppel-265;/termek-kategoria/egyenes-szeleppel-265/;;;false;
https://elektromos-roller.net/elektromos-roller-alkatreszek/kulso-es-belso-gumik-elektromos-rollerekhez/kulso-gumiabroncsok-elektromos-rollerhez;/elektromos-roller-alkatreszek/kulso-es-belso-gumik-elektromos-rollerekhez/kulso-gumiabroncsok-elektromos-rollerhez;kategoria;Külső gumiabroncsok elektromos rollerhez;;;kulso-gumiabroncsok-elektromos-rollerhez;/termek-kategoria/kulso-gumiabroncsok-elektromos-rollerhez/;;;false;
https://elektromos-roller.net/elektromos-roller-alkatreszek/kulso-es-belso-gumik-elektromos-rollerekhez/kulso-gumiabroncsok-elektromos-rollerhez/fujhato-gumi-elektromos-rollerhez-252;/elektromos-roller-alkatreszek/kulso-es-belso-gumik-elektromos-rollerekhez/kulso-gumiabroncsok-elektromos-rollerhez/fujhato-gumi-elektromos-rollerhez-252;kategoria;Fújható / Tubeless gumi elektromos rollerhez - Whoosh - elektromos roller;;;fujhato-gumi-elektromos-rollerhez-252;/termek-kategoria/fujhato-gumi-elektromos-rollerhez-252/;;;false;
https://elektromos-roller.net/elektromos-roller-alkatreszek/kulso-es-belso-gumik-elektromos-rollerekhez/kulso-gumiabroncsok-elektromos-rollerhez/tomor-gumi-elektromos-rollerhez-254;/elektromos-roller-alkatreszek/kulso-es-belso-gumik-elektromos-rollerekhez/kulso-gumiabroncsok-elektromos-rollerhez/tomor-gumi-elektromos-rollerhez-254;kategoria;Tömör gumi elektromos rollerhez - Whoosh - elektromos roller;;;tomor-gumi-elektromos-rollerhez-254;/termek-kategoria/tomor-gumi-elektromos-rollerhez-254/;;;false;
https://elektromos-roller.net/elektromos-roller-alkatreszek/kulso-es-belso-gumik-elektromos-rollerekhez/kulso-gumiabroncsok-elektromos-rollerhez/defektallo-gumi-elektromos-rollerhez-255;/elektromos-roller-alkatreszek/kulso-es-belso-gumik-elektromos-rollerekhez/kulso-gumiabroncsok-elektromos-rollerhez/defektallo-gumi-elektromos-rollerhez-255;kategoria;Defektálló - külső gumi zselé réteggel - elektromos rollerhez - Whoosh - elektromos roller;;;defektallo-gumi-elektromos-rollerhez-255;/termek-kategoria/defektallo-gumi-elektromos-rollerhez-255/;;;false;
https://elektromos-roller.net/elektromos-roller-alkatreszek/kulso-es-belso-gumik-elektromos-rollerekhez/tomor-gumi-elektromos-rollerhez-245;/elektromos-roller-alkatreszek/kulso-es-belso-gumik-elektromos-rollerekhez/tomor-gumi-elektromos-rollerhez-245;kategoria;"Gumi szett, komplett kerék elektromos rollerhez - Whoosh - elektromos roller";;;tomor-gumi-elektromos-rollerhez-245;/termek-kategoria/tomor-gumi-elektromos-rollerhez-245/;;;false;
https://elektromos-roller.net/elektromos-roller-alkatreszek/elektronikai-szett-312;/elektromos-roller-alkatreszek/elektronikai-szett-312;kategoria;ELEKTRONIKAI SZETT - Whoosh - elektromos roller;;;elektronikai-szett-312;/termek-kategoria/elektronikai-szett-312/;;;false;
https://elektromos-roller.net/elektromos-roller-alkatreszek/elektromos-roller-vezerlok-controllerek;/elektromos-roller-alkatreszek/elektromos-roller-vezerlok-controllerek;kategoria;Elektromos roller vezérlők - controllerek;;;elektromos-roller-vezerlok-controllerek;/termek-kategoria/elektromos-roller-vezerlok-controllerek/;;;false;
https://elektromos-roller.net/elektromos-roller-alkatreszek/rugok-lengescsillapitok-313;/elektromos-roller-alkatreszek/rugok-lengescsillapitok-313;kategoria;"RUGÓK, LENGÉSCSILLAPÍTÓK - Whoosh - elektromos roller";;;rugok-lengescsillapitok-313;/termek-kategoria/rugok-lengescsillapitok-313/;;;false;
https://elektromos-roller.net/elektromos-roller-alkatreszek/kijelzok-304;/elektromos-roller-alkatreszek/kijelzok-304;kategoria;KIJELZŐK - Whoosh - elektromos roller;;;kijelzok-304;/termek-kategoria/kijelzok-304/;;;false;
https://elektromos-roller.net/elektromos-roller-alkatreszek/lampak-216;/elektromos-roller-alkatreszek/lampak-216;kategoria;"LÁMPÁK, INDEXEK - Whoosh - elektromos roller";;;lampak-216;/termek-kategoria/lampak-216/;;;false;
https://elektromos-roller.net/elektromos-roller-alkatreszek/motor-314;/elektromos-roller-alkatreszek/motor-314;kategoria;MOTOR  - Whoosh - elektromos roller;;;motor-314;/termek-kategoria/motor-314/;;;false;
https://elektromos-roller.net/elektromos-roller-alkatreszek/sarvedok-292;/elektromos-roller-alkatreszek/sarvedok-292;kategoria;SÁRVÉDŐK - Whoosh - elektromos roller;;;sarvedok-292;/termek-kategoria/sarvedok-292/;;;false;
https://elektromos-roller.net/elektromos-roller-alkatreszek/gazkar-315;/elektromos-roller-alkatreszek/gazkar-315;kategoria;GÁZKAR - Whoosh - elektromos roller;;;gazkar-315;/termek-kategoria/gazkar-315/;;;false;
https://elektromos-roller.net/elektromos-roller-alkatreszek/hero-elektromos-roller-alkatreszek;/elektromos-roller-alkatreszek/hero-elektromos-roller-alkatreszek;kategoria;Hero elektromos roller alkatrészek;;;hero-elektromos-roller-alkatreszek;/termek-kategoria/hero-elektromos-roller-alkatreszek/;;;false;
https://elektromos-roller.net/elektromos-roller-alkatreszek/xiaomi-elektromos-roller-alkatreszek;/elektromos-roller-alkatreszek/xiaomi-elektromos-roller-alkatreszek;kategoria;Xiaomi elektromos roller alkatrészek;;;xiaomi-elektromos-roller-alkatreszek;/termek-kategoria/xiaomi-elektromos-roller-alkatreszek/;;;false;
https://elektromos-roller.net/elektromos-roller-alkatreszek/akai-elektromos-roller-alkatreszek;/elektromos-roller-alkatreszek/akai-elektromos-roller-alkatreszek;kategoria;AKAI elektromos roller alkatrészek;;;akai-elektromos-roller-alkatreszek;/termek-kategoria/akai-elektromos-roller-alkatreszek/;;;false;
https://elektromos-roller.net/elektromos-roller-alkatreszek/whoosh-elektromos-roller-alkatreszek;/elektromos-roller-alkatreszek/whoosh-elektromos-roller-alkatreszek;kategoria;Whoosh elektromos roller alkatrészek.;;;whoosh-elektromos-roller-alkatreszek;/termek-kategoria/whoosh-elektromos-roller-alkatreszek/;;;false;
https://elektromos-roller.net/elektromos-roller-alkatreszek/kukirin-kugoo-elektromos-roller-alkatreszek;/elektromos-roller-alkatreszek/kukirin-kugoo-elektromos-roller-alkatreszek;kategoria;Kugoo elektromos roller alkatrészek;;;kukirin-kugoo-elektromos-roller-alkatreszek;/termek-kategoria/kukirin-kugoo-elektromos-roller-alkatreszek/;;;false;
https://elektromos-roller.net/elektromos-roller-alkatreszek/kukirin-kugoo-elektromos-roller-alkatreszek/kugoo-g-booster-elektromos-roller-alkatreszek;/elektromos-roller-alkatreszek/kukirin-kugoo-elektromos-roller-alkatreszek/kugoo-g-booster-elektromos-roller-alkatreszek;kategoria;Kugoo G-Booster elektromos roller alkatrészek;;;kugoo-g-booster-elektromos-roller-alkatreszek;/termek-kategoria/kugoo-g-booster-elektromos-roller-alkatreszek/;;;false;
https://elektromos-roller.net/elektromos-roller-alkatreszek/kukirin-kugoo-elektromos-roller-alkatreszek/kugoo-g2-pro-elektromos-roller-alkatreszek;/elektromos-roller-alkatreszek/kukirin-kugoo-elektromos-roller-alkatreszek/kugoo-g2-pro-elektromos-roller-alkatreszek;kategoria;Kugoo G2 Pro elektromos roller alkatrészek;;;kugoo-g2-pro-elektromos-roller-alkatreszek;/termek-kategoria/kugoo-g2-pro-elektromos-roller-alkatreszek/;;;false;
https://elektromos-roller.net/elektromos-roller-alkatreszek/kukirin-kugoo-elektromos-roller-alkatreszek/kugoo-m4-m4-pro-elektromos-roller-alkatreszek;/elektromos-roller-alkatreszek/kukirin-kugoo-elektromos-roller-alkatreszek/kugoo-m4-m4-pro-elektromos-roller-alkatreszek;kategoria;Kugoo M4 - M4 Pro elektromos roller alkatrészek;;;kugoo-m4-m4-pro-elektromos-roller-alkatreszek;/termek-kategoria/kugoo-m4-m4-pro-elektromos-roller-alkatreszek/;;;false;
https://elektromos-roller.net/elektromos-roller-alkatreszek/segway-ninebot-roller-alkatreszek-317;/elektromos-roller-alkatreszek/segway-ninebot-roller-alkatreszek-317;kategoria;Segway Ninebot roller alkatrészek - Whoosh - elektromos roller;;;segway-ninebot-roller-alkatreszek-317;/termek-kategoria/segway-ninebot-roller-alkatreszek-317/;;;false;
https://elektromos-roller.net/vizallosag-novelese;/vizallosag-novelese;kategoria;Vízállóság növelése - elektromos roller;;;vizallosag-novelese;/termek-kategoria/vizallosag-novelese/;;;true;
https://elektromos-roller.net/aoxin-gumi-elektromos-rollerhez;/aoxin-gumi-elektromos-rollerhez;kategoria;Aoxin gumik elektromos rollerhez;;;aoxin-gumi-elektromos-rollerhez;/termek-kategoria/aoxin-gumi-elektromos-rollerhez/;;;true;
https://elektromos-roller.net/flj-m-30;/flj-m-30;kategoria;FLJ - Whoosh - elektromos roller;;;flj-m-30;/termek-kategoria/flj-m-30/;;;true;
https://elektromos-roller.net/gspace-m-53;/gspace-m-53;kategoria;GSpace - Whoosh - elektromos roller;;;gspace-m-53;/termek-kategoria/gspace-m-53/;;;true;
https://elektromos-roller.net/kaabo;/kaabo;kategoria;Kaabo;;;kaabo;/termek-kategoria/kaabo/;;;true;
https://elektromos-roller.net/microgo;/microgo;kategoria;Microgo - Whoosh - elektromos roller;;;microgo;/termek-kategoria/microgo/;;;true;
https://elektromos-roller.net/nanrobot-m-39;/nanrobot-m-39;kategoria;Nanrobot - Whoosh - elektromos roller;;;nanrobot-m-39;/termek-kategoria/nanrobot-m-39/;;;true;
https://elektromos-roller.net/xtech-m-56;/xtech-m-56;kategoria;XTech - Whoosh - elektromos roller;;;xtech-m-56;/termek-kategoria/xtech-m-56/;;;true;
https://elektromos-roller.net/zoom-m-91;/zoom-m-91;kategoria;Zoom - Whoosh - elektromos roller;;;zoom-m-91;/termek-kategoria/zoom-m-91/;;;true;
https://elektromos-roller.net/maike-m-29;/maike-m-29;kategoria;Maike - Whoosh - elektromos roller;;;maike-m-29;/termek-kategoria/maike-m-29/;;;true;
https://elektromos-roller.net;/;fooldal;Főoldal;;;;/;;;true;"főoldal, átirányítás nem kell"
https://elektromos-roller.net/hidraulikus-fek-elektromos-rollerhez;/hidraulikus-fek-elektromos-rollerhez;oldal;;;;hidraulikus-fek-elektromos-rollerhez;/hidraulikus-fek-elektromos-rollerhez/;;;true;
https://elektromos-roller.net/vesc-a-whooshnal;/vesc-a-whooshnal;oldal;;;;vesc-a-whooshnal;/vesc-a-whooshnal/;;;true;
https://elektromos-roller.net/elektromos-roller-alkatreszek/elektromos-roller-akkumulatorok/arajanlat-kerese-akkumulatorhoz-258;/elektromos-roller-alkatreszek/elektromos-roller-akkumulatorok/arajanlat-kerese-akkumulatorhoz-258;oldal;;;;arajanlat-kerese-akkumulatorhoz-258;/arajanlat-kerese-akkumulatorhoz-258/;;;false;
https://elektromos-roller.net/elektromos-roller-alkatreszek/elektromos-roller-akkumulatorok/tajekoztato-akkumulator-garanciahoz-291;/elektromos-roller-alkatreszek/elektromos-roller-akkumulatorok/tajekoztato-akkumulator-garanciahoz-291;oldal;;;;tajekoztato-akkumulator-garanciahoz-291;/tajekoztato-akkumulator-garanciahoz-291/;;;false;
https://elektromos-roller.net/elektromos-roller-szerviz;/elektromos-roller-szerviz;oldal;;;;elektromos-roller-szerviz;/elektromos-roller-szerviz/;;;true;
https://elektromos-roller.net/elektromos-roller-szerviz/szervizpartner-kapuvar;/elektromos-roller-szerviz/szervizpartner-kapuvar;oldal;;;;szervizpartner-kapuvar;/szervizpartner-kapuvar/;;;false;
https://elektromos-roller.net/elektromos-roller-berles;/elektromos-roller-berles;oldal;;;;elektromos-roller-berles;/elektromos-roller-berles/;;;true;
https://elektromos-roller.net/elektromos-roller-beszamitas-csereakcio;/elektromos-roller-beszamitas-csereakcio;oldal;;;;elektromos-roller-beszamitas-csereakcio;/elektromos-roller-beszamitas-csereakcio/;;;true;
https://elektromos-roller.net/otp-aruhitel-elektromos-roller-vasarlashoz;/otp-aruhitel-elektromos-roller-vasarlashoz;oldal;;;;otp-aruhitel-elektromos-roller-vasarlashoz;/otp-aruhitel-elektromos-roller-vasarlashoz/;;;true;
https://elektromos-roller.net/5-dolog-amit-mindenkepp-fontos-vegiggondolni-mielott-elektromos-rollert-veszel;/5-dolog-amit-mindenkepp-fontos-vegiggondolni-mielott-elektromos-rollert-veszel;oldal;;;;5-dolog-amit-mindenkepp-fontos-vegiggondolni-mielott-elektromos-rollert-veszel;/5-dolog-amit-mindenkepp-fontos-vegiggondolni-mielott-elektromos-rollert-veszel/;;;true;
https://elektromos-roller.net/akai-m-31;/akai-m-31;oldal;;;;akai-m-31;/akai-m-31/;;;true;
https://elektromos-roller.net/aprilia-m-118;/aprilia-m-118;oldal;;;;aprilia-m-118;/aprilia-m-118/;;;true;
https://elektromos-roller.net/bogist-m-45;/bogist-m-45;oldal;;;;bogist-m-45;/bogist-m-45/;;;true;
https://elektromos-roller.net/chaoyang-m-104;/chaoyang-m-104;oldal;;;;chaoyang-m-104;/chaoyang-m-104/;;;true;
https://elektromos-roller.net/whoosh-cst-elektromos-roller-gumi;/whoosh-cst-elektromos-roller-gumi;oldal;;;;whoosh-cst-elektromos-roller-gumi;/whoosh-cst-elektromos-roller-gumi/;;;true;
https://elektromos-roller.net/ducati-m-42;/ducati-m-42;oldal;;;;ducati-m-42;/ducati-m-42/;;;true;
https://elektromos-roller.net/egyeb-m-106;/egyeb-m-106;oldal;;;;egyeb-m-106;/egyeb-m-106/;;;true;
https://elektromos-roller.net/honey-whale-m-119;/honey-whale-m-119;oldal;;;;honey-whale-m-119;/honey-whale-m-119/;;;true;
https://elektromos-roller.net/hota-gumi-elektromos-rollerhez;/hota-gumi-elektromos-rollerhez;oldal;;;;hota-gumi-elektromos-rollerhez;/hota-gumi-elektromos-rollerhez/;;;true;
https://elektromos-roller.net/innova-gumi-elektromos-rollerhez;/innova-gumi-elektromos-rollerhez;oldal;;;;innova-gumi-elektromos-rollerhez;/innova-gumi-elektromos-rollerhez/;;;true;
https://elektromos-roller.net/joyor-m-116;/joyor-m-116;oldal;;;;joyor-m-116;/joyor-m-116/;;;true;
https://elektromos-roller.net/kugoo-m-25;/kugoo-m-25;oldal;;;;kugoo-m-25;/kugoo-m-25/;;;true;
https://elektromos-roller.net/megawheels-m-36;/megawheels-m-36;oldal;;;;megawheels-m-36;/megawheels-m-36/;;;true;
https://elektromos-roller.net/momodesign-m-54;/momodesign-m-54;oldal;;;;momodesign-m-54;/momodesign-m-54/;;;true;
https://elektromos-roller.net/ms-energy;/ms-energy;oldal;;;;ms-energy;/ms-energy/;;;true;
https://elektromos-roller.net/nami-whoosh;/nami-whoosh;oldal;;;;nami-whoosh;/nami-whoosh/;;;true;
https://elektromos-roller.net/nedong-gumi-elektromos-rollerhez;/nedong-gumi-elektromos-rollerhez;oldal;;;;nedong-gumi-elektromos-rollerhez;/nedong-gumi-elektromos-rollerhez/;;;true;
https://elektromos-roller.net/quickwheel-elektromos-rollerek;/quickwheel-elektromos-rollerek;oldal;;;;quickwheel-elektromos-rollerek;/quickwheel-elektromos-rollerek/;;;true;
https://elektromos-roller.net/risingsun-gumi-elektromos-rollerhez;/risingsun-gumi-elektromos-rollerhez;oldal;;;;risingsun-gumi-elektromos-rollerhez;/risingsun-gumi-elektromos-rollerhez/;;;true;
https://elektromos-roller.net/tuovt-elektromos-roller-gumik;/tuovt-elektromos-roller-gumik;oldal;;;;tuovt-elektromos-roller-gumik;/tuovt-elektromos-roller-gumik/;;;true;
https://elektromos-roller.net/ulip-elektromos-roller-alkatresz;/ulip-elektromos-roller-alkatresz;oldal;;;;ulip-elektromos-roller-alkatresz;/ulip-elektromos-roller-alkatresz/;;;true;
https://elektromos-roller.net/whoosh-m-27;/whoosh-m-27;oldal;;;;whoosh-m-27;/whoosh-m-27/;;;true;
https://elektromos-roller.net/xiaomi-m-28;/xiaomi-m-28;oldal;;;;xiaomi-m-28;/xiaomi-m-28/;;;true;
https://elektromos-roller.net/xuancheng-m-90;/xuancheng-m-90;oldal;;;;xuancheng-m-90;/xuancheng-m-90/;;;true;
https://elektromos-roller.net/yuanxing-gumi-elektromos-rollerhez;/yuanxing-gumi-elektromos-rollerhez;oldal;;;;yuanxing-gumi-elektromos-rollerhez;/yuanxing-gumi-elektromos-rollerhez/;;;true;
https://elektromos-roller.net/yume-elektromos-rollerek;/yume-elektromos-rollerek;oldal;;;;yume-elektromos-rollerek;/yume-elektromos-rollerek/;;;true;
https://elektromos-roller.net/hero-e-scooters;/hero-e-scooters;oldal;;;;hero-e-scooters;/hero-e-scooters/;;;true;
https://elektromos-roller.net/pmt-gumi-elektromos-rollerhez;/pmt-gumi-elektromos-rollerhez;oldal;;;;pmt-gumi-elektromos-rollerhez;/pmt-gumi-elektromos-rollerhez/;;;true;
https://elektromos-roller.net/segway-ninebot-m-34;/segway-ninebot-m-34;oldal;;;;segway-ninebot-m-34;/segway-ninebot-m-34/;;;true;
https://elektromos-roller.net/hibabejelentes;/hibabejelentes;oldal;;;;hibabejelentes;/hibabejelentes/;;;true;
"https://elektromos-roller.net/index.php?route=product/list&amp;special=1";/index.php;oldal;;;;index.php;/index.php/;;;true;
"https://elektromos-roller.net/index.php?route=product/list&amp;latest=29";/index.php;oldal;;;;index.php-849;/index.php-849/;;;false;slug-ütközés feloldva a Shoprenter-azonosítóval
https://elektromos-roller.net/kugoo-elektromos-roller;/kugoo-elektromos-roller;oldal;;;;kugoo-elektromos-roller;/kugoo-elektromos-roller/;;;true;
https://elektromos-roller.net/kereses;/kereses;oldal;;;;kereses;/kereses/;;;true;
https://elektromos-roller.net/otp-aruhitel;/otp-aruhitel;oldal;;;;otp-aruhitel;/otp-aruhitel/;;;true;
https://elektromos-roller.net/elektromos-roller-gyerekeknek-holgyeknek-e-roller;/elektromos-roller-gyerekeknek-holgyeknek-e-roller;oldal;;;;elektromos-roller-gyerekeknek-holgyeknek-e-roller;/elektromos-roller-gyerekeknek-holgyeknek-e-roller/;;;true;
https://elektromos-roller.net/adatvedelmi_nyilatkozat_3;/adatvedelmi_nyilatkozat_3;oldal;;;;adatvedelmi_nyilatkozat_3;/adatvedelmi_nyilatkozat_3/;;;true;
https://elektromos-roller.net/aszf-vasarlasi-feltetelek;/aszf-vasarlasi-feltetelek;oldal;;;;aszf-vasarlasi-feltetelek;/aszf-vasarlasi-feltetelek/;;;true;
https://elektromos-roller.net/szallitas-fizetes;/szallitas-fizetes;oldal;;;;szallitas-fizetes;/szallitas-fizetes/;;;true;
https://elektromos-roller.net/index.php?route=information/sitemap;/index.php;oldal;;;;index.php-857;/index.php-857/;;;false;slug-ütközés feloldva a Shoprenter-azonosítóval
"https://elektromos-roller.net/index.php?route=product/list&amp;latest=31";/index.php;oldal;;;;index.php-858;/index.php-858/;;;false;slug-ütközés feloldva a Shoprenter-azonosítóval
https://elektromos-roller.net/kapcsolat-whoosh-elektromos-roller;/kapcsolat-whoosh-elektromos-roller;oldal;;;;kapcsolat-whoosh-elektromos-roller;/kapcsolat-whoosh-elektromos-roller/;;;true;
