source,target,regex,code
/kukirin-g2-premium-foliaszett-carbon-tribal-pink,/termek/kukirin-g2-premium-foliaszett-carbon-tribal-pink/,0,301
/kukirin-g2-premium-foliaszett-piros,/termek/kukirin-g2-premium-foliaszett-piros/,0,301
/kukirin-g2-premium-foliaszett-marble-pink,/termek/kukirin-g2-premium-foliaszett-marble-pink/,0,301
/kukirin-g2-premium-foliaszett-silver-holograpich,/termek/kukirin-g2-premium-foliaszett-silver-holograpich/,0,301
/kukirin-g2-premium-foliaszett-blue-flames,/termek/kukirin-g2-premium-foliaszett-blue-flames/,0,301
/kukirin-g4-premium-foliaszett-marmol-red,/termek/kukirin-g4-premium-foliaszett-marmol-red/,0,301
/kukirin-g4-premium-foliaszett-carbon-tribal-pink,/termek/kukirin-g4-premium-foliaszett-carbon-tribal-pink/,0,301
/kukirin-g4-premium-foliaszett-tribal-flour,/termek/kukirin-g4-premium-foliaszett-tribal-flour/,0,301
/kukirin-g2-master-premium-foliaszett-carbon-tribal-pink,/termek/kukirin-g2-master-premium-foliaszett-carbon-tribal-pink/,0,301
/kukirin-g2-master-premium-foliaszett-marmol-pink,/termek/kukirin-g2-master-premium-foliaszett-marmol-pink/,0,301
/kukirin-g2-master-premium-foliaszett-carbon-tribal-green,/termek/kukirin-g2-master-premium-foliaszett-carbon-tribal-green/,0,301
/kukirin-g2-pro-g2-max-premium-foliaszett-mcqueen-red,/termek/kukirin-g2-pro-g2-max-premium-foliaszett-mcqueen-red/,0,301
/kukirin-g2-master-premium-foliaszett-carbon-tribal-fluor-2771,/termek/kukirin-g2-master-premium-foliaszett-carbon-tribal-fluor-2771/,0,301
/kukirin-g2-master-premium-foliaszett-carbon-tribal-fluor-2774,/termek/kukirin-g2-master-premium-foliaszett-carbon-tribal-fluor-2774/,0,301
/kukirin-g2-master-premium-foliaszett-carbon-tribal-blue-2776,/termek/kukirin-g2-master-premium-foliaszett-carbon-tribal-blue-2776/,0,301
/kukirin-g2-pro-kukirin-g2-max-premium-foliaszett-mcqueen-red-2777,/termek/kukirin-g2-pro-kukirin-g2-max-premium-foliaszett-mcqueen-red-2777/,0,301
/kukirin-g2-feher-egyszinu-foliaszett,/termek/kukirin-g2-feher-egyszinu-foliaszett/,0,301
/kukirin-g2-egyszinu-foliaszett-ciankek,/termek/kukirin-g2-egyszinu-foliaszett-ciankek/,0,301
/kukirin-g2-egyszinu-foliaszett-metalkek,/termek/kukirin-g2-egyszinu-foliaszett-metalkek/,0,301
/kukirin-g2-egyszinu-foliaszett-lila,/termek/kukirin-g2-egyszinu-foliaszett-lila/,0,301
/kukirin-g2-egyszinu-foliaszett-zold,/termek/kukirin-g2-egyszinu-foliaszett-zold/,0,301
/kukirin-g2-master-egyszinu-foliaszett-feher,/termek/kukirin-g2-master-egyszinu-foliaszett-feher/,0,301
/kukirin-g2-master-egyszinu-foliaszett-ciankek,/termek/kukirin-g2-master-egyszinu-foliaszett-ciankek/,0,301
/kukirin-g2-master-egyszinu-foliaszett-metalkek,/termek/kukirin-g2-master-egyszinu-foliaszett-metalkek/,0,301
/kukirin-g2-master-egyszinu-foliaszett-lila,/termek/kukirin-g2-master-egyszinu-foliaszett-lila/,0,301
/kukirin-g2-master-egyszinu-foliaszett-zold,/termek/kukirin-g2-master-egyszinu-foliaszett-zold/,0,301
/vizallosag-1,/termek/vizallosag-1/,0,301
/vizallosag-novelese-szolgaltatas-kozepes-elektromos-rollerek-500w,/termek/vizallosag-novelese-szolgaltatas-kozepes-elektromos-rollerek-500w/,0,301
/kedvezmenyes-csomag-elektromos-roller-kiegeszitok-biztonsagos-kozlekedes,/termek/kedvezmenyes-csomag-elektromos-roller-kiegeszitok-biztonsagos-kozlekedes/,0,301
/kedvezmenyes-csomag-elektromos-roller-kiegeszitok-csomag,/termek/kedvezmenyes-csomag-elektromos-roller-kiegeszitok-csomag/,0,301
/kedvezmenyes-csomag-elektromos-roller-kiegeszitok-pasi-csomag-s-es-sisakkal-2024,/termek/kedvezmenyes-csomag-elektromos-roller-kiegeszitok-pasi-csomag-s-es-sisakkal-2024/,0,301
/kedvezmenyes-csomag-elektromos-roller-kiegeszitok-csajos-csomag-s-es-sisakkal,/termek/kedvezmenyes-csomag-elektromos-roller-kiegeszitok-csajos-csomag-s-es-sisakkal/,0,301
/kedvezmenyes-csomag-elektromos-roller-kiegeszitok-kek-csomag-m-sisak,/termek/kedvezmenyes-csomag-elektromos-roller-kiegeszitok-kek-csomag-m-sisak/,0,301
/whoosh-elektromos-roller-ajandekutalvany-5000-ft,/termek/whoosh-elektromos-roller-ajandekutalvany-5000-ft/,0,301
/vizallosag-novelese-szolgaltatas-nagy-elektromos-rollerekhez,/termek/vizallosag-novelese-szolgaltatas-nagy-elektromos-rollerekhez/,0,301
/whoosh-elektromos-roller-ajandekutalvany-10000-ft,/termek/whoosh-elektromos-roller-ajandekutalvany-10000-ft/,0,301
/whoosh-elektromos-roller-ajandekutalvany-20000-ft,/termek/whoosh-elektromos-roller-ajandekutalvany-20000-ft/,0,301
/whoosh-elektromos-roller-ajandekutalvany-50000-ft,/termek/whoosh-elektromos-roller-ajandekutalvany-50000-ft/,0,301
/obarter-x1-elektromos-roller-1000w-21ah,/termek/obarter-x1-elektromos-roller-1000w-21ah/,0,301
/uj-kugoo-g2-pro-48v-600w-15ah-s-elektromos-roller,/termek/uj-kugoo-g2-pro-48v-600w-15ah-s-elektromos-roller/,0,301
/whoosh-sprint-plus-36v-500w-15-6ah-s-elektromos-roller,/termek/whoosh-sprint-plus-36v-500w-15-6ah-s-elektromos-roller/,0,301
/whoosh-sprint-plus-48v-500w-15_6-ah-s-elektromos-roller,/termek/whoosh-sprint-plus-48v-500w-15_6-ah-s-elektromos-roller/,0,301
/kugoo-kukirin-g2-max-elektromos-roller-48v-1000w-20ah,/termek/kugoo-kukirin-g2-max-elektromos-roller-48v-1000w-20ah/,0,301
/kukirin-m5-pro-elektromos-roller-48v-1200w-20ah,/termek/kukirin-m5-pro-elektromos-roller-48v-1200w-20ah/,0,301
/hero-s8-fekete-48v-800w-16ah-eso-es-porallo-elektromos-roller-szeles-felfujhato-gumikkal-1440,/termek/hero-s8-fekete-48v-800w-16ah-eso-es-porallo-elektromos-roller-szeles-felfujhato-gumikkal-1440/,0,301
/hasznalt-m1-max-eco-flying-elektromos-roller-36v-350w-75ah,/termek/hasznalt-m1-max-eco-flying-elektromos-roller-36v-350w-75ah/,0,301
/nami-electric-blast-elektromos-roller-60v-1kwx2-29ah,/termek/nami-electric-blast-elektromos-roller-60v-1kwx2-29ah/,0,301
/nami-electric-burn-e-elektromos-roller-72v-1kwx2-29ah,/termek/nami-electric-burn-e-elektromos-roller-72v-1kwx2-29ah/,0,301
/nami-klima-one-elektromos-roller-60v-2000w-25ah,/termek/nami-klima-one-elektromos-roller-60v-2000w-25ah/,0,301
/nami-electric-stellar-elektromos-roller-52v-1000w-16ah,/termek/nami-electric-stellar-elektromos-roller-52v-1000w-16ah/,0,301
/quickwheel-d5-elektromos-roller-5000w-35ah,/termek/quickwheel-d5-elektromos-roller-5000w-35ah/,0,301
/viper-elektromos-roller-72v-10000wh-40ah,/termek/viper-elektromos-roller-72v-10000wh-40ah/,0,301
/kukirin-g3-elektromos-roller-52v-1200w-18ah,/termek/kukirin-g3-elektromos-roller-52v-1200w-18ah/,0,301
/momodesign-evo9-elektromos-roller,/termek/momodesign-evo9-elektromos-roller/,0,301
/kugoo-kukirin-g2-master-elektromos-roller-52v-2000w-20ah,/termek/kugoo-kukirin-g2-master-elektromos-roller-52v-2000w-20ah/,0,301
/whoosh-nuclear-reactor-elektromos-roller-elektromos-robogo-60v-6000w-38ah,/termek/whoosh-nuclear-reactor-elektromos-roller-elektromos-robogo-60v-6000w-38ah/,0,301
/whoosh-firebird-elektromos-roller-52v-2x1600w-19ah,/termek/whoosh-firebird-elektromos-roller-52v-2x1600w-19ah/,0,301
/hasznalt-garancialis-ducati-pro-i-evo-elektromos-roller-36v-300w-88-ah,/termek/hasznalt-garancialis-ducati-pro-i-evo-elektromos-roller-36v-300w-88-ah/,0,301
/kukirin-g2-elektromos-roller-800w-15ah-2025,/termek/kukirin-g2-elektromos-roller-800w-15ah-2025/,0,301
/ms-energy-urban-500-36v-500w-13ah-elektromos-roller,/termek/ms-energy-urban-500-36v-500w-13ah-elektromos-roller/,0,301
/nami-klima-one-elektromos-roller-60v-1000w-25ah-2146,/termek/nami-klima-one-elektromos-roller-60v-1000w-25ah-2146/,0,301
/nami-burn-e-max-elektromos-roller-72v-3000-40ah,/termek/nami-burn-e-max-elektromos-roller-72v-3000-40ah/,0,301
/hw-g2-pro-48v-600w-13ah-s-elektromos-roller,/termek/hw-g2-pro-48v-600w-13ah-s-elektromos-roller/,0,301
/whoosh-speed-gt06-elektromos-roller,/termek/whoosh-speed-gt06-elektromos-roller/,0,301
/xiaomi-elite-elektromos-roller-400w-10ah,/termek/xiaomi-elite-elektromos-roller-400w-10ah/,0,301
/ec-a1-elektromos-roller-48v-500w-13ah,/termek/ec-a1-elektromos-roller-48v-500w-13ah/,0,301
/whoosh-speed-gt06-plusz-elektromos-roller-52v-2x1200w-23ah,/termek/whoosh-speed-gt06-plusz-elektromos-roller-52v-2x1200w-23ah/,0,301
/ec-a1-elektromos-roller-48v-500w-13ah-2516,/termek/ec-a1-elektromos-roller-48v-500w-13ah-2516/,0,301
/kukirin-a1-elektromos-roller-48v-800w-13ah,/termek/kukirin-a1-elektromos-roller-48v-800w-13ah/,0,301
/kukirin-m4-max-elektromos-roller-48v-800w-185ah,/termek/kukirin-m4-max-elektromos-roller-48v-800w-185ah/,0,301
/whoosh-speed-gt06-elektromos-roller-48v-1200w-13ah-2546,/termek/whoosh-speed-gt06-elektromos-roller-48v-1200w-13ah-2546/,0,301
/ec-a1-elektromos-roller-48v-500w-13ah-piros-2593,/termek/ec-a1-elektromos-roller-48v-500w-13ah-piros-2593/,0,301
/whoosh-t90-elektromos-roller-60v-2x2100w-31ah,/termek/whoosh-t90-elektromos-roller-60v-2x2100w-31ah/,0,301
/yume-raptor-elektromos-roller,/termek/yume-raptor-elektromos-roller/,0,301
/ms-energy-flare-elektromos-roller,/termek/ms-energy-flare-elektromos-roller/,0,301
/kukirin-g4-elektromos-roller-60v-2000w-20ah,/termek/kukirin-g4-elektromos-roller-60v-2000w-20ah/,0,301
/whoosh-t10-elektromos-roller-48v-13ah-500w,/termek/whoosh-t10-elektromos-roller-48v-13ah-500w/,0,301
/whoosh-es14-elektromos-roller-48v-75ah,/termek/whoosh-es14-elektromos-roller-48v-75ah/,0,301
/wheel-es09-elektromos-roller-36v-350w-75ah,/termek/wheel-es09-elektromos-roller-36v-350w-75ah/,0,301
/whoosh-es14-elektromos-roller-48v-400w-7_5ah,/termek/whoosh-es14-elektromos-roller-48v-400w-7_5ah/,0,301
/xiaomi-elite-elektromos-roller-400w-10ah-akkumulator-24v,/termek/xiaomi-elite-elektromos-roller-400w-10ah-akkumulator-24v/,0,301
/whoosh-bigfoot-x1-48v-500w-15-ah-s-elektromos-roller-2695,/termek/whoosh-bigfoot-x1-48v-500w-15-ah-s-elektromos-roller-2695/,0,301
/kugoo-g-booster-elektromos-roller-48v-2x800w-dual-motor-23ah-ajandek-ulessel-2697,/termek/kugoo-g-booster-elektromos-roller-48v-2x800w-dual-motor-23ah-ajandek-ulessel-2697/,0,301
/kukirin-g2-ultra-elektromos-roller-48v-2x800w-18ah,/termek/kukirin-g2-ultra-elektromos-roller-48v-2x800w-18ah/,0,301
/hasznalt-dualtron-victor-luxury-plus-elektromos-roller-60v-4000w-35ah,/termek/hasznalt-dualtron-victor-luxury-plus-elektromos-roller-60v-4000w-35ah/,0,301
/kukirin-g3-pro-elektromos-roller,/termek/kukirin-g3-pro-elektromos-roller/,0,301
/twofish-v5,/termek/twofish-v5/,0,301
/whoosh-m5-pro-elektromos-jarmu-48v-500w-13ah,/termek/whoosh-m5-pro-elektromos-jarmu-48v-500w-13ah/,0,301
/yume-hawk-pro-wide-elektromos-roller-60v-2x-3000w-27ah,/termek/yume-hawk-pro-wide-elektromos-roller-60v-2x-3000w-27ah/,0,301
/yume-x11-elektromos-roller-60v-2x-3000w-30ah,/termek/yume-x11-elektromos-roller-60v-2x-3000w-30ah/,0,301
/ninebot-f3-e-pro-elektromos-roller,/termek/ninebot-f3-e-pro-elektromos-roller/,0,301
/whoosh-d3-s-city-commute-elektromos-roller-48v-1200w-15ah,/termek/whoosh-d3-s-city-commute-elektromos-roller-48v-1200w-15ah/,0,301
/hasznalt-whoosh-firebird-lite-elektromos-roller-52v-2x1600w-19ah-86-km-t-futott-2801,/termek/hasznalt-whoosh-firebird-lite-elektromos-roller-52v-2x1600w-19ah-86-km-t-futott-2801/,0,301
/hasznalt-aprilia-esr1-elektromos-roller-36v-350w-78ah-uj-akkumulatorral-jotallassal-2803,/termek/hasznalt-aprilia-esr1-elektromos-roller-36v-350w-78ah-uj-akkumulatorral-jotallassal-2803/,0,301
/hasznalt-honey-whale-g2-pro-elektromos-roller-48v-600w-13ah-uj-akkumulatorral-es-uj-elektronikaval-2806,/termek/hasznalt-honey-whale-g2-pro-elektromos-roller-48v-600w-13ah-uj-akkumulatorral-es-uj-elektronikaval-2806/,0,301
/joyor-t10-elektromos-roller-60v-2x-1000w-18ah,/termek/joyor-t10-elektromos-roller-60v-2x-1000w-18ah/,0,301
/joyor-s5-z,/termek/joyor-s5-z/,0,301
/e-bike-dual-isen-h1-elektromos-kerekpar-250w,/termek/e-bike-dual-isen-h1-elektromos-kerekpar-250w/,0,301
/e-bike-f510-eco-flying-elektromos-kerekpar,/termek/e-bike-f510-eco-flying-elektromos-kerekpar/,0,301
/elektromos-roller-xiaomi-m365-kiegeszito-visszapillanto-tukor,/termek/elektromos-roller-xiaomi-m365-kiegeszito-visszapillanto-tukor/,0,301
/elektromos-roller-kiegeszito-tarcsafek-zar,/termek/elektromos-roller-kiegeszito-tarcsafek-zar/,0,301
/elektromos-roller-kiegeszito-xiaomi-m365-fekete-ules,/termek/elektromos-roller-kiegeszito-xiaomi-m365-fekete-ules/,0,301
/elektromos-roller-kiegeszito-gyerek-kormany-ninebot,/termek/elektromos-roller-kiegeszito-gyerek-kormany-ninebot/,0,301
/xiaomi-elektromos-roller-alkatresz-m365-csengo,/termek/xiaomi-elektromos-roller-alkatresz-m365-csengo/,0,301
/elektromos-roller-kiegeszitok-vedofelszereles-konyok-csulo-terd-vedo,/termek/elektromos-roller-kiegeszitok-vedofelszereles-konyok-csulo-terd-vedo/,0,301
/elektromos-roller-kiegeszito-kugoo-g2-pro-tolto-546v-2a,/termek/elektromos-roller-kiegeszito-kugoo-g2-pro-tolto-546v-2a/,0,301
/bukosisak-elol-hatul-led-lampaval-fekete,/termek/bukosisak-elol-hatul-led-lampaval-fekete/,0,301
/bukosisak-elol-hatul-led-lampakkal-pink,/termek/bukosisak-elol-hatul-led-lampakkal-pink/,0,301
/bukosisak-elol-hatul-led-lampakkal-fekete,/termek/bukosisak-elol-hatul-led-lampakkal-fekete/,0,301
/elektromos-roller-kiegeszito-vezetek-nelkuli-ledes-hatso-lampa-iranyjelzo-funkcioval,/termek/elektromos-roller-kiegeszito-vezetek-nelkuli-ledes-hatso-lampa-iranyjelzo-funkcioval/,0,301
/szelepszarhosszabito-elektromos-roller-alkatresz,/termek/szelepszarhosszabito-elektromos-roller-alkatresz/,0,301
/kombinacios-spiralzar-elektromos-roller-kiegeszito,/termek/kombinacios-spiralzar-elektromos-roller-kiegeszito/,0,301
/elektromos-roller-kiegeszito-tolto-294v-2a,/termek/elektromos-roller-kiegeszito-tolto-294v-2a/,0,301
/elektromos-roller-kiegeszito-tolto-42v-2a-xiaomi,/termek/elektromos-roller-kiegeszito-tolto-42v-2a-xiaomi/,0,301
/elektromos-roller-kiegeszito-toltheto-led-es-elso-lampa,/termek/elektromos-roller-kiegeszito-toltheto-led-es-elso-lampa/,0,301
/bukosisak-elol-fekete,/termek/bukosisak-elol-fekete/,0,301
/bukosisak-fekete-m,/termek/bukosisak-fekete-m/,0,301
/bukosisak-fekete-s,/termek/bukosisak-fekete-s/,0,301
/bukosisak-feher-s,/termek/bukosisak-feher-s/,0,301
/bukosisak-feher-m,/termek/bukosisak-feher-m/,0,301
/bukosisak-feher-l,/termek/bukosisak-feher-l/,0,301
/bukosisak-feher-kek-s,/termek/bukosisak-feher-kek-s/,0,301
/bukosisak-kek-m,/termek/bukosisak-kek-m/,0,301
/bukosisak-kek-l,/termek/bukosisak-kek-l/,0,301
/elektromos-roller-kiegeszito-montain-bike-kormany,/termek/elektromos-roller-kiegeszito-montain-bike-kormany/,0,301
/elektromos-roller-kiegeszito-kormyany-toldo-rud,/termek/elektromos-roller-kiegeszito-kormyany-toldo-rud/,0,301
/futheto-melleny-leveheto-kapucnival-elektromos-roller-kiegeszito-1390,/termek/futheto-melleny-leveheto-kapucnival-elektromos-roller-kiegeszito-1390/,0,301
/futheto-melleny-leveheto-kapucnival-elektromos-roller-kiegeszito-1393,/termek/futheto-melleny-leveheto-kapucnival-elektromos-roller-kiegeszito-1393/,0,301
/xiaomi-pro-elektromos-roller-kiegeszito-fekete-ules,/termek/xiaomi-pro-elektromos-roller-kiegeszito-fekete-ules/,0,301
/ezust-kek-matrica-szett-elektromos-roller-kiegeszito,/termek/ezust-kek-matrica-szett-elektromos-roller-kiegeszito/,0,301
/kek-ezust-matrica-szett-elektromos-roller-kiegeszito-1411,/termek/kek-ezust-matrica-szett-elektromos-roller-kiegeszito-1411/,0,301
/ezust-kek-piros-matrica-szett-elektromos-roller-kiegeszito-1412,/termek/ezust-kek-piros-matrica-szett-elektromos-roller-kiegeszito-1412/,0,301
/piros-ezust-piros-matrica-szett-elektromos-roller-kiegeszito-1415,/termek/piros-ezust-piros-matrica-szett-elektromos-roller-kiegeszito-1415/,0,301
/ezust-piros-matrica-szett-elektromos-roller-kiegeszito-1418,/termek/ezust-piros-matrica-szett-elektromos-roller-kiegeszito-1418/,0,301
/segway-g30-max-elektromos-roller-kiegeszito-ules-1431,/termek/segway-g30-max-elektromos-roller-kiegeszito-ules-1431/,0,301
/xiaomi-piros-kormanymagasito-kiegeszito,/termek/xiaomi-piros-kormanymagasito-kiegeszito/,0,301
/xiaomi-elektromos-roller-kiegeszito-fekete-kormanymagasito-1456,/termek/xiaomi-elektromos-roller-kiegeszito-fekete-kormanymagasito-1456/,0,301
/xiaomi-elektromos-roller-kiegeszito-sarga-kormanymagasito-1459,/termek/xiaomi-elektromos-roller-kiegeszito-sarga-kormanymagasito-1459/,0,301
/xiaomi-elektromos-roller-kiegeszito-fekete-ulip-kitamasztio,/termek/xiaomi-elektromos-roller-kiegeszito-fekete-ulip-kitamasztio/,0,301
/xiaomi-elektromos-roller-kiegeszito-piros-ulip-kitamaszto-1468,/termek/xiaomi-elektromos-roller-kiegeszito-piros-ulip-kitamaszto-1468/,0,301
/elektromos-roller-kiegeszito-toltheto-led-lampapar-tartoval,/termek/elektromos-roller-kiegeszito-toltheto-led-lampapar-tartoval/,0,301
/elektromos-roller-kiegeszito-halozati-tolto-588v-2a,/termek/elektromos-roller-kiegeszito-halozati-tolto-588v-2a/,0,301
/segway-g30-max-elektromos-roller-kiegeszito-halozati-gyorstolto-42v-5a,/termek/segway-g30-max-elektromos-roller-kiegeszito-halozati-gyorstolto-42v-5a/,0,301
/bukosisak-elol-hatul-led-lampakkal-feher-1618,/termek/bukosisak-elol-hatul-led-lampakkal-feher-1618/,0,301
/bukosisak-elol-hatul-led-lampakkal-turkiz-1619,/termek/bukosisak-elol-hatul-led-lampakkal-turkiz-1619/,0,301
/bukosisak-elol-hatul-led-lampakkal-tobb-szellozonyilassal-feher-1623,/termek/bukosisak-elol-hatul-led-lampakkal-tobb-szellozonyilassal-feher-1623/,0,301
/bukosisak-feher-m-,/termek/bukosisak-feher-m-/,0,301
/bukosisak-fekete-m-1631,/termek/bukosisak-fekete-m-1631/,0,301
/elektromos-roller-kiegeszito-led-es-elso-lampa-fekete-narancssarga,/termek/elektromos-roller-kiegeszito-led-es-elso-lampa-fekete-narancssarga/,0,301
/elektromos-roller-kiegeszito-led-es-elso-lampa-fekete-citromsarga,/termek/elektromos-roller-kiegeszito-led-es-elso-lampa-fekete-citromsarga/,0,301
/elektromos-roller-kiegeszito-led-es-elso-lampa-fekete-ezust,/termek/elektromos-roller-kiegeszito-led-es-elso-lampa-fekete-ezust/,0,301
/elektromos-roller-kiegeszito-led-es-elso-lampa-ezust,/termek/elektromos-roller-kiegeszito-led-es-elso-lampa-ezust/,0,301
/elektromos-roller-kiegeszito-led-es-elso-lampa-kek,/termek/elektromos-roller-kiegeszito-led-es-elso-lampa-kek/,0,301
/elektromos-roller-kiegeszito-led-es-elso-lampa-piros,/termek/elektromos-roller-kiegeszito-led-es-elso-lampa-piros/,0,301
/elektromos-roller-kiegeszito-hordozhato-kompresszor-pumpa-1662,/termek/elektromos-roller-kiegeszito-hordozhato-kompresszor-pumpa-1662/,0,301
/elektromos-roller-kiegeszito-kormanystabilizator-szitalas-gatlo-1701,/termek/elektromos-roller-kiegeszito-kormanystabilizator-szitalas-gatlo-1701/,0,301
/tekercsvedo-vezetek-6-mm-szeles-1-m-hosszu-fekete,/termek/tekercsvedo-vezetek-6-mm-szeles-1-m-hosszu-fekete/,0,301
/tekercsvedo-vezetek-6-mm-szeles-1-m-hosszu-piros-1707,/termek/tekercsvedo-vezetek-6-mm-szeles-1-m-hosszu-piros-1707/,0,301
/tekercsvedo-vezetek-6-mm-szeles-1-m-hosszu-feher-1708,/termek/tekercsvedo-vezetek-6-mm-szeles-1-m-hosszu-feher-1708/,0,301
/tekercsvedo-vezetek-8-mm-szeles-1-m-hosszu-feher-1711,/termek/tekercsvedo-vezetek-8-mm-szeles-1-m-hosszu-feher-1711/,0,301
/tekercsvedo-vezetek-8-mm-szeles-1-m-hosszu-fekete-1712,/termek/tekercsvedo-vezetek-8-mm-szeles-1-m-hosszu-fekete-1712/,0,301
/tekercsvedo-vezetek-8-mm-szeles-1-m-hosszu-piros-1714,/termek/tekercsvedo-vezetek-8-mm-szeles-1-m-hosszu-piros-1714/,0,301
/elektromos-roller-kiegeszito-mountain-bike-kormany-piros-1717,/termek/elektromos-roller-kiegeszito-mountain-bike-kormany-piros-1717/,0,301
/elektromos-roller-kiegeszito-telefontarto-fekete-1724,/termek/elektromos-roller-kiegeszito-telefontarto-fekete-1724/,0,301
/elektromos-roller-kiegeszito-napelemes-ujratoltheto-lampa,/termek/elektromos-roller-kiegeszito-napelemes-ujratoltheto-lampa/,0,301
/szelepszar-hosszabbito-elektromos-roller-alkatresz-1896,/termek/szelepszar-hosszabbito-elektromos-roller-alkatresz-1896/,0,301
/xiaomi-elektromos-roller-alkatresz-m365-csengo-1900,/termek/xiaomi-elektromos-roller-alkatresz-m365-csengo-1900/,0,301
/xiaomi-elektromos-roller-alkatresz-m365-csengo-fekete-1905,/termek/xiaomi-elektromos-roller-alkatresz-m365-csengo-fekete-1905/,0,301
/merev-boritasu-taska-3l-elektromos-roller-kiegeszito-terepmintas-fekete-feher,/termek/merev-boritasu-taska-3l-elektromos-roller-kiegeszito-terepmintas-fekete-feher/,0,301
/elektromos-roller-kiegeszito-vezetek-nelkuli-led-es-lampa-iranyjelzo-funkcioval-index,/termek/elektromos-roller-kiegeszito-vezetek-nelkuli-led-es-lampa-iranyjelzo-funkcioval-index/,0,301
/bukosisak-lagy-kek-l,/termek/bukosisak-lagy-kek-l/,0,301
/merev-boritasu-taska-3l-terepmintas-zold-barna-elektromos-roller-kiegeszito-2088,/termek/merev-boritasu-taska-3l-terepmintas-zold-barna-elektromos-roller-kiegeszito-2088/,0,301
/esoallo-merev-boritasu-taska-1l-fekete-elektromos-roller-kiegeszito-2093,/termek/esoallo-merev-boritasu-taska-1l-fekete-elektromos-roller-kiegeszito-2093/,0,301
/kulcsos-zar-lakat-elektromos-roller-kiegeszito-babakek,/termek/kulcsos-zar-lakat-elektromos-roller-kiegeszito-babakek/,0,301
/szamkombinacios-zar-lakat-elektromos-roller-kiegeszito-piros,/termek/szamkombinacios-zar-lakat-elektromos-roller-kiegeszito-piros/,0,301
/szamkombinacios-zar-lakat-elektromos-roller-kiegeszito-zold,/termek/szamkombinacios-zar-lakat-elektromos-roller-kiegeszito-zold/,0,301
/szamkombinacios-zar-lakat-elektromos-roller-kiegeszito-graffiti,/termek/szamkombinacios-zar-lakat-elektromos-roller-kiegeszito-graffiti/,0,301
/szamkombinacios-zar-lakat-elektromos-roller-kiegeszito-kek,/termek/szamkombinacios-zar-lakat-elektromos-roller-kiegeszito-kek/,0,301
/szamkombinacios-zar-lakat-elektromos-roller-kiegeszito-malyva,/termek/szamkombinacios-zar-lakat-elektromos-roller-kiegeszito-malyva/,0,301
/lathatosagi-melleny-elektromos-roller-kiegeszito-01,/termek/lathatosagi-melleny-elektromos-roller-kiegeszito-01/,0,301
/lathatosagi-melleny-elektromos-roller-kiegeszito-02,/termek/lathatosagi-melleny-elektromos-roller-kiegeszito-02/,0,301
/markolat-led-iranyjelzo-index,/termek/markolat-led-iranyjelzo-index/,0,301
/elektromos-roller-kiegeszito-toltheto-led-es-elso-lampa-lmp06,/termek/elektromos-roller-kiegeszito-toltheto-led-es-elso-lampa-lmp06/,0,301
/toltheto-led-es-elso-lampa-elektromos-roller-kiegeszito-lmp07,/termek/toltheto-led-es-elso-lampa-elektromos-roller-kiegeszito-lmp07/,0,301
/toltheto-led-es-elso-lampa-elektromos-roller-kiegeszito-lmp08,/termek/toltheto-led-es-elso-lampa-elektromos-roller-kiegeszito-lmp08/,0,301
/lathatosagi-melleny-elektromos-roller-kiegeszito-04,/termek/lathatosagi-melleny-elektromos-roller-kiegeszito-04/,0,301
/hordozo-taska-elektromos-roller-kiegeszito,/termek/hordozo-taska-elektromos-roller-kiegeszito/,0,301
/hordozo-taska-kugoo-elektromos-roller-kiegeszito,/termek/hordozo-taska-kugoo-elektromos-roller-kiegeszito/,0,301
/hatso-csomagtarto-elektromos-roller-kiegeszito,/termek/hatso-csomagtarto-elektromos-roller-kiegeszito/,0,301
/kormanytoldo-rud-elektromos-roller-kiegeszito-kek,/termek/kormanytoldo-rud-elektromos-roller-kiegeszito-kek/,0,301
/elektromos-roller-kiegeszito-halozati-tolto-546v-2a-ventillatoros-2189,/termek/elektromos-roller-kiegeszito-halozati-tolto-546v-2a-ventillatoros-2189/,0,301
/toltheto-led-es-elso-lampa-300-lumen-elektromos-roller-kiegeszito,/termek/toltheto-led-es-elso-lampa-300-lumen-elektromos-roller-kiegeszito/,0,301
/elektromos-roller-kiegeszito-tolto-42v-2a-2193,/termek/elektromos-roller-kiegeszito-tolto-42v-2a-2193/,0,301
/bukosisak-feket-m-es-meret,/termek/bukosisak-feket-m-es-meret/,0,301
/bukosisak-fekete-l-es-meret,/termek/bukosisak-fekete-l-es-meret/,0,301
/halozati-tolto-41v-2a-mi4-elektromos-roller-kiegeszito,/termek/halozati-tolto-41v-2a-mi4-elektromos-roller-kiegeszito/,0,301
/vedofelszereles-konyokvedo-terdvedo-csuklovedo-kek-szinben-2221,/termek/vedofelszereles-konyokvedo-terdvedo-csuklovedo-kek-szinben-2221/,0,301
/osszecsukahato-szamkombinacios-zar-lakat-elektromos-roller-kiegeszito,/termek/osszecsukahato-szamkombinacios-zar-lakat-elektromos-roller-kiegeszito/,0,301
/kormanytoldo-rud-elektromos-roller-kiegeszito-piros-2414,/termek/kormanytoldo-rud-elektromos-roller-kiegeszito-piros-2414/,0,301
/vezetekvedo-tekercs-110cm-hosszu-fekete,/termek/vezetekvedo-tekercs-110cm-hosszu-fekete/,0,301
/esoallo-merev-boritasu-taska-4l-fekete-elektromos-roller-kiegeszito,/termek/esoallo-merev-boritasu-taska-4l-fekete-elektromos-roller-kiegeszito/,0,301
/csomagtarto-taska-8-l-fekete-elektromos-roller-kiegeszito,/termek/csomagtarto-taska-8-l-fekete-elektromos-roller-kiegeszito/,0,301
/elektromos-roller-alkatresz-kormanyszar-befogo-stucni,/termek/elektromos-roller-alkatresz-kormanyszar-befogo-stucni/,0,301
/kormany-rud-elektromos-roller-kiegeszito-kek-hajlitott,/termek/kormany-rud-elektromos-roller-kiegeszito-kek-hajlitott/,0,301
/kormany-kormany-rud-elektromos-roller-kiegeszito-fekete,/termek/kormany-kormany-rud-elektromos-roller-kiegeszito-fekete/,0,301
/telefontarto-elektromos-roller-kiegeszito-fekete-gumis,/termek/telefontarto-elektromos-roller-kiegeszito-fekete-gumis/,0,301
/elektromos-roller-kiegeszito-gyerek-kormany-xiaomi,/termek/elektromos-roller-kiegeszito-gyerek-kormany-xiaomi/,0,301
/roller-tarto-fali-konzol-elektromos-roller-kiegeszito,/termek/roller-tarto-fali-konzol-elektromos-roller-kiegeszito/,0,301
/ninebot-segway-max-g30-csengo-elektromos-roller-alkatresz,/termek/ninebot-segway-max-g30-csengo-elektromos-roller-alkatresz/,0,301
/tolto-54-6v-2a-elektromos-rollerhez,/termek/tolto-54-6v-2a-elektromos-rollerhez/,0,301
/tolto-42v-2a-xiaomi-segway-akai-elektromos-roller-kiegeszito-2522,/termek/tolto-42v-2a-xiaomi-segway-akai-elektromos-roller-kiegeszito-2522/,0,301
/bukosisak-elol-hatul-led-lampakkal-feher-xl,/termek/bukosisak-elol-hatul-led-lampakkal-feher-xl/,0,301
/ezust-kek-matrica-szett-xiaomi-elektromos-rollerhez-kiegeszito-2575,/termek/ezust-kek-matrica-szett-xiaomi-elektromos-rollerhez-kiegeszito-2575/,0,301
/elektromos-roller-kiegeszito-halozati-tolto-67-2v,/termek/elektromos-roller-kiegeszito-halozati-tolto-67-2v/,0,301
/elektromos-roller-kiegeszito-visszapillanto-tukor-sisakra-2-db,/termek/elektromos-roller-kiegeszito-visszapillanto-tukor-sisakra-2-db/,0,301
/telefontarto-elektromos-roller-kiegeszito-fekete-2634,/termek/telefontarto-elektromos-roller-kiegeszito-fekete-2634/,0,301
/zart-bukosisak-m-kekfekete-2649,/termek/zart-bukosisak-m-kekfekete-2649/,0,301
/zart-bukosisak-m-fekete-neon-2650,/termek/zart-bukosisak-m-fekete-neon-2650/,0,301
/elektromos-roller-kiegeszito-kormanystabilizator-szitalasgatlo-piros,/termek/elektromos-roller-kiegeszito-kormanystabilizator-szitalasgatlo-piros/,0,301
/esoallo-merev-boritasu-taska-2l-fekete-elektromos-roller-kiegeszito,/termek/esoallo-merev-boritasu-taska-2l-fekete-elektromos-roller-kiegeszito/,0,301
/esoallo-merev-boritasu-taska-3l-fekete-elektromos-roller-kiegeszito,/termek/esoallo-merev-boritasu-taska-3l-fekete-elektromos-roller-kiegeszito/,0,301
/esoallo-merev-boritasu-taska-4-l-fekete-elektromos-roller-kiegeszito-2720,/termek/esoallo-merev-boritasu-taska-4-l-fekete-elektromos-roller-kiegeszito-2720/,0,301
/elektromos-roller-kiegeszito-halozati-tolto-546v-2a-2727,/termek/elektromos-roller-kiegeszito-halozati-tolto-546v-2a-2727/,0,301
/xiaomi-elektromos-roller-alkatresz-kitamaszto,/termek/xiaomi-elektromos-roller-alkatresz-kitamaszto/,0,301
/xiaomi-kijelzovedo-szilikon-elektromos-roller-kiegeszito-kek,/termek/xiaomi-kijelzovedo-szilikon-elektromos-roller-kiegeszito-kek/,0,301
/elektromos-roller-alkatresz-kormany-osszecsuko-mechanizmus-segway-ninebot-g30-max,/termek/elektromos-roller-alkatresz-kormany-osszecsuko-mechanizmus-segway-ninebot-g30-max/,0,301
/elektromos-roller-alkatresz-kormanymagasito-254mm,/termek/elektromos-roller-alkatresz-kormanymagasito-254mm/,0,301
/xiaomi-hatso-csavartakaro-boritas-fenyvisszavero-prizmaval-elektromos-roller-kiegeszito-szett-2138,/termek/xiaomi-hatso-csavartakaro-boritas-fenyvisszavero-prizmaval-elektromos-roller-kiegeszito-szett-2138/,0,301
/kijelzovedo-szilikon-kukirin-tipusu-elektromos-rollerhez,/termek/kijelzovedo-szilikon-kukirin-tipusu-elektromos-rollerhez/,0,301
/kitamaszto-xiaomi-4pro-elektromos-roller-alkatresz,/termek/kitamaszto-xiaomi-4pro-elektromos-roller-alkatresz/,0,301
/kitamaszto-xiaomi-elektromos-roller-alkatresz-2618,/termek/kitamaszto-xiaomi-elektromos-roller-alkatresz-2618/,0,301
/kijelzovedo-szilikon-xiaomi-tipusu-elektromos-rollerekhez-fekete-2624,/termek/kijelzovedo-szilikon-xiaomi-tipusu-elektromos-rollerekhez-fekete-2624/,0,301
/kijelzovedo-szilikon-xiaomi-4-lite-2-gen-2626,/termek/kijelzovedo-szilikon-xiaomi-4-lite-2-gen-2626/,0,301
/segway-ninebot-es-elektromos-roller-alkatresz-kulso-akkumulator-tarto,/termek/segway-ninebot-es-elektromos-roller-alkatresz-kulso-akkumulator-tarto/,0,301
/elektromos-roller-kijelzo-kapcsolo,/termek/elektromos-roller-kijelzo-kapcsolo/,0,301
/xiaomi-csavartakaro-boritas-prizmaval-elektromos-roller-kiegeszito,/termek/xiaomi-csavartakaro-boritas-prizmaval-elektromos-roller-kiegeszito/,0,301
/xiaomi-csavartakaro-boritas-fenyvisszavero-prizmaval-elektromos-roller-kiegeszito-szett-1536,/termek/xiaomi-csavartakaro-boritas-fenyvisszavero-prizmaval-elektromos-roller-kiegeszito-szett-1536/,0,301
/xiaomi-csavartakaro-boritas-fenyvisszavero-prizmaval-elektromos-roller-kiegeszito-szett-1537,/termek/xiaomi-csavartakaro-boritas-fenyvisszavero-prizmaval-elektromos-roller-kiegeszito-szett-1537/,0,301
/xiaomi-hatso-csavartakaro-boritas-prizma-tarto-elektromos-roller-kiegeszito-szett-1657,/termek/xiaomi-hatso-csavartakaro-boritas-prizma-tarto-elektromos-roller-kiegeszito-szett-1657/,0,301
/xiaomi-hatso-csavartakaro-boritas-prizma-tarto-2-elektromos-roller-kiegeszito,/termek/xiaomi-hatso-csavartakaro-boritas-prizma-tarto-2-elektromos-roller-kiegeszito/,0,301
/xiaomi-fenyvisszavero-prizma-xiaomi-mi4-ultra-elektromos-roller-kiegeszito,/termek/xiaomi-fenyvisszavero-prizma-xiaomi-mi4-ultra-elektromos-roller-kiegeszito/,0,301
/segway-elektromos-roller-kiegeszito-kijelzovedo,/termek/segway-elektromos-roller-kiegeszito-kijelzovedo/,0,301
/xiaomi-kijelzovedo-szilikon-elektromos-roller-kiegeszito-fekete,/termek/xiaomi-kijelzovedo-szilikon-elektromos-roller-kiegeszito-fekete/,0,301
/xiaomi-kijelzovedo-szilikon-elektromos-roller-kiegeszito-piros,/termek/xiaomi-kijelzovedo-szilikon-elektromos-roller-kiegeszito-piros/,0,301
/kijelzovedo-szilikon-kuickwheel-tipusu-elektromos-rollerekhez,/termek/kijelzovedo-szilikon-kuickwheel-tipusu-elektromos-rollerekhez/,0,301
/xiaomi-kitamasztovedo-szilikon-elektromos-roller-kiegeszito,/termek/xiaomi-kitamasztovedo-szilikon-elektromos-roller-kiegeszito/,0,301
/akaif10-elektromos-roller-alkatresz-roller-kitamaszto,/termek/akaif10-elektromos-roller-alkatresz-roller-kitamaszto/,0,301
/xiaomi-kitamasztovedo-szilikon-elektromos-roller-kiegeszito-piros-fekete-2009,/termek/xiaomi-kitamasztovedo-szilikon-elektromos-roller-kiegeszito-piros-fekete-2009/,0,301
/xiaomi-elektromos-roller-alkatresz-kormany-csuklo,/termek/xiaomi-elektromos-roller-alkatresz-kormany-csuklo/,0,301
/xiaomi-elektromos-roller-alkatresz-kormany-szorito-gyuru,/termek/xiaomi-elektromos-roller-alkatresz-kormany-szorito-gyuru/,0,301
/segway-max-g30-elektromos-roller-alkatresz-kormany-szorito-gyuru-1127,/termek/segway-max-g30-elektromos-roller-alkatresz-kormany-szorito-gyuru-1127/,0,301
/xiaomi-elektromos-roller-alkatresz-kormanymagasito-toldat,/termek/xiaomi-elektromos-roller-alkatresz-kormanymagasito-toldat/,0,301
/villa-ninebot-e2-plus-eletromos-roller-alkatresz,/termek/villa-ninebot-e2-plus-eletromos-roller-alkatresz/,0,301
/kormany-csapagy-kukirin-g2-g3-elektromos-roller-alkatresz-2551,/termek/kormany-csapagy-kukirin-g2-g3-elektromos-roller-alkatresz-2551/,0,301
/max-g30-elektromos-roller-alkatresz-kormanycsapagy-szett,/termek/max-g30-elektromos-roller-alkatresz-kormanycsapagy-szett/,0,301
/xiaomi-elektromos-roller-alkatresz-szilikon-markolat,/termek/xiaomi-elektromos-roller-alkatresz-szilikon-markolat/,0,301
/elektromos-roller-alkatresz-gumi-markolat-par-735,/termek/elektromos-roller-alkatresz-gumi-markolat-par-735/,0,301
/szilikon-markolat-fekete-xiaomi-elektromos-roller-alkatresz-par,/termek/szilikon-markolat-fekete-xiaomi-elektromos-roller-alkatresz-par/,0,301
/szilikon-markolat-piros-xiaomi-elektromos-roller-alkatresz,/termek/szilikon-markolat-piros-xiaomi-elektromos-roller-alkatresz/,0,301
/szilikon-markolat-kormanyhosszabbito-fekete-elektromos-roller-alkatresz-par-2158,/termek/szilikon-markolat-kormanyhosszabbito-fekete-elektromos-roller-alkatresz-par-2158/,0,301
/szilikon-markolat-fekete-csikos-xiaomi-elektromos-roller-alkatresz,/termek/szilikon-markolat-fekete-csikos-xiaomi-elektromos-roller-alkatresz/,0,301
/markolat-fekete-kek-xiaomi-elektromos-roller-alkatresz-par,/termek/markolat-fekete-kek-xiaomi-elektromos-roller-alkatresz-par/,0,301
/becsavarhato-markolat-fekete-elektromos-roller-alkatresz-par,/termek/becsavarhato-markolat-fekete-elektromos-roller-alkatresz-par/,0,301
/szilikon-markolat-kek-fekete-ninebotxiaomi-elektromos-rollerhez-alkatresz-par-2507,/termek/szilikon-markolat-kek-fekete-ninebotxiaomi-elektromos-rollerhez-alkatresz-par-2507/,0,301
/szilikon-markolat-szurke-fekete-ninebotxiaomi-elektromos-rollerhez-alkatresz-par-2561,/termek/szilikon-markolat-szurke-fekete-ninebotxiaomi-elektromos-rollerhez-alkatresz-par-2561/,0,301
/tolto-aljzat-csatlakozo-3pontos,/termek/tolto-aljzat-csatlakozo-3pontos/,0,301
/tolto-csatlakozo-tolto-aljzat-3-pontos-xt30,/termek/tolto-csatlakozo-tolto-aljzat-3-pontos-xt30/,0,301
/tolto-aljzat-csatlakozo-xiaomi-ninebot,/termek/tolto-aljzat-csatlakozo-xiaomi-ninebot/,0,301
/fektarcsa-140mm-6-elektromos-roller-alkatresz,/termek/fektarcsa-140mm-6-elektromos-roller-alkatresz/,0,301
/kugoo-g-booster-jobb-fekkar,/termek/kugoo-g-booster-jobb-fekkar/,0,301
/kugoo-g-booster-kormany-bilincs,/termek/kugoo-g-booster-kormany-bilincs/,0,301
/kugoo-g-booster-controller-motorvezerlo-elektronika-a,/termek/kugoo-g-booster-controller-motorvezerlo-elektronika-a/,0,301
/xiaomi-elektromos-roller-belso-gumi-8_5collos-egyenes-szelep,/termek/xiaomi-elektromos-roller-belso-gumi-8_5collos-egyenes-szelep/,0,301
/xiaomi-elektromos-roller-10x2-es-kulso-gumi,/termek/xiaomi-elektromos-roller-10x2-es-kulso-gumi/,0,301
/tuovt-elektromos-roller-10x3-as-kulso-terep-gumi,/termek/tuovt-elektromos-roller-10x3-as-kulso-terep-gumi/,0,301
/elektromos-roller-akkumulator-48v-13ah,/termek/elektromos-roller-akkumulator-48v-13ah/,0,301
/elektromos-roller-alkatresz-xiaomi-m365-motorvezerlo-vezerlo-controller,/termek/elektromos-roller-alkatresz-xiaomi-m365-motorvezerlo-vezerlo-controller/,0,301
/xiaomi-m365-elektromos-roller-alkatresz-gazkar-fekete,/termek/xiaomi-m365-elektromos-roller-alkatresz-gazkar-fekete/,0,301
/elektromos-roller-alkatresz-kugoo-g-booster-led-fenyek,/termek/elektromos-roller-alkatresz-kugoo-g-booster-led-fenyek/,0,301
/elektromos-roller-alkatresz-kugoo-g-booster-meghajtast-iranyito-gomb,/termek/elektromos-roller-alkatresz-kugoo-g-booster-meghajtast-iranyito-gomb/,0,301
/elektromos-roller-alkatresz-kugoo-g-booster-elso-lengescsillapito,/termek/elektromos-roller-alkatresz-kugoo-g-booster-elso-lengescsillapito/,0,301
/elektromos-roller-alkatresz-kugoo-g-booster-fek-bowden,/termek/elektromos-roller-alkatresz-kugoo-g-booster-fek-bowden/,0,301
/elektromos-roller-alkatresz-kugoo-g-booster-hatso-sarvedo,/termek/elektromos-roller-alkatresz-kugoo-g-booster-hatso-sarvedo/,0,301
/elektromos-roller-alkatresz-kugoo-g-booster-integracios-kabel,/termek/elektromos-roller-alkatresz-kugoo-g-booster-integracios-kabel/,0,301
/elektromos-roller-alkatresz-kugoo-g-booster-kabelvedo,/termek/elektromos-roller-alkatresz-kugoo-g-booster-kabelvedo/,0,301
/elektromos-roller-alkatresz-kugoo-g-booster-lepteto-modul,/termek/elektromos-roller-alkatresz-kugoo-g-booster-lepteto-modul/,0,301
/kugoo-g-booster-elektromos-roller-osszecsuko-kapocs,/termek/kugoo-g-booster-elektromos-roller-osszecsuko-kapocs/,0,301
/elektromos-roller-alkatresz-8-5-90-fokos-belso-gumi,/termek/elektromos-roller-alkatresz-8-5-90-fokos-belso-gumi/,0,301
/elektromos-roller-alkatresz-hero-s8-elso-lengescsillapito,/termek/elektromos-roller-alkatresz-hero-s8-elso-lengescsillapito/,0,301
/elektromos-roller-alkatresz-hero-s9-hatso-lengescsillapito,/termek/elektromos-roller-alkatresz-hero-s9-hatso-lengescsillapito/,0,301
/elektromos-roller-alkatresz-hero-s8-s9-fekbetet-fekpofa,/termek/elektromos-roller-alkatresz-hero-s8-s9-fekbetet-fekpofa/,0,301
/elektromos-roller-alkatresz-hero-s9-kulso-gumi-85-col,/termek/elektromos-roller-alkatresz-hero-s9-kulso-gumi-85-col/,0,301
/elektromos-roller-alkatresz-hero-s8-s9-kijelzo,/termek/elektromos-roller-alkatresz-hero-s8-s9-kijelzo/,0,301
/elektromos-roller-alkatresz-hero-s8-vezerlo-controller-48v-25a,/termek/elektromos-roller-alkatresz-hero-s8-vezerlo-controller-48v-25a/,0,301
/hero-s9-elektromos-roller-alkatresz-vezerlo-48v-25a,/termek/hero-s9-elektromos-roller-alkatresz-vezerlo-48v-25a/,0,301
/elektromos-roller-alkatresz-whoosh-e-leopard-elso-lengescsillapito-elektromos-roller,/termek/elektromos-roller-alkatresz-whoosh-e-leopard-elso-lengescsillapito-elektromos-roller/,0,301
/whoosh-e-panther-elektromos-roller-alkatresz-hatso-lengescsillapito,/termek/whoosh-e-panther-elektromos-roller-alkatresz-hatso-lengescsillapito/,0,301
/elektromos-roller-alkatresz-e-panther-hatso-sarvedo-es-lampa-feklampa,/termek/elektromos-roller-alkatresz-e-panther-hatso-sarvedo-es-lampa-feklampa/,0,301
/elektromos-roller-alkatresz-whoosh-e-phyton-parent-and-kid-elso-lengescsillapito,/termek/elektromos-roller-alkatresz-whoosh-e-phyton-parent-and-kid-elso-lengescsillapito/,0,301
/elektromos-roller-alkatresz-whoosh-e-scorpion-elso-lengescsillapito,/termek/elektromos-roller-alkatresz-whoosh-e-scorpion-elso-lengescsillapito/,0,301
/elektromos-roller-alkatresz-whoosh-parnet-and-kid-hatso-lengescsillapito,/termek/elektromos-roller-alkatresz-whoosh-parnet-and-kid-hatso-lengescsillapito/,0,301
/elektromos-roller-whoosh-alkatresz-parent-and-kid-hatso-sarvedo-es-lampa-feklampa,/termek/elektromos-roller-whoosh-alkatresz-parent-and-kid-hatso-sarvedo-es-lampa-feklampa/,0,301
/elektromos-roller-alkatresz-whoosh-kijelzo-plus,/termek/elektromos-roller-alkatresz-whoosh-kijelzo-plus/,0,301
/kugoo-s1-s1-pro-elektromos-roller-alkatresz-gazkar,/termek/kugoo-s1-s1-pro-elektromos-roller-alkatresz-gazkar/,0,301
/kugoo-s1-controller-motorvezerlo-elektronika,/termek/kugoo-s1-controller-motorvezerlo-elektronika/,0,301
/kugoo-m4-m4-pro-elektromos-roller-controller-motorvezerlo-elektronika-690,/termek/kugoo-m4-m4-pro-elektromos-roller-controller-motorvezerlo-elektronika-690/,0,301
/whoosh-nucreal-reactor-60v-45a-elektromos-roller-controller-motorvezerlo-elektronika,/termek/whoosh-nucreal-reactor-60v-45a-elektromos-roller-controller-motorvezerlo-elektronika/,0,301
/xiaomi-kulso-gumi-8-5x2-utcai-elektromos-rollerhez,/termek/xiaomi-kulso-gumi-8-5x2-utcai-elektromos-rollerhez/,0,301
/elektromos-roller-tuovt-kulso-gumi-100-65-6-5,/termek/elektromos-roller-tuovt-kulso-gumi-100-65-6-5/,0,301
/tubeless-kulso-gumi-8565-6-elektromos-rollerhez,/termek/tubeless-kulso-gumi-8565-6-elektromos-rollerhez/,0,301
/elektromos-roller-10x3-as-kulso-gumi,/termek/elektromos-roller-10x3-as-kulso-gumi/,0,301
/elektromos-roller-alkatresz-10-colos-belso-gumi-45-os-szeleppel-elektromos-roller-belso-gumi-10x2_5,/termek/elektromos-roller-alkatresz-10-colos-belso-gumi-45-os-szeleppel-elektromos-roller-belso-gumi-10x2_5/,0,301
/elektromos-roller-kulso-gumi-cst-90-65-6_5,/termek/elektromos-roller-kulso-gumi-cst-90-65-6_5/,0,301
/elektromos-roller-tomor-lyukacsos-gumi-10x275,/termek/elektromos-roller-tomor-lyukacsos-gumi-10x275/,0,301
/cst-kulso-gumi-elektromos-rollerhez-9065-65-11,/termek/cst-kulso-gumi-elektromos-rollerhez-9065-65-11/,0,301
/elektromos-roller-alkatresz-13-colos-belso-gumi-90-os-szeleppel-elektromos-roller-belso-gumi-710,/termek/elektromos-roller-alkatresz-13-colos-belso-gumi-90-os-szeleppel-elektromos-roller-belso-gumi-710/,0,301
/elektromos-roller-alkatresz-6-colos-belso-gumi-45-os-szeleppel-elektromos-roller-belso-gumi-6x2,/termek/elektromos-roller-alkatresz-6-colos-belso-gumi-45-os-szeleppel-elektromos-roller-belso-gumi-6x2/,0,301
/elektromos-roller-szelep,/termek/elektromos-roller-szelep/,0,301
/xiaomi-elektromos-roller-alkatresz-m365-roller-kormany-csuklo-keresztcsavar,/termek/xiaomi-elektromos-roller-alkatresz-m365-roller-kormany-csuklo-keresztcsavar/,0,301
/xiaomi-elektromos-roller-alkatresz-m365-fekbowden-piros,/termek/xiaomi-elektromos-roller-alkatresz-m365-fekbowden-piros/,0,301
/xiaomi-elektromos-roller-alkatresz-m365-kijelzo-tarto-konzol,/termek/xiaomi-elektromos-roller-alkatresz-m365-kijelzo-tarto-konzol/,0,301
/xiaomi-elektromos-roller-1s-m365-essential-mi3-eredeti-kormanyszar-kormanycsukloval,/termek/xiaomi-elektromos-roller-1s-m365-essential-mi3-eredeti-kormanyszar-kormanycsukloval/,0,301
/xiaomi-elektromos-roller-alkatresz-rogzitohorog-kormanycsuklohoz,/termek/xiaomi-elektromos-roller-alkatresz-rogzitohorog-kormanycsuklohoz/,0,301
/xiaomi-elektromos-roller-alkatresz-rezgescsillapito-hezagolo,/termek/xiaomi-elektromos-roller-alkatresz-rezgescsillapito-hezagolo/,0,301
/xiaomi-elektromos-roller-alkatresz-pro2-hatso-sarvedo,/termek/xiaomi-elektromos-roller-alkatresz-pro2-hatso-sarvedo/,0,301
/xiaomi-elektromos-roller-alkatresz-m365-csuklopant,/termek/xiaomi-elektromos-roller-alkatresz-m365-csuklopant/,0,301
/xiaomi-elektromos-roller-alkatresz-fekbetet-1,/termek/xiaomi-elektromos-roller-alkatresz-fekbetet-1/,0,301
/elektromos-roller-alkatresz-fekbetet-2-par,/termek/elektromos-roller-alkatresz-fekbetet-2-par/,0,301
/elektromos-roller-alkatresz-fekbetet-3-par,/termek/elektromos-roller-alkatresz-fekbetet-3-par/,0,301
/xiaomi-elektromos-roller-alkatresz-kijelzo-plexi,/termek/xiaomi-elektromos-roller-alkatresz-kijelzo-plexi/,0,301
/elektromos-roller-alkatresz-10-colos-belso-gumi-90os-szeleppel-elektromos-roller-belso-gumi-10x2_5,/termek/elektromos-roller-alkatresz-10-colos-belso-gumi-90os-szeleppel-elektromos-roller-belso-gumi-10x2_5/,0,301
/akai-elektromos-roller-alkatresz-f10-kerek-felfujhato,/termek/akai-elektromos-roller-alkatresz-f10-kerek-felfujhato/,0,301
/akai-elektromos-roller-alkatresz-f10-akkumulator-748,/termek/akai-elektromos-roller-alkatresz-f10-akkumulator-748/,0,301
/akai-elektromos-roller-alkatresz-f10-elso-sarhanyo,/termek/akai-elektromos-roller-alkatresz-f10-elso-sarhanyo/,0,301
/akai-elektromos-roller-alkatresz-f11-elso-sarvedo,/termek/akai-elektromos-roller-alkatresz-f11-elso-sarvedo/,0,301
/hero-s10-elektromos-roller-alkatresz-kijelzo-es-kulcsos-gyujtaskapcsolo,/termek/hero-s10-elektromos-roller-alkatresz-kijelzo-es-kulcsos-gyujtaskapcsolo/,0,301
/xiaomi-elektromos-roller-motor-kulso-es-belso-gumival,/termek/xiaomi-elektromos-roller-motor-kulso-es-belso-gumival/,0,301
/akai-f10-elektromos-roller-alkatresz-vezerlo-controller-36v,/termek/akai-f10-elektromos-roller-alkatresz-vezerlo-controller-36v/,0,301
/akai-elektromos-roller-alkatresz-f10-f3-tomor-gumi,/termek/akai-elektromos-roller-alkatresz-f10-f3-tomor-gumi/,0,301
/akai-f10-f3-elektromos-roller-tomor-gumis-kerek-200x50,/termek/akai-f10-f3-elektromos-roller-tomor-gumis-kerek-200x50/,0,301
/kugoo-s1plus-elektromos-roller-alkatresz-vezerlo-controller-36v-350w-15a-780,/termek/kugoo-s1plus-elektromos-roller-alkatresz-vezerlo-controller-36v-350w-15a-780/,0,301
/kugoo-g2-pro-elektromos-roller-controller-motorvezerlo-elektronika-48v-25a,/termek/kugoo-g2-pro-elektromos-roller-controller-motorvezerlo-elektronika-48v-25a/,0,301
/10-os-belso-gumi-0-os-szeleppel-elektromos-roller-belso-gumi-10x2125,/termek/10-os-belso-gumi-0-os-szeleppel-elektromos-roller-belso-gumi-10x2125/,0,301
/kugoo-elektromos-roller-alkatresz-s1plus-hatso-sarhanyo,/termek/kugoo-elektromos-roller-alkatresz-s1plus-hatso-sarhanyo/,0,301
/akai-f10-elektromos-roller-alkatresz-taposofekbetet,/termek/akai-f10-elektromos-roller-alkatresz-taposofekbetet/,0,301
/akai-f10-elektromos-roller-alkatresz-fo-kabel,/termek/akai-f10-elektromos-roller-alkatresz-fo-kabel/,0,301
/10-os-kulso-gumi-elektromos-rollerhez-60-70-65,/termek/10-os-kulso-gumi-elektromos-rollerhez-60-70-65/,0,301
/xiaomi-elektromos-roller-alkatresz-fektarcsa,/termek/xiaomi-elektromos-roller-alkatresz-fektarcsa/,0,301
/akai-elektromos-roller-alkatresz-f10-szilikon-kabelvezeto,/termek/akai-elektromos-roller-alkatresz-f10-szilikon-kabelvezeto/,0,301
/segway-ninebot-es2-elektromos-roller-alkatresz-gazkar,/termek/segway-ninebot-es2-elektromos-roller-alkatresz-gazkar/,0,301
/segway-ninebot-es2-elektromos-roller-alkatresz-fekkar,/termek/segway-ninebot-es2-elektromos-roller-alkatresz-fekkar/,0,301
/segway-ninebot-es2-elektromos-roller-alkatresz-kijelzo,/termek/segway-ninebot-es2-elektromos-roller-alkatresz-kijelzo/,0,301
/akai-elektromos-roller-alkatresz-f3-elso-sarhanyo,/termek/akai-elektromos-roller-alkatresz-f3-elso-sarhanyo/,0,301
/kugoo-g2-pro-elektromos-roller-alkatresz-gazkar,/termek/kugoo-g2-pro-elektromos-roller-alkatresz-gazkar/,0,301
/kugoo-s1-plus-elektromos-roller-alkatresz-fekkar,/termek/kugoo-s1-plus-elektromos-roller-alkatresz-fekkar/,0,301
/xiaomi-toltocsatlakozo-szilikon-elektromos-roller-kiegeszito,/termek/xiaomi-toltocsatlakozo-szilikon-elektromos-roller-kiegeszito/,0,301
/xiaomi-elso-hatso-csavartakaro-boritas-elektromos-roller-kiegeszito,/termek/xiaomi-elso-hatso-csavartakaro-boritas-elektromos-roller-kiegeszito/,0,301
/xiaomi-elektromos-roller-alkatresz-kormanycsapagy-szett,/termek/xiaomi-elektromos-roller-alkatresz-kormanycsapagy-szett/,0,301
/kugoo-s1-hatso-sarhanyo-elektromos-roller-alkatresz,/termek/kugoo-s1-hatso-sarhanyo-elektromos-roller-alkatresz/,0,301
/8-os-kulso-gumi-200x50-elektromos-rollerhez,/termek/8-os-kulso-gumi-200x50-elektromos-rollerhez/,0,301
/gazkaros-kijelzo-elektromos-roller-alkatresz,/termek/gazkaros-kijelzo-elektromos-roller-alkatresz/,0,301
/gazkaros-kijelzo-elektromos-roller-alkatresz-dupla-motoros,/termek/gazkaros-kijelzo-elektromos-roller-alkatresz-dupla-motoros/,0,301
/xiaomi-pro-elektromos-roller-alkatresz-fekbetet-fekpofa-par,/termek/xiaomi-pro-elektromos-roller-alkatresz-fekbetet-fekpofa-par/,0,301
/segway-ninebot-g30-alkatresz-motorvezerlo-vezerlo-controller,/termek/segway-ninebot-g30-alkatresz-motorvezerlo-vezerlo-controller/,0,301
/segway-ninebot-es-alkatresz-motorvezerlo-vezerlo-controller-999,/termek/segway-ninebot-es-alkatresz-motorvezerlo-vezerlo-controller-999/,0,301
/markolatos-gazkar-elektromos-roller-alkatresz-gyujtaskapcsoloval-48v,/termek/markolatos-gazkar-elektromos-roller-alkatresz-gyujtaskapcsoloval-48v/,0,301
/akkumulator-vezerlo-elektromos-roller-alkatresz-bms-controller-36v-20a,/termek/akkumulator-vezerlo-elektromos-roller-alkatresz-bms-controller-36v-20a/,0,301
/kugoo-es2-elektromos-roller-alkatresz-kijelzo,/termek/kugoo-es2-elektromos-roller-alkatresz-kijelzo/,0,301
/segway-ninebot-g30-elektromos-roller-alkatresz-elso-lengescsillapito,/termek/segway-ninebot-g30-elektromos-roller-alkatresz-elso-lengescsillapito/,0,301
/hero-roller-gorgo-elektromos-roller-kiegeszito,/termek/hero-roller-gorgo-elektromos-roller-kiegeszito/,0,301
/hero-s9-elektromos-roller-alkatresz-dobfek,/termek/hero-s9-elektromos-roller-alkatresz-dobfek/,0,301
/hero-elektromos-roller-motor-kapcsolo,/termek/hero-elektromos-roller-motor-kapcsolo/,0,301
/hero-elektromos-roller-fenyszoro-kapcsolo-elektromos-roller-alkatresz,/termek/hero-elektromos-roller-fenyszoro-kapcsolo-elektromos-roller-alkatresz/,0,301
/hero-elektromos-roller-alkatresz-kormanybefogo-stucni,/termek/hero-elektromos-roller-alkatresz-kormanybefogo-stucni/,0,301
/elektromos-roller-kulso-gumi-90-65-65,/termek/elektromos-roller-kulso-gumi-90-65-65/,0,301
/10-os-kulso-cst-gumi-elektromos-rollerhez-10x30,/termek/10-os-kulso-cst-gumi-elektromos-rollerhez-10x30/,0,301
/10-os-pmt-kulso-gumi-elektromos-rollerhez-10x2,/termek/10-os-pmt-kulso-gumi-elektromos-rollerhez-10x2/,0,301
/8050r65-t41-slick-pmt-kulso-gumi-elektromos-rollerhez-1160,/termek/8050r65-t41-slick-pmt-kulso-gumi-elektromos-rollerhez-1160/,0,301
/9050r65-r-rain-pmt-kulso-gumi-elektromos-rollerhez-1163,/termek/9050r65-r-rain-pmt-kulso-gumi-elektromos-rollerhez-1163/,0,301
/10050r65-r-rain-pmt-kulso-gumi-elektromos-rollerhez-1166,/termek/10050r65-r-rain-pmt-kulso-gumi-elektromos-rollerhez-1166/,0,301
/11050r65-r-slick-pmt-kulso-gumi-elektromos-rollerhez-1169,/termek/11050r65-r-slick-pmt-kulso-gumi-elektromos-rollerhez-1169/,0,301
/10-os-tomor-gumi-elektromos-rollerhez-10x2-0-2-5,/termek/10-os-tomor-gumi-elektromos-rollerhez-10x2-0-2-5/,0,301
/10-os-tuovt-kulso-gumi-elektromos-rollerhez-80-60-6,/termek/10-os-tuovt-kulso-gumi-elektromos-rollerhez-80-60-6/,0,301
/10-os-kulso-gumi-elektromos-rollerhez-10x2-5-6-5-chaoyang,/termek/10-os-kulso-gumi-elektromos-rollerhez-10x2-5-6-5-chaoyang/,0,301
/xiaomi-elektromos-roller-alkatresz-fekkar,/termek/xiaomi-elektromos-roller-alkatresz-fekkar/,0,301
/nutt-elektromos-roller-alkatresz-fekbetet,/termek/nutt-elektromos-roller-alkatresz-fekbetet/,0,301
/elektromos-roller-alkatresz-fekbetet-4-par,/termek/elektromos-roller-alkatresz-fekbetet-4-par/,0,301
/elektromos-roller-alkatresz-fekbetet-5-par,/termek/elektromos-roller-alkatresz-fekbetet-5-par/,0,301
/elektromos-roller-alkatresz-fekbetet-6-par,/termek/elektromos-roller-alkatresz-fekbetet-6-par/,0,301
/10-os-belso-gumi-egyenes-szeleppel-elektromos-roller-belso-gumi-10x2,/termek/10-os-belso-gumi-egyenes-szeleppel-elektromos-roller-belso-gumi-10x2/,0,301
/10-os-belso-nelkuli-felfujhato-terep-gumi-segway-ninebot-g30max-elektromos-rollerhez-6070-65,/termek/10-os-belso-nelkuli-felfujhato-terep-gumi-segway-ninebot-g30max-elektromos-rollerhez-6070-65/,0,301
/11-os-cst-belso-gumi-elektromos-rollerhez-9065-65,/termek/11-os-cst-belso-gumi-elektromos-rollerhez-9065-65/,0,301
/8-os-belso-gumi-90-os-szeleppel-elektromos-roller-belso-gumi-200x50,/termek/8-os-belso-gumi-90-os-szeleppel-elektromos-roller-belso-gumi-200x50/,0,301
/belso-gumi-8-col-200x50-elektromos-rollerhez-45-fok-szelep,/termek/belso-gumi-8-col-200x50-elektromos-rollerhez-45-fok-szelep/,0,301
/kugoo-m4-pro-hatso-sarvedo-elektromos-roller,/termek/kugoo-m4-pro-hatso-sarvedo-elektromos-roller/,0,301
/xiaomi-elektromos-roller-alkatresz-kormanycsapagy,/termek/xiaomi-elektromos-roller-alkatresz-kormanycsapagy/,0,301
/bogist-c1-pro-elektromos-roller-alkatresz-motorvezerlo-vezerlo-controller,/termek/bogist-c1-pro-elektromos-roller-alkatresz-motorvezerlo-vezerlo-controller/,0,301
/bogist-c1-pro-elektromos-roller-alkatresz-kijelzo,/termek/bogist-c1-pro-elektromos-roller-alkatresz-kijelzo/,0,301
/kugoo-s1-es-s1-pro-elektromos-roller-alkatresz-villa,/termek/kugoo-s1-es-s1-pro-elektromos-roller-alkatresz-villa/,0,301
/kugoo-s1-es-s1-pro-elektromos-roller-alkatresz-fekkar-1363,/termek/kugoo-s1-es-s1-pro-elektromos-roller-alkatresz-fekkar-1363/,0,301
/gazkaros-kijelzo-elektromos-roller-alkatresz-qss4,/termek/gazkaros-kijelzo-elektromos-roller-alkatresz-qss4/,0,301
/uj-kugoo-kukirin-g2-pro-elektromos-roller-controller-motorvezerlo-elektronika-48v-20a-1381,/termek/uj-kugoo-kukirin-g2-pro-elektromos-roller-controller-motorvezerlo-elektronika-48v-20a-1381/,0,301
/kugoo-kirin-g3-elektromos-roller-controller-motorvezerlo-elektronika,/termek/kugoo-kirin-g3-elektromos-roller-controller-motorvezerlo-elektronika/,0,301
/kugoo-m4-m4-pro-elso-rugostag-par-elektromos-roller-alkatresz-1432,/termek/kugoo-m4-m4-pro-elso-rugostag-par-elektromos-roller-alkatresz-1432/,0,301
/kugoo-m4-m4-pro-felni-elektromos-roller-alkatresz,/termek/kugoo-m4-m4-pro-felni-elektromos-roller-alkatresz/,0,301
/85-os-tuovt-kulso-gumi-kukirin-g2-pro-elektromos-rollerhez-utcai-85x3,/termek/85-os-tuovt-kulso-gumi-kukirin-g2-pro-elektromos-rollerhez-utcai-85x3/,0,301
/85-os-kulso-gumi-kukirin-g2-pro-elektromos-rollerhez-terep-85x3-1446,/termek/85-os-kulso-gumi-kukirin-g2-pro-elektromos-rollerhez-terep-85x3-1446/,0,301
/8-os-kulso-gumi-belso-gumival-elektromos-rollerhez-200x50,/termek/8-os-kulso-gumi-belso-gumival-elektromos-rollerhez-200x50/,0,301
/xiaomi-pro-2-elektromos-roller-alkatresz-hatso-lampa-feklampa,/termek/xiaomi-pro-2-elektromos-roller-alkatresz-hatso-lampa-feklampa/,0,301
/xiaomi-pro-2-elektromos-roller-alkatresz-hatso-lampa-feklampa-burkolat,/termek/xiaomi-pro-2-elektromos-roller-alkatresz-hatso-lampa-feklampa-burkolat/,0,301
/xiaomi-m365-elektromos-roller-szetszedheto-hatso-felni,/termek/xiaomi-m365-elektromos-roller-szetszedheto-hatso-felni/,0,301
/xiaomi-pro-elektromos-roller-alkatresz-ulip-szetszedheto-hatso-felni-1473,/termek/xiaomi-pro-elektromos-roller-alkatresz-ulip-szetszedheto-hatso-felni-1473/,0,301
/xiaomi-elektromos-roller-alkatresz-elso-villa-lengescsillapitassal,/termek/xiaomi-elektromos-roller-alkatresz-elso-villa-lengescsillapitassal/,0,301
/kugoo-es2-microgo-m5-elektromos-roller-alkatresz-vezerlo-controller-36v,/termek/kugoo-es2-microgo-m5-elektromos-roller-alkatresz-vezerlo-controller-36v/,0,301
/kukirin-g2-max-elektromos-roller-vezerlo-controller-motorvezerlo-elektronika-48v-25a,/termek/kukirin-g2-max-elektromos-roller-vezerlo-controller-motorvezerlo-elektronika-48v-25a/,0,301
/8-os-lyukacsos-tomorkulso-gumi-elektromos-rollerhez-82125,/termek/8-os-lyukacsos-tomorkulso-gumi-elektromos-rollerhez-82125/,0,301
/8-os-tubeless-kulso-gumi-elektromos-rollerhez-83-5-8065-5,/termek/8-os-tubeless-kulso-gumi-elektromos-rollerhez-83-5-8065-5/,0,301
/10-os-tubeless-kulso-gumi-elektromos-rollerhez-defektgatlo-gellel-265x60-178-6070-7,/termek/10-os-tubeless-kulso-gumi-elektromos-rollerhez-defektgatlo-gellel-265x60-178-6070-7/,0,301
/10-os-tomor-gumi-elektromos-rollerhez-10x25-1522,/termek/10-os-tomor-gumi-elektromos-rollerhez-10x25-1522/,0,301
/kugookirin-m3-vezerlo,/termek/kugookirin-m3-vezerlo/,0,301
/kugookirin-m3-es-kuickwheel-kijelzo,/termek/kugookirin-m3-es-kuickwheel-kijelzo/,0,301
/kugookirin-m3-es-kuickwheel-fokabel,/termek/kugookirin-m3-es-kuickwheel-fokabel/,0,301
/monorim-elso-felfuggesztes-xiaomi-m365-es-pro-elektromos-rollerekhez-1587,/termek/monorim-elso-felfuggesztes-xiaomi-m365-es-pro-elektromos-rollerekhez-1587/,0,301
/monorim-elso-felfuggesztes-xiaomi-m365-es-pro-elektromos-rollerekhez-1588,/termek/monorim-elso-felfuggesztes-xiaomi-m365-es-pro-elektromos-rollerekhez-1588/,0,301
/segway-g30-elektromos-roller-hatso-sarvedo,/termek/segway-g30-elektromos-roller-hatso-sarvedo/,0,301
/kukirin-elektromos-roller-alkatresz-motor-48v-500w,/termek/kukirin-elektromos-roller-alkatresz-motor-48v-500w/,0,301
/10-colos-kerek-belso-kulso-gumival-felnivel-elektromos-rollerhez,/termek/10-colos-kerek-belso-kulso-gumival-felnivel-elektromos-rollerhez/,0,301
/segway-ninebot-es1-es2-es4-elektromos-roller-motor-gumival,/termek/segway-ninebot-es1-es2-es4-elektromos-roller-motor-gumival/,0,301
/elektromos-roller-akkumulator-eve-cellakbol-48v-19ah,/termek/elektromos-roller-akkumulator-eve-cellakbol-48v-19ah/,0,301
/teljes-elektronikai-szett-elektromos-roller-segway-g30,/termek/teljes-elektronikai-szett-elektromos-roller-segway-g30/,0,301
/elektronikai-szett-elektromos-rollerhez-36v-350w,/termek/elektronikai-szett-elektromos-rollerhez-36v-350w/,0,301
/elektronikai-szett-elektromos-rollerhez-36v-350w-baggio-ziro-smartgyro,/termek/elektronikai-szett-elektromos-rollerhez-36v-350w-baggio-ziro-smartgyro/,0,301
/elektronikai-szett-elektromos-rollerhez-36v-xiaomi,/termek/elektronikai-szett-elektromos-rollerhez-36v-xiaomi/,0,301
/elektronikai-szett-elektromos-rollerhez-48v-1200w,/termek/elektronikai-szett-elektromos-rollerhez-48v-1200w/,0,301
/elektronikai-szett-elektromos-rollerhez-24v-250w,/termek/elektronikai-szett-elektromos-rollerhez-24v-250w/,0,301
/elektronikai-szett-elektromos-rollerhez-48v-tf100,/termek/elektronikai-szett-elektromos-rollerhez-48v-tf100/,0,301
/elektronikai-szett-elektromos-rollerhez-24v-1684,/termek/elektronikai-szett-elektromos-rollerhez-24v-1684/,0,301
/segway-ninebot-es1-es2-es3-e22-elektromos-roller-eredeti-belso-akkumulator-36v-5ah-187wh,/termek/segway-ninebot-es1-es2-es3-e22-elektromos-roller-eredeti-belso-akkumulator-36v-5ah-187wh/,0,301
/10-os-tomor-gumi-elektromos-rollerhez-10x25-1689,/termek/10-os-tomor-gumi-elektromos-rollerhez-10x25-1689/,0,301
/xiaomi-fekbetet-fekpofa-par-elektromos-roller-alkatresz-1697,/termek/xiaomi-fekbetet-fekpofa-par-elektromos-roller-alkatresz-1697/,0,301
/elektromos-roller-alkatresz-fekbetet-cr3-hidraulikus-fekhez-par-1698,/termek/elektromos-roller-alkatresz-fekbetet-cr3-hidraulikus-fekhez-par-1698/,0,301
/segway-ninebot-140-mm-6lyukas-elektromos-roller-alkatresz-fektarcsa-1716,/termek/segway-ninebot-140-mm-6lyukas-elektromos-roller-alkatresz-fektarcsa-1716/,0,301
/elektromos-roller-alkatresz-fekbetet-kugoom4-par-1728,/termek/elektromos-roller-alkatresz-fekbetet-kugoom4-par-1728/,0,301
/elektromos-roller-alkatresz-fekbetet-par-1730,/termek/elektromos-roller-alkatresz-fekbetet-par-1730/,0,301
/elektromos-roller-alkatresz-fekbetet-7-par-1732,/termek/elektromos-roller-alkatresz-fekbetet-7-par-1732/,0,301
/elektromos-roller-alkatresz-fekbetet-shimanoozee-m640-par-1733,/termek/elektromos-roller-alkatresz-fekbetet-shimanoozee-m640-par-1733/,0,301
/elektromos-roller-megerositett-belso-nelkuli-kulso-gumi-8565-65-tubeless,/termek/elektromos-roller-megerositett-belso-nelkuli-kulso-gumi-8565-65-tubeless/,0,301
/6070-70-tomor-gumi-xiaomi-4-pro-elektromos-rollerhez,/termek/6070-70-tomor-gumi-xiaomi-4-pro-elektromos-rollerhez/,0,301
/elektromos-roller-alkatresz-kulso-gumi-10x2125-6,/termek/elektromos-roller-alkatresz-kulso-gumi-10x2125-6/,0,301
/tubeless-kulso-gumi-elektromos-rollerhez-9065-6-ulip,/termek/tubeless-kulso-gumi-elektromos-rollerhez-9065-6-ulip/,0,301
/segway-ninebot-elektromos-rollerhez-kulso-gumi-tubeless-9055-7,/termek/segway-ninebot-elektromos-rollerhez-kulso-gumi-tubeless-9055-7/,0,301
/segway-ninebot-elektromos-rollerhez-kulso-gumi-tubeless-defektallo-zsele-reteggel-9055-7-slime,/termek/segway-ninebot-elektromos-rollerhez-kulso-gumi-tubeless-defektallo-zsele-reteggel-9055-7-slime/,0,301
/kugookirin-g3-kukirin-g3-elektromos-roller-gazkar,/termek/kugookirin-g3-kukirin-g3-elektromos-roller-gazkar/,0,301
/segway-350w-os-elektromos-roller-motor-kulso-es-belso-gumival-1797,/termek/segway-350w-os-elektromos-roller-motor-kulso-es-belso-gumival-1797/,0,301
/xiaomi-elektromos-roller-alkatresz-kulso-es-belso-gumi-8_5-x2,/termek/xiaomi-elektromos-roller-alkatresz-kulso-es-belso-gumi-8_5-x2/,0,301
/8_5-3-tomor-gumi-elektromos-rollerhez,/termek/8_5-3-tomor-gumi-elektromos-rollerhez/,0,301
/10-es-tomor-gumi-elektromos-rollerhez-10x275-1886,/termek/10-es-tomor-gumi-elektromos-rollerhez-10x275-1886/,0,301
/elektromos-roller-yuanxing-kulso-gumi-8565-65-1902,/termek/elektromos-roller-yuanxing-kulso-gumi-8565-65-1902/,0,301
/8-os-tomorkulso-gumi-elektromos-rollerhez-200x50-80x20-ulip,/termek/8-os-tomorkulso-gumi-elektromos-rollerhez-200x50-80x20-ulip/,0,301
/12-os-tomor-gumi-elektromos-rollerhez-12x2125,/termek/12-os-tomor-gumi-elektromos-rollerhez-12x2125/,0,301
/10-os-tomor-gumi-elektromos-rollerhez-910x2125,/termek/10-os-tomor-gumi-elektromos-rollerhez-910x2125/,0,301
/elektromos-roller-alkatresz-fekbetet-8-par,/termek/elektromos-roller-alkatresz-fekbetet-8-par/,0,301
/elektromos-roller-alkatresz-fekbetet-9-par,/termek/elektromos-roller-alkatresz-fekbetet-9-par/,0,301
/elektromos-roller-alkatresz-kulso-gumi-10x2125-ulip,/termek/elektromos-roller-alkatresz-kulso-gumi-10x2125-ulip/,0,301
/85x30-tomor-gumi-elektromos-rollerhez-85x30-tomor-gumi-elektromos-rollerhez-belso-szelesseg-38-mm,/termek/85x30-tomor-gumi-elektromos-rollerhez-85x30-tomor-gumi-elektromos-rollerhez-belso-szelesseg-38-mm/,0,301
/elektromos-roller-alkatresz-fekbetet-11sz-par-1937,/termek/elektromos-roller-alkatresz-fekbetet-11sz-par-1937/,0,301
/elektromos-roller-alkatresz-fekbetet-12sz-par-1940,/termek/elektromos-roller-alkatresz-fekbetet-12sz-par-1940/,0,301
/elektromos-roller-alkatresz-fekbetet-13sz-par-1942,/termek/elektromos-roller-alkatresz-fekbetet-13sz-par-1942/,0,301
/elektromos-roller-alkatresz-fekbetet-14sz-par,/termek/elektromos-roller-alkatresz-fekbetet-14sz-par/,0,301
/elektromos-roller-alkatresz-fekbetet-15sz-par-,/termek/elektromos-roller-alkatresz-fekbetet-15sz-par-/,0,301
/elektromos-roller-alkatresz-fekbetet-16sz-par,/termek/elektromos-roller-alkatresz-fekbetet-16sz-par/,0,301
/magura-mt5-fekbetet-elektromos-roller-alkatresz-par-17,/termek/magura-mt5-fekbetet-elektromos-roller-alkatresz-par-17/,0,301
/elektromos-roller-alkatresz-fekbetet-fekpofa-18sz-par,/termek/elektromos-roller-alkatresz-fekbetet-fekpofa-18sz-par/,0,301
/elektromos-roller-alkatresz-fekbetet-fekpofa-19sz-par,/termek/elektromos-roller-alkatresz-fekbetet-fekpofa-19sz-par/,0,301
/elektromos-roller-alkatresz-fekbetet-20sz-par,/termek/elektromos-roller-alkatresz-fekbetet-20sz-par/,0,301
/elektromos-roller-alkatresz-fekbetet-21sz-par,/termek/elektromos-roller-alkatresz-fekbetet-21sz-par/,0,301
/elektromos-roller-alkatresz-fekbetet-22sz-par,/termek/elektromos-roller-alkatresz-fekbetet-22sz-par/,0,301
/elektromos-roller-alkatresz-fekbetet-23sz-par,/termek/elektromos-roller-alkatresz-fekbetet-23sz-par/,0,301
/elektromos-roller-alkatresz-fekbetet-24sz-par-1964,/termek/elektromos-roller-alkatresz-fekbetet-24sz-par-1964/,0,301
/elektromos-roller-alkatresz-fekbetet-25sz-par,/termek/elektromos-roller-alkatresz-fekbetet-25sz-par/,0,301
/elektromos-roller-alkatresz-fekbetet-26sz-par,/termek/elektromos-roller-alkatresz-fekbetet-26sz-par/,0,301
/elektromos-roller-alkatresz-fekbetet-27sz-par,/termek/elektromos-roller-alkatresz-fekbetet-27sz-par/,0,301
/elektromos-roller-alkatresz-fekbetet-28sz-par,/termek/elektromos-roller-alkatresz-fekbetet-28sz-par/,0,301
/elektromos-roller-alkatresz-fekbetet-36sz-par-,/termek/elektromos-roller-alkatresz-fekbetet-36sz-par-/,0,301
/elektromos-roller-alkatresz-fekbetet-fekpofa-37sz-par,/termek/elektromos-roller-alkatresz-fekbetet-fekpofa-37sz-par/,0,301
/elektromos-roller-alkatresz-fekbetet-fekpofa-38sz-par-,/termek/elektromos-roller-alkatresz-fekbetet-fekpofa-38sz-par-/,0,301
/elektromos-roller-alkatresz-fekbetet-fekpofa-39sz-par-,/termek/elektromos-roller-alkatresz-fekbetet-fekpofa-39sz-par-/,0,301
/elektromos-roller-akkumulator-eve-cellakbol-48v-13ah-1982,/termek/elektromos-roller-akkumulator-eve-cellakbol-48v-13ah-1982/,0,301
/elektromos-roller-alkatresz-fekbetet-fekpofa-40sz-par,/termek/elektromos-roller-alkatresz-fekbetet-fekpofa-40sz-par/,0,301
/elektromos-roller-alkatresz-fekbetet-fekpofa-43sz-par,/termek/elektromos-roller-alkatresz-fekbetet-fekpofa-43sz-par/,0,301
/elektromos-roller-alkatresz-fekbetet-fekpofa-41sz-par,/termek/elektromos-roller-alkatresz-fekbetet-fekpofa-41sz-par/,0,301
/bogist-c1-pro-elektromos-roller-alkatresz-elso-sarvedo,/termek/bogist-c1-pro-elektromos-roller-alkatresz-elso-sarvedo/,0,301
/bogist-m5-pro-elektromos-roller-alkatresz-elso-sarvedo,/termek/bogist-m5-pro-elektromos-roller-alkatresz-elso-sarvedo/,0,301
/bogist-c1-pro-elektromos-roller-alkatresz-hatso-sarvedo-,/termek/bogist-c1-pro-elektromos-roller-alkatresz-hatso-sarvedo-/,0,301
/kukirin-g3-kijelzo-lampa-elektromos-roller-alkatresz,/termek/kukirin-g3-kijelzo-lampa-elektromos-roller-alkatresz/,0,301
/kugoo-g2-pro-kijelzo-elektromos-rollerhez,/termek/kugoo-g2-pro-kijelzo-elektromos-rollerhez/,0,301
/elektromos-roller-alkatresz-fektarcsa-110-es,/termek/elektromos-roller-alkatresz-fektarcsa-110-es/,0,301
/fektarcsa-130mm-5-csavaros-elektromos-rollerhez,/termek/fektarcsa-130mm-5-csavaros-elektromos-rollerhez/,0,301
/fektarcsa-135mm-5-csavaros,/termek/fektarcsa-135mm-5-csavaros/,0,301
/elektromos-roller-alkatresz-fektarcsa-140-mm-6-pontos-ft07,/termek/elektromos-roller-alkatresz-fektarcsa-140-mm-6-pontos-ft07/,0,301
/fektarcsa-140mm-6-csavaros-roller-alkatresz,/termek/fektarcsa-140mm-6-csavaros-roller-alkatresz/,0,301
/fektarcsa-145mm-6-csavaros-elektromos-rollerhez,/termek/fektarcsa-145mm-6-csavaros-elektromos-rollerhez/,0,301
/elektromos-roller-alkatresz-fektarcsa-160-mm-6-pontos-ft10,/termek/elektromos-roller-alkatresz-fektarcsa-160-mm-6-pontos-ft10/,0,301
/elektromos-roller-alkatresz-fektarcsa-160-mm-6-pontos-ft11,/termek/elektromos-roller-alkatresz-fektarcsa-160-mm-6-pontos-ft11/,0,301
/elektromos-roller-alkatresz-fektarcsa-180-mm-6-pontos-ft14,/termek/elektromos-roller-alkatresz-fektarcsa-180-mm-6-pontos-ft14/,0,301
/elektromos-roller-alkatresz-fektarcsa-203-mm-6-pontos-ft15,/termek/elektromos-roller-alkatresz-fektarcsa-203-mm-6-pontos-ft15/,0,301
/elektromos-roller-alkatresz-fektarcsa-180-mm-6-pontos-ft13,/termek/elektromos-roller-alkatresz-fektarcsa-180-mm-6-pontos-ft13/,0,301
/kukirin-g2-max-alkatresz-elektromos-roller-motor-1000w,/termek/kukirin-g2-max-alkatresz-elektromos-roller-motor-1000w/,0,301
/kukirin-g2-pro-elektromos-roller-motor-600w,/termek/kukirin-g2-pro-elektromos-roller-motor-600w/,0,301
/gazkaros-kijelzo-elektromos-roller-alkatresz-tf-100-6-pin,/termek/gazkaros-kijelzo-elektromos-roller-alkatresz-tf-100-6-pin/,0,301
/8-5-2-os-belso-gumi-0-os-szeleppel-elektromos-roller-belso-gumi,/termek/8-5-2-os-belso-gumi-0-os-szeleppel-elektromos-roller-belso-gumi/,0,301
/9-es-belso-gumi-45-os-szeleppel-elektromos-roller-belso-gumi-9x2,/termek/9-es-belso-gumi-45-os-szeleppel-elektromos-roller-belso-gumi-9x2/,0,301
/10-os-belso-gumi-90-os-szeleppel-elektromos-roller-belso-gumi-10x25-2212,/termek/10-os-belso-gumi-90-os-szeleppel-elektromos-roller-belso-gumi-10x25-2212/,0,301
/10-os-belso-gumi-90-os-szeleppel-elektromos-roller-belso-gumi-10x2,/termek/10-os-belso-gumi-90-os-szeleppel-elektromos-roller-belso-gumi-10x2/,0,301
/125-os-belso-gumi-125x2-45-os-szeleppel-elektromos-roller-belso-gumi-2216,/termek/125-os-belso-gumi-125x2-45-os-szeleppel-elektromos-roller-belso-gumi-2216/,0,301
/10-os-tomor-gumi-piros-csikkal-elektromos-rollerhez-10x25-belso-szelesseg-36mm,/termek/10-os-tomor-gumi-piros-csikkal-elektromos-rollerhez-10x25-belso-szelesseg-36mm/,0,301
/elektromos-rollerhez-10x300-6-os-kulso-gumi,/termek/elektromos-rollerhez-10x300-6-os-kulso-gumi/,0,301
/10-os-belso-gumi-90-os-szeleppel-10x2-2-125-2-5-elektromos-roller-belso-gumi-2224,/termek/10-os-belso-gumi-90-os-szeleppel-10x2-2-125-2-5-elektromos-roller-belso-gumi-2224/,0,301
/tuovt-10x3-kulso-gumi-elektromos-rollerhez,/termek/tuovt-10x3-kulso-gumi-elektromos-rollerhez/,0,301
/10-os-belso-gumi-egyenes-szeleppel-elektromos-roller-belso-gumi-10x2-ulip,/termek/10-os-belso-gumi-egyenes-szeleppel-elektromos-roller-belso-gumi-10x2-ulip/,0,301
/elektromos-roller-alkatresz-kulso-gumi-10x2-6,/termek/elektromos-roller-alkatresz-kulso-gumi-10x2-6/,0,301
/10-os-tomor-gumi-elektromos-rollerhez-10x25-60-70-65,/termek/10-os-tomor-gumi-elektromos-rollerhez-10x25-60-70-65/,0,301
/ulip-60-65-6-9-tomor-gumi-piros-csikkal-belso-szelesseg-44mm-es-segway-max-g30-elektromos-rollerhez-2239,/termek/ulip-60-65-6-9-tomor-gumi-piros-csikkal-belso-szelesseg-44mm-es-segway-max-g30-elektromos-rollerhez-2239/,0,301
/ulip-60-65-69-tomor-gumi-szines-csikkal-belso-szelesseg-44-mm-segway-ninebot-max-g2-g65-elektromos-rollerhez-2241,/termek/ulip-60-65-69-tomor-gumi-szines-csikkal-belso-szelesseg-44-mm-segway-ninebot-max-g2-g65-elektromos-rollerhez-2241/,0,301
/ulip-6065-69-tomor-gumi-belso-szelesseg-44-mm-segway-ninebot-max-g2-g65-elektromos-rollerhez-2244,/termek/ulip-6065-69-tomor-gumi-belso-szelesseg-44-mm-segway-ninebot-max-g2-g65-elektromos-rollerhez-2244/,0,301
/85x30-tomor-gumi-elektromos-rollerhez-2247,/termek/85x30-tomor-gumi-elektromos-rollerhez-2247/,0,301
/ulip-10x2125-tomor-gumi-belso-szelesseg-36mm-elektromos-rollerhez-2248,/termek/ulip-10x2125-tomor-gumi-belso-szelesseg-36mm-elektromos-rollerhez-2248/,0,301
/10-os-tomor-gumi-elektromos-rollerhez-10x2125-2252,/termek/10-os-tomor-gumi-elektromos-rollerhez-10x2125-2252/,0,301
/ulip-10-os-tomor-gumi-piros-csikkal-elektromos-rollerhez-10x2125-belso-szelesseg-36-mm-2255,/termek/ulip-10-os-tomor-gumi-piros-csikkal-elektromos-rollerhez-10x2125-belso-szelesseg-36-mm-2255/,0,301
/ulip-10-os-tomor-gumi-kek-csikkal-elektromos-rollerhez-10x2125-belso-szelesseg-36-mm-2257,/termek/ulip-10-os-tomor-gumi-kek-csikkal-elektromos-rollerhez-10x2125-belso-szelesseg-36-mm-2257/,0,301
/kulso-gumi-elektromos-rollerhez-9-3-5-5,/termek/kulso-gumi-elektromos-rollerhez-9-3-5-5/,0,301
/elektromos-roller-alkatresz-kulso-gumi-3-50-6-szeleppel,/termek/elektromos-roller-alkatresz-kulso-gumi-3-50-6-szeleppel/,0,301
/kulso-gumi-elektromos-rollerhez-90-90-12,/termek/kulso-gumi-elektromos-rollerhez-90-90-12/,0,301
/kulso-gumi-elektromos-roller-ulip-3-50-10,/termek/kulso-gumi-elektromos-roller-ulip-3-50-10/,0,301
/kulso-gumi-elektromos-rollerhez-ulip-3-00-10,/termek/kulso-gumi-elektromos-rollerhez-ulip-3-00-10/,0,301
/kulso-gumi-20-3,/termek/kulso-gumi-20-3/,0,301
/belso-gumi-20x30,/termek/belso-gumi-20x30/,0,301
/85-os-belso-gumi-45-os-szeleppel-elektromos-roller-belso-gumi-85x2-ulip,/termek/85-os-belso-gumi-45-os-szeleppel-elektromos-roller-belso-gumi-85x2-ulip/,0,301
/9-3-00-6-os-kulso-gumi-elektromos-rollerhez-ulip,/termek/9-3-00-6-os-kulso-gumi-elektromos-rollerhez-ulip/,0,301
/16-os-belso-gumi-16x2125-45-os-szeleppel-elektromos-roller-belso-gumi,/termek/16-os-belso-gumi-16x2125-45-os-szeleppel-elektromos-roller-belso-gumi/,0,301
/14-os-belso-gumi-14x2125-45-os-szeleppel-elektromos-roller-belso-gumi,/termek/14-os-belso-gumi-14x2125-45-os-szeleppel-elektromos-roller-belso-gumi/,0,301
/kulso-gumi-elektromos-rollerhez-13-5-6-5,/termek/kulso-gumi-elektromos-rollerhez-13-5-6-5/,0,301
/elektromos-roller-kulso-gumi-cst-13-2-125,/termek/elektromos-roller-kulso-gumi-cst-13-2-125/,0,301
/85x30-tomor-gumi-elektromos-rollerhez-szines,/termek/85x30-tomor-gumi-elektromos-rollerhez-szines/,0,301
/250x64-tomor-gumi-elektromos-rollerhez-szines-csikkal,/termek/250x64-tomor-gumi-elektromos-rollerhez-szines-csikkal/,0,301
/10x3-255-80-80-65-6tomor-gumi-elektromos-rollerhez-szines-csikkal,/termek/10x3-255-80-80-65-6tomor-gumi-elektromos-rollerhez-szines-csikkal/,0,301
/kulso-gumi-350-6-gumi-elektromos-roller-alkatresz,/termek/kulso-gumi-350-6-gumi-elektromos-roller-alkatresz/,0,301
/85-os-kulso-gumi-elektromos-rollerhez-utcai-85x3,/termek/85-os-kulso-gumi-elektromos-rollerhez-utcai-85x3/,0,301
/10-os-kulso-gumi-elektromos-rollerhez-10x30-utcai,/termek/10-os-kulso-gumi-elektromos-rollerhez-10x30-utcai/,0,301
/elektromos-roller-kulso-gumi-cst-12x2-125-62-203,/termek/elektromos-roller-kulso-gumi-cst-12x2-125-62-203/,0,301
/100-90-10-kulso-gumi-elektromos-rollerhez,/termek/100-90-10-kulso-gumi-elektromos-rollerhez/,0,301
/85x25-tomor-gumi-elektromos-rollerhez-szines-csikkal,/termek/85x25-tomor-gumi-elektromos-rollerhez-szines-csikkal/,0,301
/elektromos-roller-gumi-zsele-defektallo-100-65-6-5,/termek/elektromos-roller-gumi-zsele-defektallo-100-65-6-5/,0,301
/12-os-belso-gumi-12x2125-elektromos-roller-belso-gumi,/termek/12-os-belso-gumi-12x2125-elektromos-roller-belso-gumi/,0,301
/elektromos-roller-alkatresz-kulso-gumi-tubeless-10x2125,/termek/elektromos-roller-alkatresz-kulso-gumi-tubeless-10x2125/,0,301
/kulso-gumi-elektromos-rollerhez-9x300-6-tubeless,/termek/kulso-gumi-elektromos-rollerhez-9x300-6-tubeless/,0,301
/85x25-tomor-gumi-elektromos-rollerhez,/termek/85x25-tomor-gumi-elektromos-rollerhez/,0,301
/10-os-tomor-gumi-elektromos-rollerhez-10x25-belso-szelesseg-37mm,/termek/10-os-tomor-gumi-elektromos-rollerhez-10x25-belso-szelesseg-37mm/,0,301
/ulip-10x3255x808065-6-tomor-gumi-elektromos-rollerhez-piros,/termek/ulip-10x3255x808065-6-tomor-gumi-elektromos-rollerhez-piros/,0,301
/ulip-10x3255x808065-6-tomor-gumi-elektromos-rollerhez,/termek/ulip-10x3255x808065-6-tomor-gumi-elektromos-rollerhez/,0,301
/250x64-tomor-gumi-elektromos-rollerhez-fekete,/termek/250x64-tomor-gumi-elektromos-rollerhez-fekete/,0,301
/250x64-tomor-gumi-elektromos-rollerhez-10-piros,/termek/250x64-tomor-gumi-elektromos-rollerhez-10-piros/,0,301
/10-os-ulip-belso-gumi-egyenes-szeleppel-elektromos-roller-belso-gumi-10x2-5,/termek/10-os-ulip-belso-gumi-egyenes-szeleppel-elektromos-roller-belso-gumi-10x2-5/,0,301
/cst-kulso-gumi-elektromos-rollerhez-95-25-tubeless,/termek/cst-kulso-gumi-elektromos-rollerhez-95-25-tubeless/,0,301
/ulip-kulso-gumi-elektromos-rollerhez-95x25-tubeless,/termek/ulip-kulso-gumi-elektromos-rollerhez-95x25-tubeless/,0,301
/10-os-kulso-gumi-elektromos-rollerhez-10x30-ulip,/termek/10-os-kulso-gumi-elektromos-rollerhez-10x30-ulip/,0,301
/kulso-gumi-255x80-tubeless-elektromos-rollerhez-ulip,/termek/kulso-gumi-255x80-tubeless-elektromos-rollerhez-ulip/,0,301
/ulip-kulso-gumi-defektallo-elektromos-rollerhez-9065-65,/termek/ulip-kulso-gumi-defektallo-elektromos-rollerhez-9065-65/,0,301
/10-os-tubeless-kulso-gumi-elektromos-rollerhez-6070-7-ulip,/termek/10-os-tubeless-kulso-gumi-elektromos-rollerhez-6070-7-ulip/,0,301
/6070-70-tomor-gumi-fekete-elektromos-rollerhez,/termek/6070-70-tomor-gumi-fekete-elektromos-rollerhez/,0,301
/tubeless-kulso-gumi-elektromos-rollerhez-9065-65-ulip,/termek/tubeless-kulso-gumi-elektromos-rollerhez-9065-65-ulip/,0,301
/tubeless-elektromos-roller-kulso-gumi-100-65-65,/termek/tubeless-elektromos-roller-kulso-gumi-100-65-65/,0,301
/kukirin-g2-master-elektromos-roller-alkatresz-elso-sarvedo,/termek/kukirin-g2-master-elektromos-roller-alkatresz-elso-sarvedo/,0,301
/kulso-gumi-10x2-61-elektromos-roller-alkatresz,/termek/kulso-gumi-10x2-61-elektromos-roller-alkatresz/,0,301
/10-os-kulso-gumi-elektromos-rollerhez-6070-65,/termek/10-os-kulso-gumi-elektromos-rollerhez-6070-65/,0,301
/ulip-10x25-6070-65-tomor-gumi-fekete,/termek/ulip-10x25-6070-65-tomor-gumi-fekete/,0,301
/fektarcsa-120-as-5-pontos-xiaomi-elektromos-roller-alkatresz-ft02-2415,/termek/fektarcsa-120-as-5-pontos-xiaomi-elektromos-roller-alkatresz-ft02-2415/,0,301
/elektromos-roller-alkatresz-fekbetet-fekpofa-44sz,/termek/elektromos-roller-alkatresz-fekbetet-fekpofa-44sz/,0,301
/nutt-hidraulikus-fek-szett-elektromos-roller-alkatresz-2,/termek/nutt-hidraulikus-fek-szett-elektromos-roller-alkatresz-2/,0,301
/elektromos-roller-alkatresz-fekbetet-45sz,/termek/elektromos-roller-alkatresz-fekbetet-45sz/,0,301
/elektromos-roller-alkatresz-fekbetet-fekpofa-46sz,/termek/elektromos-roller-alkatresz-fekbetet-fekpofa-46sz/,0,301
/elektromos-roller-alkatresz-fekbetet-fekpofa-47sz,/termek/elektromos-roller-alkatresz-fekbetet-fekpofa-47sz/,0,301
/elektromos-roller-alkatresz-fekbetet-fekpofa-48sz,/termek/elektromos-roller-alkatresz-fekbetet-fekpofa-48sz/,0,301
/elektromos-roller-alkatresz-fekbetet-fekpofa-49sz,/termek/elektromos-roller-alkatresz-fekbetet-fekpofa-49sz/,0,301
/elektromos-roller-alkatresz-fekbetet-fekpofa-50sz,/termek/elektromos-roller-alkatresz-fekbetet-fekpofa-50sz/,0,301
/kapcsolo-panel-kukirin-g2pro-elektromos-roller-alkatresz,/termek/kapcsolo-panel-kukirin-g2pro-elektromos-roller-alkatresz/,0,301
/hatso-lampa-ninebot-xiaomi-feklampa,/termek/hatso-lampa-ninebot-xiaomi-feklampa/,0,301
/hatso-lampa-xiaomi-mi4-lite-elektromos-rollerhez,/termek/hatso-lampa-xiaomi-mi4-lite-elektromos-rollerhez/,0,301
/hatso-sarvedo-lampa-xiaomi-mi4pro-1-generacio-elektromos-roller,/termek/hatso-sarvedo-lampa-xiaomi-mi4pro-1-generacio-elektromos-roller/,0,301
/elektromos-roller-alkatresz-kulcsos-gyujtaskapcsolo-kukirin-g2pro,/termek/elektromos-roller-alkatresz-kulcsos-gyujtaskapcsolo-kukirin-g2pro/,0,301
/kulso-gumi-9x30-55-elektromos-rollerhez-9-2468,/termek/kulso-gumi-9x30-55-elektromos-rollerhez-9-2468/,0,301
/90-50-65-tubeless-kulso-gumi-elektromos-rollerhez,/termek/90-50-65-tubeless-kulso-gumi-elektromos-rollerhez/,0,301
/85x2-50-134-tomor-gumi-elektromos-rollerhez,/termek/85x2-50-134-tomor-gumi-elektromos-rollerhez/,0,301
/elso-sarvedo-segway-ninebot-g30-elektromos-rollerhez,/termek/elso-sarvedo-segway-ninebot-g30-elektromos-rollerhez/,0,301
/xtech-hb100-feknyereg-kek-felhidraulikus-rollerhez,/termek/xtech-hb100-feknyereg-kek-felhidraulikus-rollerhez/,0,301
/gazkaros-kijelzo-elektromos-rollerhez-6pin-kukirin,/termek/gazkaros-kijelzo-elektromos-rollerhez-6pin-kukirin/,0,301
/g30-max-fekkar-elektromos-rollerhez,/termek/g30-max-fekkar-elektromos-rollerhez/,0,301
/fekkar-bal-kukirin-g2-g3-g4-elektromos-rollerhez,/termek/fekkar-bal-kukirin-g2-g3-g4-elektromos-rollerhez/,0,301
/10-os-kulso-gumi-elektromos-rollerhez-10x2-50,/termek/10-os-kulso-gumi-elektromos-rollerhez-10x2-50/,0,301
/85-os-belso-gumi-90-os-szeleppel-elektromos-roller-alkatresz-ulip-2536,/termek/85-os-belso-gumi-90-os-szeleppel-elektromos-roller-alkatresz-ulip-2536/,0,301
/85x30-as-belso-gumi-90-os-hosszu-szeleppel-kukirin-g2-pro-elektromos-rollerhez-2540,/termek/85x30-as-belso-gumi-90-os-hosszu-szeleppel-kukirin-g2-pro-elektromos-rollerhez-2540/,0,301
/85-os-kulso-gumi-elektromos-rollerhez-terep-85x3-kukirin-g2-pro-elektromos-rollerhez-2541,/termek/85-os-kulso-gumi-elektromos-rollerhez-terep-85x3-kukirin-g2-pro-elektromos-rollerhez-2541/,0,301
/kukirin-g2-g4-elektromos-rollerhez-eredeti-led-lampa,/termek/kukirin-g2-g4-elektromos-rollerhez-eredeti-led-lampa/,0,301
/elektromos-roller-alkatresz-kulso-gumi-225-55-8,/termek/elektromos-roller-alkatresz-kulso-gumi-225-55-8/,0,301
/xiaomi-elektromos-roller-alkatresz-bal-fekkar-csengovel,/termek/xiaomi-elektromos-roller-alkatresz-bal-fekkar-csengovel/,0,301
/kulso-gumi-elektromos-rollerhez-9x300-6-tubeless-2558,/termek/kulso-gumi-elektromos-rollerhez-9x300-6-tubeless-2558/,0,301
/elektromos-roller-kulso-gumi-12x3,/termek/elektromos-roller-kulso-gumi-12x3/,0,301
/11-os-belso-gumi-11-90-6-5,/termek/11-os-belso-gumi-11-90-6-5/,0,301
/10-os-kerek-belso-kulso-gumival-es-felnivel-elektromos-rollerhez-10x2-70-6-50,/termek/10-os-kerek-belso-kulso-gumival-es-felnivel-elektromos-rollerhez-10x2-70-6-50/,0,301
/ulip-10x25-6070-65-tomor-gumi-belso-szelesseg-38mm-es-elektromos-rollerhez-alkatresz-2573,/termek/ulip-10x25-6070-65-tomor-gumi-belso-szelesseg-38mm-es-elektromos-rollerhez-alkatresz-2573/,0,301
/10x3255x808065-6-tomor-gumi-elektromos-rollerhez,/termek/10x3255x808065-6-tomor-gumi-elektromos-rollerhez/,0,301
/elektromos-roller-alkatresz-kulso-gumi-10x2125-tubeless-2586,/termek/elektromos-roller-alkatresz-kulso-gumi-10x2125-tubeless-2586/,0,301
/kukirin-g2-master-elektromos-roller-motor-1000w-48v-1,/termek/kukirin-g2-master-elektromos-roller-motor-1000w-48v-1/,0,301
/lampa-kukirin-g2-master-elektromos-rollerhez,/termek/lampa-kukirin-g2-master-elektromos-rollerhez/,0,301
/80-65-6-5-kulso-gumi-elektromos-roller,/termek/80-65-6-5-kulso-gumi-elektromos-roller/,0,301
/lampa-kukirin-g2-pro-hatso-elektromos-rollerhez,/termek/lampa-kukirin-g2-pro-hatso-elektromos-rollerhez/,0,301
/xiaomi-elektromos-roller-alkatresz-elso-villa,/termek/xiaomi-elektromos-roller-alkatresz-elso-villa/,0,301
/85-kulso-gumi-85x2-xiaomi-elektromos-roller-alkatresz-2641,/termek/85-kulso-gumi-85x2-xiaomi-elektromos-roller-alkatresz-2641/,0,301
/cst-85x200-55-kulso-gumi-elektromos-roller-alkatresz,/termek/cst-85x200-55-kulso-gumi-elektromos-roller-alkatresz/,0,301
/9065-65-tomor-gumi-elektromos-rollerhez,/termek/9065-65-tomor-gumi-elektromos-rollerhez/,0,301
/7060-75-tomor-gumi-elektromos-rollerhez,/termek/7060-75-tomor-gumi-elektromos-rollerhez/,0,301
/tomorkulso-gumi-elektromos-rollerhez-200x50-80x20,/termek/tomorkulso-gumi-elektromos-rollerhez-200x50-80x20/,0,301
/9x2125-tomor-gumi-elektromos-rollerhez,/termek/9x2125-tomor-gumi-elektromos-rollerhez/,0,301
/tomor-gumi-9x3-6-elektromos-rollerhez,/termek/tomor-gumi-9x3-6-elektromos-rollerhez/,0,301
/10-os-kulso-gumi-elektromos-rollerhez-defektturo-6070-7-ulip,/termek/10-os-kulso-gumi-elektromos-rollerhez-defektturo-6070-7-ulip/,0,301
/kulso-gumi-zsele-reteggel-defektturo-10x2125,/termek/kulso-gumi-zsele-reteggel-defektturo-10x2125/,0,301
/elektromos-roller-alkatresz-kulso-gumi-zsele-reteggel-10x230-65-defektturo,/termek/elektromos-roller-alkatresz-kulso-gumi-zsele-reteggel-10x230-65-defektturo/,0,301
/9050r65-r-rain-rage-pmt-kulso-gumi-elektromos-rollerhez,/termek/9050r65-r-rain-rage-pmt-kulso-gumi-elektromos-rollerhez/,0,301
/tuovt-kulso-gumi-9055-6,/termek/tuovt-kulso-gumi-9055-6/,0,301
/tubeless-kulso-gumi-9055-6-elektromos-rollerre,/termek/tubeless-kulso-gumi-9055-6-elektromos-rollerre/,0,301
/vezerlo-kukirin-g2-ultra-elektromos-roller-controller-motorvezerlo-elektronika-48v-18a-2744,/termek/vezerlo-kukirin-g2-ultra-elektromos-roller-controller-motorvezerlo-elektronika-48v-18a-2744/,0,301
/kukirin-g2-ultra-kijelzo,/termek/kukirin-g2-ultra-kijelzo/,0,301
/xiaomi-m365-elektromos-roller-akkumulator-36v-12ah,/termek/xiaomi-m365-elektromos-roller-akkumulator-36v-12ah/,0,301
/xiaomi-m365-essential-1s-akkumulator-lg-36v-7-8ah,/termek/xiaomi-m365-essential-1s-akkumulator-lg-36v-7-8ah/,0,301
/xiaomi-akkumulator-elektromos-roller-36v-7-5ah,/termek/xiaomi-akkumulator-elektromos-roller-36v-7-5ah/,0,301
/elektromos-roller-tomor-lyukacsos-gumi-705,/termek/elektromos-roller-tomor-lyukacsos-gumi-705/,0,301
/85-os-hatso-kerek-tomor-gumival-xiaomi-m365-elektromos-rollerhez-85x2-1143,/termek/85-os-hatso-kerek-tomor-gumival-xiaomi-m365-elektromos-rollerhez-85x2-1143/,0,301
/85-os-hatso-kerek-tomor-gumival-xiaomi-pro-elektromos-rollerhez-85x2-1145,/termek/85-os-hatso-kerek-tomor-gumival-xiaomi-pro-elektromos-rollerhez-85x2-1145/,0,301
/85-os-tomor-lyukacsos-gumi-xiaomi-elektromos-rollerhez,/termek/85-os-tomor-lyukacsos-gumi-xiaomi-elektromos-rollerhez/,0,301
/85-os-tomor-szegecses-gumi-xiaomi-elektromos-rollerhez-85x2,/termek/85-os-tomor-szegecses-gumi-xiaomi-elektromos-rollerhez-85x2/,0,301
/85-os-piros-pottyos-tomor-gumi-xiaomi-elektromos-rollerhez-85x2,/termek/85-os-piros-pottyos-tomor-gumi-xiaomi-elektromos-rollerhez-85x2/,0,301
/risingsun-kulso-tomor-gumi-kugoo-kirin-x1-elektromos-rollerhez-200x60,/termek/risingsun-kulso-tomor-gumi-kugoo-kirin-x1-elektromos-rollerhez-200x60/,0,301
/10-os-tomor-gumi-elektromos-rollerhez-10x250,/termek/10-os-tomor-gumi-elektromos-rollerhez-10x250/,0,301
/10-os-tomor-piros-potyos-gumi-elektromos-rollerhez-10x2-5,/termek/10-os-tomor-piros-potyos-gumi-elektromos-rollerhez-10x2-5/,0,301
/85-os-hatso-kerek-felfujhato-gumival-xiaomi-pro-elektromos-rollerhez-85x2-1329,/termek/85-os-hatso-kerek-felfujhato-gumival-xiaomi-pro-elektromos-rollerhez-85x2-1329/,0,301
/85-os-hatso-kerek-felfujhato-hota-gumival-xiaomi-m365-elektromos-rollerhez-85x2-1421,/termek/85-os-hatso-kerek-felfujhato-hota-gumival-xiaomi-m365-elektromos-rollerhez-85x2-1421/,0,301
/9-os-kulso-gumi-elektromos-rollerhez-9x2-230x50-155,/termek/9-os-kulso-gumi-elektromos-rollerhez-9x2-230x50-155/,0,301
/85-os-tomor-lyukacsos-gumi-xiaomi-elektromos-rollerhez-85x2,/termek/85-os-tomor-lyukacsos-gumi-xiaomi-elektromos-rollerhez-85x2/,0,301
/tubeless-kulso-gumi-belso-zsele-reteggel-elektromos-rollerekhez,/termek/tubeless-kulso-gumi-belso-zsele-reteggel-elektromos-rollerekhez/,0,301
/85-os-kek-csikos-tomor-gumi-elektromos-rollerhez-85x25-feszitorud,/termek/85-os-kek-csikos-tomor-gumi-elektromos-rollerhez-85x25-feszitorud/,0,301
/85-os-piros-csikos-tomor-gumi-xiaomi-elektromos-rollerhez-85x2-1909,/termek/85-os-piros-csikos-tomor-gumi-xiaomi-elektromos-rollerhez-85x2-1909/,0,301
/85-os-kulso-gumi-elektromos-rollerhez-85x2-50-75-61,/termek/85-os-kulso-gumi-elektromos-rollerhez-85x2-50-75-61/,0,301
/10-os-nylon-kulso-gumi-belso-zsele-reteggel-elektromos-rollerhez-10x250-65,/termek/10-os-nylon-kulso-gumi-belso-zsele-reteggel-elektromos-rollerhez-10x250-65/,0,301
/85-os-piros-csikos-tomor-gumi-elektromos-rollerhez-85x25,/termek/85-os-piros-csikos-tomor-gumi-elektromos-rollerhez-85x25/,0,301
/85-os-piros-csikos-tomor-gumi-xiaomi-elektromos-rollerhez-85x2-1932,/termek/85-os-piros-csikos-tomor-gumi-xiaomi-elektromos-rollerhez-85x2-1932/,0,301
/kulso-gumi-belso-zsele-reteggel-defektallo-elektromos-rollerhez-100-55-65-ulip,/termek/kulso-gumi-belso-zsele-reteggel-defektallo-elektromos-rollerhez-100-55-65-ulip/,0,301
/10-os-kulso-gumi-zsele-reteggel-defektallo-elektromos-rollerhez-80-55-7-cordial,/termek/10-os-kulso-gumi-zsele-reteggel-defektallo-elektromos-rollerhez-80-55-7-cordial/,0,301
/kulso-gumi-100-55-65-elektromos-rollerhez-ulip,/termek/kulso-gumi-100-55-65-elektromos-rollerhez-ulip/,0,301
/85-os-tubeless-kulso-gumi-zsele-reteggel-defektallo-85x2-xiaomi-tipusu-elektromos-rollerhez-2251,/termek/85-os-tubeless-kulso-gumi-zsele-reteggel-defektallo-85x2-xiaomi-tipusu-elektromos-rollerhez-2251/,0,301
/kulso-gumi-zsele-reteggel-defektallo-elektromos-rollerhez-125-2125,/termek/kulso-gumi-zsele-reteggel-defektallo-elektromos-rollerhez-125-2125/,0,301
/9-os-kulso-gumi-elektromos-rollerhez-92-2,/termek/9-os-kulso-gumi-elektromos-rollerhez-92-2/,0,301
/kulso-gumi-zsele-reteggel-defektallo-elektromos-rollerhez-70-80-65,/termek/kulso-gumi-zsele-reteggel-defektallo-elektromos-rollerhez-70-80-65/,0,301
/60-65-9-5-kulso-gumi-zsele-reteggel-defektallo-elektromos-rollerhez,/termek/60-65-9-5-kulso-gumi-zsele-reteggel-defektallo-elektromos-rollerhez/,0,301
/60-65-69-kulso-gumi-elektromos-rollerhez-ulip,/termek/60-65-69-kulso-gumi-elektromos-rollerhez-ulip/,0,301
/kulso-gumi-70-65-6-5-elektromos-rollerhez-ulip,/termek/kulso-gumi-70-65-6-5-elektromos-rollerhez-ulip/,0,301
/80-55-7-105x30-kulso-gumi-elektromos-rollerhez-cordial,/termek/80-55-7-105x30-kulso-gumi-elektromos-rollerhez-cordial/,0,301
/10-os-kulso-gumi-zsele-reteggel-defektallo-elektromos-rollerhez-10x270-65-ulip,/termek/10-os-kulso-gumi-zsele-reteggel-defektallo-elektromos-rollerhez-10x270-65-ulip/,0,301
/10-5-2-75-kulso-gumi-elektromos-rollerhez,/termek/10-5-2-75-kulso-gumi-elektromos-rollerhez/,0,301
/kulso-gumi-250x54-elektromos-rollerhez-ulip,/termek/kulso-gumi-250x54-elektromos-rollerhez-ulip/,0,301
/60-70-65-kulso-gumi-zsele-reteggel-defektallo-elektromos-rollerhez,/termek/60-70-65-kulso-gumi-zsele-reteggel-defektallo-elektromos-rollerhez/,0,301
/kulso-gumi-7065-65-elektromos-rollerhez-ulip-2314,/termek/kulso-gumi-7065-65-elektromos-rollerhez-ulip-2314/,0,301
/10x270-65-os-kulso-gumi-elektromos-rollerhez-tubeless,/termek/10x270-65-os-kulso-gumi-elektromos-rollerhez-tubeless/,0,301
/85-os-kek-csikos-tomor-gumi-elektromos-rollerhez-25-cm-feszitorud-85x25-belso-szelesseg-56-mm-2343,/termek/85-os-kek-csikos-tomor-gumi-elektromos-rollerhez-25-cm-feszitorud-85x25-belso-szelesseg-56-mm-2343/,0,301
/kulso-gumi-elektromos-rollerhez-8x3-5,/termek/kulso-gumi-elektromos-rollerhez-8x3-5/,0,301
/6070-65-kulso-gumi-zsele-reteggel-defektallo-elektromos-rollerhez-innova,/termek/6070-65-kulso-gumi-zsele-reteggel-defektallo-elektromos-rollerhez-innova/,0,301
/9-5-2-5-kulso-gumi-zsele-reteggel-defektallo-elektromos-rollerhez,/termek/9-5-2-5-kulso-gumi-zsele-reteggel-defektallo-elektromos-rollerhez/,0,301
/tomor-gumi-elektromos-rollerhez-10x270-65-piros-csik,/termek/tomor-gumi-elektromos-rollerhez-10x270-65-piros-csik/,0,301
/kulso-gumi-elektromos-rollerhez-10x270-65-chaoyang-tubeless,/termek/kulso-gumi-elektromos-rollerhez-10x270-65-chaoyang-tubeless/,0,301
/10-os-tomor-gumi-elektromos-rollerhez-10x270-65-fekete,/termek/10-os-tomor-gumi-elektromos-rollerhez-10x270-65-fekete/,0,301
/tomor-gumi-10x270-65-54-3mm-elektromos-roller-alkatresz,/termek/tomor-gumi-10x270-65-54-3mm-elektromos-roller-alkatresz/,0,301
/kulso-gumi-elektromos-rollerhez-7080-65-ulip,/termek/kulso-gumi-elektromos-rollerhez-7080-65-ulip/,0,301
/10-os-kulso-gumi-elektromos-rollerhez-10x270-65-ulip,/termek/10-os-kulso-gumi-elektromos-rollerhez-10x270-65-ulip/,0,301
/85-os-ulip-kulso-gumi-zsele-reteggel-defektallo-elektromos-rollerhez-85x2-5075-61-2391,/termek/85-os-ulip-kulso-gumi-zsele-reteggel-defektallo-elektromos-rollerhez-85x2-5075-61-2391/,0,301
/tubeless-kulso-gumi-zsele-reteggel-defektallo-10-275-65,/termek/tubeless-kulso-gumi-zsele-reteggel-defektallo-10-275-65/,0,301
/kulso-gumi-cst-250x54-elektromos-rollerhez,/termek/kulso-gumi-cst-250x54-elektromos-rollerhez/,0,301
/kulso-gumi-cst-250x64-elektromos-rollerhez-2583,/termek/kulso-gumi-cst-250x64-elektromos-rollerhez-2583/,0,301
/10-os-kulso-gumi-elektromos-rollerhez-10x250-60-85-6,/termek/10-os-kulso-gumi-elektromos-rollerhez-10x250-60-85-6/,0,301
/10-os-kulso-gumi-elektromos-rollerhez-10x250-65-ulip-2601,/termek/10-os-kulso-gumi-elektromos-rollerhez-10x250-65-ulip-2601/,0,301
/10-os-kulso-gumi-10x275-65-tubeless-kukirin-g2-g2-master-2025-m4-max-elektromos-rollerhez-2604,/termek/10-os-kulso-gumi-10x275-65-tubeless-kukirin-g2-g2-master-2025-m4-max-elektromos-rollerhez-2604/,0,301
/tomor-gumi-81x20,/termek/tomor-gumi-81x20/,0,301
/tomor-gumi-6070-7-szines-csikkal,/termek/tomor-gumi-6070-7-szines-csikkal/,0,301
/kulso-gumi-zsele-reteggel-defektallo-95x25,/termek/kulso-gumi-zsele-reteggel-defektallo-95x25/,0,301
/7060-75-kulso-gumi-zsele-reteggel-defektallo-elektromos-rollerhez-10,/termek/7060-75-kulso-gumi-zsele-reteggel-defektallo-elektromos-rollerhez-10/,0,301
/9-os-kulso-gumi-elektromos-rollerhez-9x2,/termek/9-os-kulso-gumi-elektromos-rollerhez-9x2/,0,301
/95-es-tomor-gumi-elektromos-rollerhez-95x25,/termek/95-es-tomor-gumi-elektromos-rollerhez-95x25/,0,301
/elektromos-roller-alkatresz-kugoo-g-booster-hatso-lengescsillapito,/termek/elektromos-roller-alkatresz-kugoo-g-booster-hatso-lengescsillapito/,0,301
/elektromos-roller-alkatresz-e-leoprad-e-scorpion-hatso-lengescsillapito,/termek/elektromos-roller-alkatresz-e-leoprad-e-scorpion-hatso-lengescsillapito/,0,301
/xiaomi-m365-elektromos-roller-alkatresz-kijelzo,/termek/xiaomi-m365-elektromos-roller-alkatresz-kijelzo/,0,301
/kugoo-s1-plus-elektromos-roller-kijelzo-783,/termek/kugoo-s1-plus-elektromos-roller-kijelzo-783/,0,301
/xiaomi-pro-elektromos-roller-alkatresz-kijelzo,/termek/xiaomi-pro-elektromos-roller-alkatresz-kijelzo/,0,301
/xiaomi-pro2-elektromos-roller-alkatresz-kijelzo,/termek/xiaomi-pro2-elektromos-roller-alkatresz-kijelzo/,0,301
/kijelzo-xiaomi-4-lite-kijelzo-elektromos-roller-alkatresz,/termek/kijelzo-xiaomi-4-lite-kijelzo-elektromos-roller-alkatresz/,0,301
/elektromos-roller-alkatresz-xiaomi-m365-roller-hatso-lampa-feklampa,/termek/elektromos-roller-alkatresz-xiaomi-m365-roller-hatso-lampa-feklampa/,0,301
/elektromos-roller-alkatresz-xiaomi-m365-elso-sarvedo,/termek/elektromos-roller-alkatresz-xiaomi-m365-elso-sarvedo/,0,301
/elektromos-roller-alkatresz-xiaomi-m365-hatso-sarvedo,/termek/elektromos-roller-alkatresz-xiaomi-m365-hatso-sarvedo/,0,301
/xiaomi-m365-elektromos-roller-alkatresz-hatso-sarvedo-fekete,/termek/xiaomi-m365-elektromos-roller-alkatresz-hatso-sarvedo-fekete/,0,301
/hatso-sarvedo-kukirin-g2-pro-elektromos-rollerhez,/termek/hatso-sarvedo-kukirin-g2-pro-elektromos-rollerhez/,0,301
/elso-sarvedo-xiaomi-m365-feher-elektromos-rollerhez,/termek/elso-sarvedo-xiaomi-m365-feher-elektromos-rollerhez/,0,301
/hatso-sarvedo-kukirin-g2-g3-g4-elektromos-rollerhez,/termek/hatso-sarvedo-kukirin-g2-g3-g4-elektromos-rollerhez/,0,301
/hatso-sarvedo-kukirin-g2-pro-elektromos-rollerhez-sarv34,/termek/hatso-sarvedo-kukirin-g2-pro-elektromos-rollerhez-sarv34/,0,301
/hatso-sarvedo-xiaomi-4-lite-2gen-elektromos-rollerhez,/termek/hatso-sarvedo-xiaomi-4-lite-2gen-elektromos-rollerhez/,0,301
/elektromos-roller-alkatresz-xiaomi-m365-roller-elso-lampa,/termek/elektromos-roller-alkatresz-xiaomi-m365-roller-elso-lampa/,0,301
/segway-ninebot-f30e-elektromos-roller-36v-300w-102ah-berles,/termek/segway-ninebot-f30e-elektromos-roller-36v-300w-102ah-berles/,0,301
/forca-evoking-iv-48v-1000w-13ah-s-elektromos-roller-elektromos-motor-berles,/termek/forca-evoking-iv-48v-1000w-13ah-s-elektromos-roller-elektromos-motor-berles/,0,301
/hero-s9-feher-48v-600w-16ah-viz-es-porallo-elektromos-varosi-roller-berles,/termek/hero-s9-feher-48v-600w-16ah-viz-es-porallo-elektromos-varosi-roller-berles/,0,301
/hero-s10-elektromos-roller-48v-1000w-21ah-hidraulikus-fekekkel-berles,/termek/hero-s10-elektromos-roller-48v-1000w-21ah-hidraulikus-fekekkel-berles/,0,301
/folia,/termek-kategoria/folia/,0,301
/kedvezmenyes-csomagajanlatok-whoosh-elektromos-roller,/termek-kategoria/kedvezmenyes-csomagajanlatok-whoosh-elektromos-roller/,0,301
/elektromos-rollerek,/termek-kategoria/elektromos-rollerek/,0,301
/elektromos-rollerek/joyor-elektromos-rollerek,/termek-kategoria/joyor-elektromos-rollerek/,0,301
/elektromos-rollerek/nami-elektromos-rollerek,/termek-kategoria/nami-elektromos-rollerek/,0,301
/elektromos-rollerek/whoosh-elektromos-roller,/termek-kategoria/whoosh-elektromos-roller/,0,301
/elektromos-rollerek/segway-ninebot-elektromos-rollerek,/termek-kategoria/segway-ninebot-elektromos-rollerek/,0,301
/elektromos-rollerek/xiaomi-elektromos-rollerek,/termek-kategoria/xiaomi-elektromos-rollerek/,0,301
/elektromos-rollerek/kukirin-kugoo-elektromos-rollerek,/termek-kategoria/kukirin-kugoo-elektromos-rollerek/,0,301
/elektromos-rollerek/hasznalt-elektromos-rollerek,/termek-kategoria/hasznalt-elektromos-rollerek/,0,301
/elektromos-rollerek/elektromos-roller-gyerekeknek-holgyeknek,/termek-kategoria/elektromos-roller-gyerekeknek-holgyeknek/,0,301
/elektromos-rollerek/felnott-elektromos-rollerek,/termek-kategoria/felnott-elektromos-rollerek/,0,301
/elektromos-rollerek/jogositvany-nelkul-hasznalhato-elektromos-rollerek-max-350w,/termek-kategoria/jogositvany-nelkul-hasznalhato-elektromos-rollerek-max-350w/,0,301
/akcios-termekek,/termek-kategoria/akcios-termekek/,0,301
/e-bike-elektromos-kerekpar,/termek-kategoria/e-bike-elektromos-kerekpar/,0,301
/kiegeszitok,/termek-kategoria/kiegeszitok/,0,301
/kiegeszitok/az-osszes-kiegeszito-224,/termek-kategoria/az-osszes-kiegeszito-224/,0,301
/kiegeszitok/bukosisakok-200,/termek-kategoria/bukosisakok-200/,0,301
/kiegeszitok/bukosisakok-200/funkcio-szerint-234,/termek-kategoria/funkcio-szerint-234/,0,301
/kiegeszitok/bukosisakok-200/funkcio-szerint-234/hagyomanyos-236,/termek-kategoria/hagyomanyos-236/,0,301
/kiegeszitok/bukosisakok-200/funkcio-szerint-234/led-lampaval-felszerelt-239,/termek-kategoria/led-lampaval-felszerelt-239/,0,301
/kiegeszitok/bukosisakok-200/meret-szerint-233,/termek-kategoria/meret-szerint-233/,0,301
/kiegeszitok/bukosisakok-200/meret-szerint-233/l-es-meret-202,/termek-kategoria/l-es-meret-202/,0,301
/kiegeszitok/bukosisakok-200/meret-szerint-233/m-es-meret-205,/termek-kategoria/m-es-meret-205/,0,301
/kiegeszitok/bukosisakok-200/meret-szerint-233/s-es-meret-208,/termek-kategoria/s-es-meret-208/,0,301
/kiegeszitok/csengo-duda-229,/termek-kategoria/csengo-duda-229/,0,301
/kiegeszitok/egyeb-kiegeszitok-232,/termek-kategoria/egyeb-kiegeszitok-232/,0,301
/kiegeszitok/kijelzovedu-211,/termek-kategoria/kijelzovedu-211/,0,301
/kiegeszitok/kitamaszto-223,/termek-kategoria/kitamaszto-223/,0,301
/kiegeszitok/kompresszor-pumpa-228,/termek-kategoria/kompresszor-pumpa-228/,0,301
/kiegeszitok/kormany-kiegeszitok-227,/termek-kategoria/kormany-kiegeszitok-227/,0,301
/kiegeszitok/markolatok-222,/termek-kategoria/markolatok-222/,0,301
/kiegeszitok/taskak-218,/termek-kategoria/taskak-218/,0,301
/kiegeszitok/telefontarto-209,/termek-kategoria/telefontarto-209/,0,301
/kiegeszitok/tolto-214,/termek-kategoria/tolto-214/,0,301
/kiegeszitok/visszapillanto-tukor-219,/termek-kategoria/visszapillanto-tukor-219/,0,301
/kiegeszitok/zar-lakat-210,/termek-kategoria/zar-lakat-210/,0,301
/elektromos-roller-alkatreszek,/termek-kategoria/elektromos-roller-alkatreszek/,0,301
/elektromos-roller-alkatreszek/elektromos-roller-akkumulatorok,/termek-kategoria/elektromos-roller-akkumulatorok/,0,301
/elektromos-roller-alkatreszek/elektromos-roller-akkumulatorok/gyari-kesz-akkumulatorok-257,/termek-kategoria/gyari-kesz-akkumulatorok-257/,0,301
/elektromos-roller-alkatreszek/fekrendszerhez-kapcsolodo-alkatreszek-309,/termek-kategoria/fekrendszerhez-kapcsolodo-alkatreszek-309/,0,301
/elektromos-roller-alkatreszek/fekrendszerhez-kapcsolodo-alkatreszek-309/fekbetet-fekpofa-elektromos-rollerhez-268,/termek-kategoria/fekbetet-fekpofa-elektromos-rollerhez-268/,0,301
/elektromos-roller-alkatreszek/fekrendszerhez-kapcsolodo-alkatreszek-309/fekkar-elekromos-rollerhez-286,/termek-kategoria/fekkar-elekromos-rollerhez-286/,0,301
/elektromos-roller-alkatreszek/fekrendszerhez-kapcsolodo-alkatreszek-309/feknyereg-elektromos-rollerhez-287,/termek-kategoria/feknyereg-elektromos-rollerhez-287/,0,301
/elektromos-roller-alkatreszek/fekrendszerhez-kapcsolodo-alkatreszek-309/fektarcsa-elektromos-rollerhez-281,/termek-kategoria/fektarcsa-elektromos-rollerhez-281/,0,301
/elektromos-roller-alkatreszek/fekrendszerhez-kapcsolodo-alkatreszek-309/hidraulikus-elektromos-rollerhez-289,/termek-kategoria/hidraulikus-elektromos-rollerhez-289/,0,301
/elektromos-roller-alkatreszek/fekrendszerhez-kapcsolodo-alkatreszek-309/fekbowden-elektromos-rollerhez-284,/termek-kategoria/fekbowden-elektromos-rollerhez-284/,0,301
/elektromos-roller-alkatreszek/kulso-es-belso-gumik-elektromos-rollerekhez,/termek-kategoria/kulso-es-belso-gumik-elektromos-rollerekhez/,0,301
/kulso-gumi-zsele-reteggel-defektallo-250x64-elektromos-rollerhez,/termek-kategoria/kulso-gumi-zsele-reteggel-defektallo-250x64-elektromos-rollerhez/,0,301
/elektromos-roller-alkatreszek/kulso-es-belso-gumik-elektromos-rollerekhez/belso-gumik-elektromos-rollerhez,/termek-kategoria/belso-gumik-elektromos-rollerhez/,0,301
/elektromos-roller-alkatreszek/kulso-es-belso-gumik-elektromos-rollerekhez/belso-gumik-elektromos-rollerhez/meret-szerint-242,/termek-kategoria/meret-szerint-242/,0,301
/elektromos-roller-alkatreszek/kulso-es-belso-gumik-elektromos-rollerekhez/belso-gumik-elektromos-rollerhez/meret-szerint-242/85-belso-gumi-elektromos-rollerhez-294,/termek-kategoria/85-belso-gumi-elektromos-rollerhez-294/,0,301
/elektromos-roller-alkatreszek/kulso-es-belso-gumik-elektromos-rollerekhez/belso-gumik-elektromos-rollerhez/meret-szerint-242/10-belso-gumi-elektromos-rollerhez-297,/termek-kategoria/10-belso-gumi-elektromos-rollerhez-297/,0,301
/elektromos-roller-alkatreszek/kulso-es-belso-gumik-elektromos-rollerekhez/belso-gumik-elektromos-rollerhez/meret-szerint-242/11-125-13-belso-gumi-elektromos-rollerhez-299,/termek-kategoria/11-125-13-belso-gumi-elektromos-rollerhez-299/,0,301
/elektromos-roller-alkatreszek/kulso-es-belso-gumik-elektromos-rollerekhez/belso-gumik-elektromos-rollerhez/szelep-szoge-szerint-243,/termek-kategoria/szelep-szoge-szerint-243/,0,301
/elektromos-roller-alkatreszek/kulso-es-belso-gumik-elektromos-rollerekhez/belso-gumik-elektromos-rollerhez/szelep-szoge-szerint-243/0-os-szeleppel-261,/termek-kategoria/0-os-szeleppel-261/,0,301
/elektromos-roller-alkatreszek/kulso-es-belso-gumik-elektromos-rollerekhez/belso-gumik-elektromos-rollerhez/szelep-szoge-szerint-243/45-os-szeleppel-262,/termek-kategoria/45-os-szeleppel-262/,0,301
/elektromos-roller-alkatreszek/kulso-es-belso-gumik-elektromos-rollerekhez/belso-gumik-elektromos-rollerhez/szelep-szoge-szerint-243/90-os-szeleppel-264,/termek-kategoria/90-os-szeleppel-264/,0,301
/elektromos-roller-alkatreszek/kulso-es-belso-gumik-elektromos-rollerekhez/belso-gumik-elektromos-rollerhez/szelep-szoge-szerint-243/egyenes-szeleppel-265,/termek-kategoria/egyenes-szeleppel-265/,0,301
/elektromos-roller-alkatreszek/kulso-es-belso-gumik-elektromos-rollerekhez/kulso-gumiabroncsok-elektromos-rollerhez,/termek-kategoria/kulso-gumiabroncsok-elektromos-rollerhez/,0,301
/elektromos-roller-alkatreszek/kulso-es-belso-gumik-elektromos-rollerekhez/kulso-gumiabroncsok-elektromos-rollerhez/fujhato-gumi-elektromos-rollerhez-252,/termek-kategoria/fujhato-gumi-elektromos-rollerhez-252/,0,301
/elektromos-roller-alkatreszek/kulso-es-belso-gumik-elektromos-rollerekhez/kulso-gumiabroncsok-elektromos-rollerhez/tomor-gumi-elektromos-rollerhez-254,/termek-kategoria/tomor-gumi-elektromos-rollerhez-254/,0,301
/elektromos-roller-alkatreszek/kulso-es-belso-gumik-elektromos-rollerekhez/kulso-gumiabroncsok-elektromos-rollerhez/defektallo-gumi-elektromos-rollerhez-255,/termek-kategoria/defektallo-gumi-elektromos-rollerhez-255/,0,301
/elektromos-roller-alkatreszek/kulso-es-belso-gumik-elektromos-rollerekhez/tomor-gumi-elektromos-rollerhez-245,/termek-kategoria/tomor-gumi-elektromos-rollerhez-245/,0,301
/elektromos-roller-alkatreszek/elektronikai-szett-312,/termek-kategoria/elektronikai-szett-312/,0,301
/elektromos-roller-alkatreszek/elektromos-roller-vezerlok-controllerek,/termek-kategoria/elektromos-roller-vezerlok-controllerek/,0,301
/elektromos-roller-alkatreszek/rugok-lengescsillapitok-313,/termek-kategoria/rugok-lengescsillapitok-313/,0,301
/elektromos-roller-alkatreszek/kijelzok-304,/termek-kategoria/kijelzok-304/,0,301
/elektromos-roller-alkatreszek/lampak-216,/termek-kategoria/lampak-216/,0,301
/elektromos-roller-alkatreszek/motor-314,/termek-kategoria/motor-314/,0,301
/elektromos-roller-alkatreszek/sarvedok-292,/termek-kategoria/sarvedok-292/,0,301
/elektromos-roller-alkatreszek/gazkar-315,/termek-kategoria/gazkar-315/,0,301
/elektromos-roller-alkatreszek/hero-elektromos-roller-alkatreszek,/termek-kategoria/hero-elektromos-roller-alkatreszek/,0,301
/elektromos-roller-alkatreszek/xiaomi-elektromos-roller-alkatreszek,/termek-kategoria/xiaomi-elektromos-roller-alkatreszek/,0,301
/elektromos-roller-alkatreszek/akai-elektromos-roller-alkatreszek,/termek-kategoria/akai-elektromos-roller-alkatreszek/,0,301
/elektromos-roller-alkatreszek/whoosh-elektromos-roller-alkatreszek,/termek-kategoria/whoosh-elektromos-roller-alkatreszek/,0,301
/elektromos-roller-alkatreszek/kukirin-kugoo-elektromos-roller-alkatreszek,/termek-kategoria/kukirin-kugoo-elektromos-roller-alkatreszek/,0,301
/elektromos-roller-alkatreszek/kukirin-kugoo-elektromos-roller-alkatreszek/kugoo-g-booster-elektromos-roller-alkatreszek,/termek-kategoria/kugoo-g-booster-elektromos-roller-alkatreszek/,0,301
/elektromos-roller-alkatreszek/kukirin-kugoo-elektromos-roller-alkatreszek/kugoo-g2-pro-elektromos-roller-alkatreszek,/termek-kategoria/kugoo-g2-pro-elektromos-roller-alkatreszek/,0,301
/elektromos-roller-alkatreszek/kukirin-kugoo-elektromos-roller-alkatreszek/kugoo-m4-m4-pro-elektromos-roller-alkatreszek,/termek-kategoria/kugoo-m4-m4-pro-elektromos-roller-alkatreszek/,0,301
/elektromos-roller-alkatreszek/segway-ninebot-roller-alkatreszek-317,/termek-kategoria/segway-ninebot-roller-alkatreszek-317/,0,301
/vizallosag-novelese,/termek-kategoria/vizallosag-novelese/,0,301
/aoxin-gumi-elektromos-rollerhez,/termek-kategoria/aoxin-gumi-elektromos-rollerhez/,0,301
/flj-m-30,/termek-kategoria/flj-m-30/,0,301
/gspace-m-53,/termek-kategoria/gspace-m-53/,0,301
/kaabo,/termek-kategoria/kaabo/,0,301
/microgo,/termek-kategoria/microgo/,0,301
/nanrobot-m-39,/termek-kategoria/nanrobot-m-39/,0,301
/xtech-m-56,/termek-kategoria/xtech-m-56/,0,301
/zoom-m-91,/termek-kategoria/zoom-m-91/,0,301
/maike-m-29,/termek-kategoria/maike-m-29/,0,301
/hidraulikus-fek-elektromos-rollerhez,/hidraulikus-fek-elektromos-rollerhez/,0,301
/vesc-a-whooshnal,/vesc-a-whooshnal/,0,301
/elektromos-roller-alkatreszek/elektromos-roller-akkumulatorok/arajanlat-kerese-akkumulatorhoz-258,/arajanlat-kerese-akkumulatorhoz-258/,0,301
/elektromos-roller-alkatreszek/elektromos-roller-akkumulatorok/tajekoztato-akkumulator-garanciahoz-291,/tajekoztato-akkumulator-garanciahoz-291/,0,301
/elektromos-roller-szerviz,/elektromos-roller-szerviz/,0,301
/elektromos-roller-szerviz/szervizpartner-kapuvar,/szervizpartner-kapuvar/,0,301
/elektromos-roller-berles,/elektromos-roller-berles/,0,301
/elektromos-roller-beszamitas-csereakcio,/elektromos-roller-beszamitas-csereakcio/,0,301
/otp-aruhitel-elektromos-roller-vasarlashoz,/otp-aruhitel-elektromos-roller-vasarlashoz/,0,301
/5-dolog-amit-mindenkepp-fontos-vegiggondolni-mielott-elektromos-rollert-veszel,/5-dolog-amit-mindenkepp-fontos-vegiggondolni-mielott-elektromos-rollert-veszel/,0,301
/akai-m-31,/akai-m-31/,0,301
/aprilia-m-118,/aprilia-m-118/,0,301
/bogist-m-45,/bogist-m-45/,0,301
/chaoyang-m-104,/chaoyang-m-104/,0,301
/whoosh-cst-elektromos-roller-gumi,/whoosh-cst-elektromos-roller-gumi/,0,301
/ducati-m-42,/ducati-m-42/,0,301
/egyeb-m-106,/egyeb-m-106/,0,301
/honey-whale-m-119,/honey-whale-m-119/,0,301
/hota-gumi-elektromos-rollerhez,/hota-gumi-elektromos-rollerhez/,0,301
/innova-gumi-elektromos-rollerhez,/innova-gumi-elektromos-rollerhez/,0,301
/joyor-m-116,/joyor-m-116/,0,301
/kugoo-m-25,/kugoo-m-25/,0,301
/megawheels-m-36,/megawheels-m-36/,0,301
/momodesign-m-54,/momodesign-m-54/,0,301
/ms-energy,/ms-energy/,0,301
/nami-whoosh,/nami-whoosh/,0,301
/nedong-gumi-elektromos-rollerhez,/nedong-gumi-elektromos-rollerhez/,0,301
/quickwheel-elektromos-rollerek,/quickwheel-elektromos-rollerek/,0,301
/risingsun-gumi-elektromos-rollerhez,/risingsun-gumi-elektromos-rollerhez/,0,301
/tuovt-elektromos-roller-gumik,/tuovt-elektromos-roller-gumik/,0,301
/ulip-elektromos-roller-alkatresz,/ulip-elektromos-roller-alkatresz/,0,301
/whoosh-m-27,/whoosh-m-27/,0,301
/xiaomi-m-28,/xiaomi-m-28/,0,301
/xuancheng-m-90,/xuancheng-m-90/,0,301
/yuanxing-gumi-elektromos-rollerhez,/yuanxing-gumi-elektromos-rollerhez/,0,301
/yume-elektromos-rollerek,/yume-elektromos-rollerek/,0,301
/hero-e-scooters,/hero-e-scooters/,0,301
/pmt-gumi-elektromos-rollerhez,/pmt-gumi-elektromos-rollerhez/,0,301
/segway-ninebot-m-34,/segway-ninebot-m-34/,0,301
/hibabejelentes,/hibabejelentes/,0,301
/index.php,/index.php/,0,301
/index.php,/index.php-849/,0,301
/kugoo-elektromos-roller,/kugoo-elektromos-roller/,0,301
/kereses,/kereses/,0,301
/otp-aruhitel,/otp-aruhitel/,0,301
/elektromos-roller-gyerekeknek-holgyeknek-e-roller,/elektromos-roller-gyerekeknek-holgyeknek-e-roller/,0,301
/adatvedelmi_nyilatkozat_3,/adatvedelmi_nyilatkozat_3/,0,301
/aszf-vasarlasi-feltetelek,/aszf-vasarlasi-feltetelek/,0,301
/szallitas-fizetes,/szallitas-fizetes/,0,301
/index.php,/index.php-857/,0,301
/index.php,/index.php-858/,0,301
/kapcsolat-whoosh-elektromos-roller,/kapcsolat-whoosh-elektromos-roller/,0,301
/kugoo,/kugoo/,0,301
/whoosh-xiaomi-mi-elektromos-rollerek,/whoosh-xiaomi-mi-elektromos-rollerek/,0,301
/hero-elektromos,/hero-elektromos/,0,301
/whoosh-elektromos-roller-whoosh,/whoosh-elektromos-roller-whoosh/,0,301
/elektromos-roller-csereakcio,/elektromos-roller-csereakcio/,0,301
/akkuepites,/akkuepites/,0,301
